coverage_ratio,grid_id,grid_area_km2,total_poi_within_500m,total_poi_within_1000m,poi_500m_percentile,poi_1000m_percentile,poi_locality_ratio,population_3x3_sum,built_surface_fraction_3x3,population_3x3_sum_percentile,built_surface_fraction_3x3_percentile,predicted_high_demand_probability,predicted_model_high_potential,predicted_priority_rank,predicted_top_20_percent_priority
0.25399896327624133,ISF_0001,0.06349974081906033,0,0,0.2062282229965157,0.10322299651567944,0.0,3979.8962652301416,0.05565755555555556,0.2698170731707317,0.3482142857142857,0.21612591864166575,0,1417,0
0.1959225595189346,ISF_0002,0.04898063987973365,0,0,0.2062282229965157,0.10322299651567944,0.0,3979.8962652301416,0.05565755555555556,0.2698170731707317,0.3482142857142857,0.21612591864166575,0,1418,0
0.28791326577600557,ISF_0003,0.07197831644400139,0,0,0.2062282229965157,0.10322299651567944,0.0,5168.811517577618,0.07369388888888889,0.311411149825784,0.4011324041811847,0.7499920277859696,1,303,1
0.41647704871075797,ISF_0004,0.10411926217768949,0,0,0.2062282229965157,0.10322299651567944,0.0,5168.811517577618,0.07369388888888889,0.311411149825784,0.4011324041811847,0.7499920277859696,1,304,1
0.5084963211691939,ISF_0005,0.12712408029229846,0,0,0.2062282229965157,0.10322299651567944,0.0,2310.4827440031804,0.024867555555555556,0.18641114982578397,0.1946864111498258,0.11926525956750296,0,1649,0
1.0,ISF_0006,0.25,0,1,0.2062282229965157,0.2452090592334495,0.0,3979.8962652301416,0.05565755555555556,0.2698170731707317,0.3482142857142857,0.32537733216587944,0,1186,0
1.0,ISF_0007,0.25,0,1,0.2062282229965157,0.2452090592334495,0.0,3979.8962652301416,0.05565755555555556,0.2698170731707317,0.3482142857142857,0.32537733216587944,0,1187,0
1.0,ISF_0008,0.25,0,1,0.2062282229965157,0.2452090592334495,0.0,5168.811517577618,0.07369388888888889,0.311411149825784,0.4011324041811847,0.8417031594617455,1,139,1
0.9940247141995653,ISF_0009,0.24850617854989132,0,0,0.2062282229965157,0.10322299651567944,0.0,5168.811517577618,0.07369388888888889,0.311411149825784,0.4011324041811847,0.7499920277859696,1,305,1
0.9288273051294187,ISF_0010,0.23220682628235467,0,3,0.2062282229965157,0.3477787456445993,0.0,4397.394509753212,0.043532777777777774,0.280705574912892,0.29115853658536583,0.8629086842242764,1,105,1
1.0,ISF_0011,0.25,1,2,0.4566637630662021,0.3079268292682927,0.6309297535714574,7702.247016203124,0.08541277777777778,0.36563588850174217,0.4414198606271777,0.519141785176463,1,787,0
1.0,ISF_0012,0.25,1,1,0.4566637630662021,0.2452090592334495,1.0,7702.247016203124,0.08541277777777778,0.36563588850174217,0.4414198606271777,0.8784839439079203,1,80,1
1.0,ISF_0013,0.25,0,1,0.2062282229965157,0.2452090592334495,0.0,7787.880368678365,0.0964441111111111,0.367595818815331,0.48214285714285715,0.36078391607325183,0,1116,0
1.0,ISF_0014,0.25,0,0,0.2062282229965157,0.10322299651567944,0.0,5168.811517577618,0.07369388888888889,0.311411149825784,0.4011324041811847,0.7499920277859696,1,306,1
0.29027048822212964,ISF_0015,0.07256762205553241,0,0,0.2062282229965157,0.10322299651567944,0.0,7168.874972905498,0.09950411111111111,0.35060975609756095,0.49564459930313587,0.45974945846686627,0,893,0
0.3868366954450937,ISF_0016,0.09670917386127342,0,0,0.2062282229965157,0.10322299651567944,0.0,4464.282671686262,0.04100522222222222,0.2854965156794425,0.2759146341463415,0.7274445389757861,1,361,1
0.6751047868231544,ISF_0017,0.1687761967057886,0,1,0.2062282229965157,0.2452090592334495,0.0,4464.282671686262,0.04100522222222222,0.2854965156794425,0.2759146341463415,0.8235976781878313,1,181,1
0.9537049400025329,ISF_0018,0.23842623500063323,1,2,0.4566637630662021,0.3079268292682927,0.6309297535714574,7623.394559906796,0.06977233333333334,0.36389372822299654,0.38828397212543553,0.6373670954541427,1,559,0
1.0,ISF_0019,0.25,2,4,0.5313588850174216,0.37630662020905925,0.6826061944859854,4397.394509753212,0.043532777777777774,0.280705574912892,0.29115853658536583,0.8103925916193977,1,207,1
1.0,ISF_0020,0.25,2,4,0.5313588850174216,0.37630662020905925,0.6826061944859854,7702.247016203124,0.08541277777777778,0.36563588850174217,0.4414198606271777,0.5219698308668143,1,780,0
1.0,ISF_0021,0.25,1,2,0.4566637630662021,0.3079268292682927,0.6309297535714574,7702.247016203124,0.08541277777777778,0.36563588850174217,0.4414198606271777,0.519141785176463,1,788,0
1.0,ISF_0022,0.25,0,1,0.2062282229965157,0.2452090592334495,0.0,7787.880368678365,0.0964441111111111,0.367595818815331,0.48214285714285715,0.36078391607325183,0,1117,0
1.0,ISF_0023,0.25,0,0,0.2062282229965157,0.10322299651567944,0.0,7787.880368678365,0.0964441111111111,0.367595818815331,0.48214285714285715,0.2935732140531086,0,1260,0
0.5186092926906422,ISF_0024,0.12965232317266054,0,1,0.2062282229965157,0.2452090592334495,0.0,13261.047671249136,0.16519311111111112,0.49346689895470386,0.6576655052264808,0.4089015146007102,0,985,0
0.22880964986304753,ISF_0025,0.05720241246576188,2,4,0.5313588850174216,0.37630662020905925,0.6826061944859854,10964.156503549777,0.12943222222222223,0.4355400696864111,0.5910278745644599,0.3977139937490958,0,1016,0
0.45067637993232346,ISF_0026,0.11266909498308086,2,8,0.5313588850174216,0.4649390243902439,0.5,14966.923007978592,0.16308866666666666,0.5431184668989547,0.6546167247386759,0.3765137833719912,0,1071,0
0.6725431100015994,ISF_0027,0.16813577750039985,1,3,0.4566637630662021,0.3477787456445993,0.5,14966.923007978592,0.16308866666666666,0.5431184668989547,0.6546167247386759,0.49852906553831994,0,838,0
0.8943455000033057,ISF_0028,0.22358637500082643,0,2,0.2062282229965157,0.3079268292682927,0.0,16532.210362026934,0.19013788888888888,0.5655487804878049,0.6992595818815331,0.5576946623594959,1,708,0
0.49839094709791243,ISF_0029,0.12459773677447811,0,0,0.2062282229965157,0.10322299651567944,0.0,16532.210362026934,0.19013788888888888,0.5655487804878049,0.6992595818815331,0.5611195278975127,1,700,0
0.5113217096805941,ISF_0030,0.12783042742014852,0,0,0.2062282229965157,0.10322299651567944,0.0,6413.782878812868,0.05515233333333333,0.3320993031358885,0.34647212543554007,0.6590014013812193,1,510,0
1.0,ISF_0031,0.25,0,0,0.2062282229965157,0.10322299651567944,0.0,4464.282671686262,0.04100522222222222,0.2854965156794425,0.2759146341463415,0.7274445389757861,1,362,1
1.0,ISF_0032,0.25,0,1,0.2062282229965157,0.2452090592334495,0.0,4464.282671686262,0.04100522222222222,0.2854965156794425,0.2759146341463415,0.8235976781878313,1,182,1
1.0,ISF_0033,0.25,1,3,0.4566637630662021,0.3477787456445993,0.5,7623.394559906796,0.06977233333333334,0.36389372822299654,0.38828397212543553,0.8869912951606013,1,62,1
1.0,ISF_0034,0.25,3,3,0.5792682926829268,0.3477787456445993,1.0,7623.394559906796,0.06977233333333334,0.36389372822299654,0.38828397212543553,0.8466541060526374,1,136,1
1.0,ISF_0035,0.25,2,4,0.5313588850174216,0.37630662020905925,0.6826061944859854,10082.815939223394,0.09650177777777778,0.4192073170731707,0.48410278745644597,0.35179254869727755,0,1135,0
1.0,ISF_0036,0.25,0,5,0.2062282229965157,0.40331010452961674,0.0,10082.815939223394,0.09650177777777778,0.4192073170731707,0.48410278745644597,0.45769965564237425,0,894,0
1.0,ISF_0037,0.25,0,3,0.2062282229965157,0.3477787456445993,0.0,7787.880368678365,0.0964441111111111,0.367595818815331,0.48214285714285715,0.37120384608913215,0,1085,0
1.0,ISF_0038,0.25,0,6,0.2062282229965157,0.429006968641115,0.0,7787.880368678365,0.0964441111111111,0.367595818815331,0.48214285714285715,0.406413356145993,0,998,0
0.8835608080364262,ISF_0039,0.22089020200910656,0,23,0.2062282229965157,0.6071428571428571,0.0,13261.047671249136,0.16519311111111112,0.49346689895470386,0.6576655052264808,0.15666939293198126,0,1571,0
0.7850761897244957,ISF_0040,0.19626904743112392,10,25,0.7158101045296167,0.6232578397212544,0.7359804244028082,13261.047671249136,0.16519311111111112,0.49346689895470386,0.6576655052264808,0.6287116680872089,1,587,0
0.975629485551947,ISF_0041,0.24390737138798674,4,24,0.6117160278745645,0.6162891986062717,0.5,19017.148690919857,0.22512066666666666,0.5956010452961672,0.748911149825784,0.2726805425596357,0,1294,0
1.0,ISF_0042,0.25,2,21,0.5313588850174216,0.5942944250871081,0.35541805240316376,19017.148690919857,0.22512066666666666,0.5956010452961672,0.748911149825784,0.8373971379772513,1,146,1
1.0,ISF_0043,0.25,3,11,0.5792682926829268,0.5145905923344948,0.5578858913022596,23595.51244511595,0.2656511111111111,0.6308797909407665,0.8016114982578397,0.30642652800265835,0,1235,0
1.0,ISF_0044,0.25,1,10,0.4566637630662021,0.49869337979094075,0.2890648263178878,14966.923007978592,0.16308866666666666,0.5431184668989547,0.6546167247386759,0.6553352529501995,1,528,0
1.0,ISF_0045,0.25,0,3,0.2062282229965157,0.3477787456445993,0.0,16532.210362026934,0.19013788888888888,0.5655487804878049,0.6992595818815331,0.5708761470179105,1,687,0
0.4124030139448589,ISF_0046,0.10310075348621472,0,2,0.2062282229965157,0.3079268292682927,0.0,16532.210362026934,0.19013788888888888,0.5655487804878049,0.6992595818815331,0.5576946623594959,1,709,0
0.25563775108378184,ISF_0047,0.06390943777094546,0,7,0.2062282229965157,0.4479529616724739,0.0,6413.782878812868,0.05515233333333333,0.3320993031358885,0.34647212543554007,0.8727332478340805,1,91,1
0.9914696298826143,ISF_0048,0.24786740747065358,0,0,0.2062282229965157,0.10322299651567944,0.0,6413.782878812868,0.05515233333333333,0.3320993031358885,0.34647212543554007,0.6590014013812193,1,511,0
1.0,ISF_0049,0.25,0,0,0.2062282229965157,0.10322299651567944,0.0,7297.096137775108,0.06447355555555556,0.35256968641114983,0.3712979094076655,0.6110107445872937,1,618,0
1.0,ISF_0050,0.25,0,3,0.2062282229965157,0.3477787456445993,0.0,7297.096137775108,0.06447355555555556,0.35256968641114983,0.3712979094076655,0.7780920406656671,1,257,1
1.0,ISF_0051,0.25,0,5,0.2062282229965157,0.40331010452961674,0.0,7091.716107049957,0.0672848888888889,0.34864982578397213,0.37739547038327526,0.838827326048485,1,143,1
1.0,ISF_0052,0.25,1,5,0.4566637630662021,0.40331010452961674,0.3868528072345416,7623.394559906796,0.06977233333333334,0.36389372822299654,0.38828397212543553,0.931552787764968,1,14,1
1.0,ISF_0053,0.25,1,5,0.4566637630662021,0.40331010452961674,0.3868528072345416,10082.815939223394,0.09650177777777778,0.4192073170731707,0.48410278745644597,0.7768660145870534,1,262,1
1.0,ISF_0054,0.25,1,4,0.4566637630662021,0.37630662020905925,0.43067655807339306,10082.815939223394,0.09650177777777778,0.4192073170731707,0.48410278745644597,0.7416613913386997,1,329,1
1.0,ISF_0055,0.25,2,3,0.5313588850174216,0.3477787456445993,0.7924812503605781,8737.147299453616,0.102943,0.38523519163763065,0.5119773519163763,0.30753014732136225,0,1234,0
1.0,ISF_0056,0.25,2,13,0.5313588850174216,0.5376742160278746,0.4162896638657993,8737.147299453616,0.102943,0.38523519163763065,0.5119773519163763,0.661328898643294,1,507,0
1.0,ISF_0057,0.25,11,28,0.7264808362369338,0.6374128919860628,0.737953175262888,13321.216229928657,0.16296566666666668,0.4952090592334495,0.6528745644599303,0.6039009208051949,1,630,0
1.0,ISF_0058,0.25,22,31,0.8125,0.648301393728223,0.9047123912114026,13321.216229928657,0.16296566666666668,0.4952090592334495,0.6528745644599303,0.33714837585543683,0,1166,0
1.0,ISF_0059,0.25,10,31,0.7158101045296167,0.648301393728223,0.6918863237274595,19017.148690919857,0.22512066666666666,0.5956010452961672,0.748911149825784,0.740484894123878,1,331,1
1.0,ISF_0060,0.25,3,23,0.5792682926829268,0.6071428571428571,0.4362085839710631,19017.148690919857,0.22512066666666666,0.5956010452961672,0.748911149825784,0.28553270762470223,0,1276,0
1.0,ISF_0061,0.25,6,13,0.6596254355400697,0.5376742160278746,0.7373504649628064,23595.51244511595,0.2656511111111111,0.6308797909407665,0.8016114982578397,0.3525830009218984,0,1132,0
1.0,ISF_0062,0.25,6,9,0.6596254355400697,0.4817073170731707,0.8450980400142567,23595.51244511595,0.2656511111111111,0.6308797909407665,0.8016114982578397,0.3126427461906814,0,1214,0
1.0,ISF_0063,0.25,1,6,0.4566637630662021,0.429006968641115,0.3562071871080222,19914.221240250394,0.22902133333333333,0.6047473867595818,0.7550087108013938,0.6863776557250849,1,456,1
0.6649248849650073,ISF_0064,0.16623122124125184,0,1,0.2062282229965157,0.2452090592334495,0.0,19914.221240250394,0.22902133333333333,0.6047473867595818,0.7550087108013938,0.7110768311245274,1,408,1
0.2892284125167988,ISF_0065,0.0723071031291997,3,9,0.5792682926829268,0.4817073170731707,0.6020599913279623,13740.974795286544,0.10368366666666666,0.5100174216027874,0.5156794425087108,0.10003159353200722,0,1700,0
0.9026458089137568,ISF_0066,0.2256614522284392,3,9,0.5792682926829268,0.4817073170731707,0.6020599913279623,13740.974795286544,0.10368366666666666,0.5100174216027874,0.5156794425087108,0.10003159353200722,0,1701,0
1.0,ISF_0067,0.25,0,13,0.2062282229965157,0.5376742160278746,0.0,6413.782878812868,0.05515233333333333,0.3320993031358885,0.34647212543554007,0.9207058547696736,1,23,1
1.0,ISF_0068,0.25,0,7,0.2062282229965157,0.4479529616724739,0.0,7297.096137775108,0.06447355555555556,0.35256968641114983,0.3712979094076655,0.8291570371643501,1,161,1
1.0,ISF_0069,0.25,1,7,0.4566637630662021,0.4479529616724739,0.33333333333333337,7297.096137775108,0.06447355555555556,0.35256968641114983,0.3712979094076655,0.891476520345437,1,57,1
1.0,ISF_0070,0.25,2,4,0.5313588850174216,0.37630662020905925,0.6826061944859854,7091.716107049957,0.0672848888888889,0.34864982578397213,0.37739547038327526,0.6511950431678686,1,532,0
1.0,ISF_0071,0.25,1,4,0.4566637630662021,0.37630662020905925,0.43067655807339306,7091.716107049957,0.0672848888888889,0.34864982578397213,0.37739547038327526,0.908052719746214,1,27,1
1.0,ISF_0072,0.25,1,4,0.4566637630662021,0.37630662020905925,0.43067655807339306,11349.883140454069,0.09505,0.4414198606271777,0.47844076655052264,0.7181527661181271,1,392,1
1.0,ISF_0073,0.25,2,3,0.5313588850174216,0.3477787456445993,0.7924812503605781,11349.883140454069,0.09505,0.4414198606271777,0.47844076655052264,0.35168572147665944,0,1136,0
1.0,ISF_0074,0.25,1,4,0.4566637630662021,0.37630662020905925,0.43067655807339306,8737.147299453616,0.102943,0.38523519163763065,0.5119773519163763,0.6683193443037825,1,484,0
1.0,ISF_0075,0.25,1,12,0.4566637630662021,0.525479094076655,0.27023815442731974,8737.147299453616,0.102943,0.38523519163763065,0.5119773519163763,0.7269144358742127,1,369,1
1.0,ISF_0076,0.25,5,28,0.6380662020905923,0.6374128919860628,0.5321063428024535,13321.216229928657,0.16296566666666668,0.4952090592334495,0.6528745644599303,0.16820594273403433,0,1540,0
1.0,ISF_0077,0.25,14,28,0.7545731707317073,0.6374128919860628,0.8042210538754737,13321.216229928657,0.16296566666666668,0.4952090592334495,0.6528745644599303,0.2188433756065,0,1414,0
1.0,ISF_0078,0.25,4,31,0.6117160278745645,0.648301393728223,0.46438561897747244,18398.2766363509,0.22057966666666667,0.586890243902439,0.7384581881533101,0.21592675910104503,0,1429,0
1.0,ISF_0079,0.25,3,17,0.5792682926829268,0.5701219512195121,0.4796249331362629,18398.2766363509,0.22057966666666667,0.586890243902439,0.7384581881533101,0.6029900473660537,1,633,0
1.0,ISF_0080,0.25,8,11,0.688588850174216,0.5145905923344948,0.8842282173954806,21690.230914747342,0.23716233333333334,0.6147648083623694,0.7637195121951219,0.8276267481000193,1,170,1
1.0,ISF_0081,0.25,1,10,0.4566637630662021,0.49869337979094075,0.2890648263178878,23595.51244511595,0.2656511111111111,0.6308797909407665,0.8016114982578397,0.5740650335430174,1,686,0
1.0,ISF_0082,0.25,1,3,0.4566637630662021,0.3477787456445993,0.5,19914.221240250394,0.22902133333333333,0.6047473867595818,0.7550087108013938,0.6163376248777025,1,616,0
0.9986504069683184,ISF_0083,0.2496626017420796,0,2,0.2062282229965157,0.3079268292682927,0.0,19914.221240250394,0.22902133333333333,0.6047473867595818,0.7550087108013938,0.7005617560828867,1,430,1
0.25876895714379117,ISF_0084,0.06469223928594779,1,1,0.4566637630662021,0.2452090592334495,1.0,11992.60815001838,0.14200655555555555,0.4538327526132404,0.6088850174216028,0.8979560307517408,1,46,1
0.34348020674207574,ISF_0085,0.08587005168551894,0,0,0.2062282229965157,0.10322299651567944,0.0,12420.534591836855,0.10905644444444444,0.4642857142857143,0.5304878048780488,0.4017762738139271,0,1007,0
0.5376410158210702,ISF_0086,0.13441025395526754,0,0,0.2062282229965157,0.10322299651567944,0.0,12420.534591836855,0.10905644444444444,0.4642857142857143,0.5304878048780488,0.4017762738139271,0,1008,0
0.5756217955740437,ISF_0087,0.14390544889351092,0,8,0.2062282229965157,0.4649390243902439,0.0,12420.534591836855,0.10905644444444444,0.4642857142857143,0.5304878048780488,0.37207725155323185,0,1078,0
0.12143964411273132,ISF_0088,0.03035991102818283,11,25,0.7264808362369338,0.6232578397212544,0.7626866241652218,19196.473133671097,0.1518031111111111,0.5988675958188153,0.6210801393728222,0.7335540739023384,1,350,1
0.6011818646524664,ISF_0089,0.1502954661631166,0,8,0.2062282229965157,0.4649390243902439,0.0,13740.974795286544,0.10368366666666666,0.5100174216027874,0.5156794425087108,0.3563243353997094,0,1124,0
1.0,ISF_0090,0.25,5,9,0.6380662020905923,0.4817073170731707,0.7781512503836435,13740.974795286544,0.10368366666666666,0.5100174216027874,0.5156794425087108,0.1304266159629958,0,1624,0
1.0,ISF_0091,0.25,7,24,0.6757404181184669,0.6162891986062717,0.6460148371100896,13740.974795286544,0.10368366666666666,0.5100174216027874,0.5156794425087108,0.1748700429897436,0,1522,0
1.0,ISF_0092,0.25,4,26,0.6117160278745645,0.6287020905923345,0.4883245069059757,13219.467520611826,0.099041,0.4923780487804878,0.4932491289198606,0.2159608201213688,0,1428,0
1.0,ISF_0093,0.25,6,12,0.6596254355400697,0.525479094076655,0.7586544129592989,7501.124594671652,0.06073311111111111,0.36128048780487804,0.36215156794425085,0.699104406542204,1,437,1
1.0,ISF_0094,0.25,2,9,0.5313588850174216,0.4817073170731707,0.47712125471966244,7501.124594671652,0.06073311111111111,0.36128048780487804,0.36215156794425085,0.8285182890186309,1,162,1
1.0,ISF_0095,0.25,1,5,0.4566637630662021,0.40331010452961674,0.3868528072345416,4896.6042061615735,0.04530833333333333,0.30139372822299654,0.30357142857142855,0.9571624333434771,1,2,1
1.0,ISF_0096,0.25,0,3,0.2062282229965157,0.3477787456445993,0.0,7091.716107049957,0.0672848888888889,0.34864982578397213,0.37739547038327526,0.7844825931500178,1,247,1
1.0,ISF_0097,0.25,1,2,0.4566637630662021,0.3079268292682927,0.6309297535714574,11349.883140454069,0.09505,0.4414198606271777,0.47844076655052264,0.34186503541272056,0,1157,0
1.0,ISF_0098,0.25,1,2,0.4566637630662021,0.3079268292682927,0.6309297535714574,11349.883140454069,0.09505,0.4414198606271777,0.47844076655052264,0.34186503541272056,0,1158,0
1.0,ISF_0099,0.25,0,2,0.2062282229965157,0.3079268292682927,0.0,10677.061101410538,0.10646677777777777,0.4344512195121951,0.5206881533101045,0.40036874997379984,0,1011,0
1.0,ISF_0100,0.25,0,6,0.2062282229965157,0.429006968641115,0.0,10677.061101410538,0.10646677777777777,0.4344512195121951,0.5206881533101045,0.40628229624700557,0,999,0
1.0,ISF_0101,0.25,4,14,0.6117160278745645,0.5485627177700348,0.5943161289177871,13190.537623325363,0.13606022222222222,0.49107142857142855,0.6025696864111498,0.42888744317843613,0,947,0
1.0,ISF_0102,0.25,5,20,0.6380662020905923,0.5881968641114983,0.5885190554114832,13321.216229928657,0.16296566666666668,0.4952090592334495,0.6528745644599303,0.4678996304708374,0,877,0
1.0,ISF_0103,0.25,1,16,0.4566637630662021,0.5620644599303136,0.244650542118226,18398.2766363509,0.22057966666666667,0.586890243902439,0.7384581881533101,0.7691224582791505,1,272,1
1.0,ISF_0104,0.25,0,6,0.2062282229965157,0.429006968641115,0.0,18398.2766363509,0.22057966666666667,0.586890243902439,0.7384581881533101,0.5582159597682278,1,706,0
1.0,ISF_0105,0.25,0,8,0.2062282229965157,0.4649390243902439,0.0,21690.230914747342,0.23716233333333334,0.6147648083623694,0.7637195121951219,0.6500413862566079,1,534,0
1.0,ISF_0106,0.25,0,5,0.2062282229965157,0.40331010452961674,0.0,21690.230914747342,0.23716233333333334,0.6147648083623694,0.7637195121951219,0.6379879130509579,1,558,0
1.0,ISF_0107,0.25,0,1,0.2062282229965157,0.2452090592334495,0.0,14769.251804463565,0.15999655555555556,0.5376742160278746,0.6474303135888502,0.5701483694781564,1,690,0
1.0,ISF_0108,0.25,0,1,0.2062282229965157,0.2452090592334495,0.0,14769.251804463565,0.15999655555555556,0.5376742160278746,0.6474303135888502,0.5701483694781564,1,691,0
0.8335243985497431,ISF_0109,0.20838109963743578,1,1,0.4566637630662021,0.2452090592334495,1.0,7386.311639903113,0.078243,0.35757839721254353,0.4176829268292683,0.8750687995520411,1,90,1
0.7191549925470074,ISF_0110,0.17978874813675186,0,0,0.2062282229965157,0.10322299651567944,0.0,28288.625145251397,0.18876477777777778,0.6607142857142857,0.6977351916376306,0.4743215458670308,0,872,0
0.9659122205979725,ISF_0111,0.24147805514949314,0,2,0.2062282229965157,0.3079268292682927,0.0,28288.625145251397,0.18876477777777778,0.6607142857142857,0.6977351916376306,0.2930858568420492,0,1265,0
1.0,ISF_0112,0.25,0,4,0.2062282229965157,0.37630662020905925,0.0,13570.45489603607,0.10344333333333333,0.5019599303135889,0.5137195121951219,0.34435802226314083,0,1154,0
1.0,ISF_0113,0.25,0,14,0.2062282229965157,0.5485627177700348,0.0,13570.45489603607,0.10344333333333333,0.5019599303135889,0.5137195121951219,0.48976569849726803,0,848,0
0.9555100700060306,ISF_0114,0.23887751750150765,9,21,0.7025261324041812,0.5942944250871081,0.744921859773347,14352.202809847891,0.12589177777777777,0.5309233449477352,0.5823170731707317,0.44430789884695443,0,922,0
0.988224771087628,ISF_0115,0.247056192771907,15,31,0.7652439024390244,0.648301393728223,0.7999999999999999,19196.473133671097,0.1518031111111111,0.5988675958188153,0.6210801393728222,0.19600882723729626,0,1461,0
0.29209373427040813,ISF_0116,0.07302343356760203,13,37,0.7441202090592335,0.6772648083623694,0.7254968580081042,19196.473133671097,0.1518031111111111,0.5988675958188153,0.6210801393728222,0.21529565568632006,0,1434,0
0.3575158036812762,ISF_0117,0.08937895092031906,1,8,0.4566637630662021,0.4649390243902439,0.3154648767857287,25214.402154496405,0.16859133333333334,0.6422038327526133,0.663109756097561,0.25815672107537974,0,1340,0
1.0,ISF_0118,0.25,2,23,0.5313588850174216,0.6071428571428571,0.34568712404340535,25214.402154496405,0.16859133333333334,0.6422038327526133,0.663109756097561,0.13293825537889814,0,1616,0
1.0,ISF_0119,0.25,16,27,0.7741724738675958,0.633493031358885,0.8502519384403716,25214.402154496405,0.16859133333333334,0.6422038327526133,0.663109756097561,0.06336319122907023,0,1989,0
1.0,ISF_0120,0.25,14,29,0.7545731707317073,0.6402439024390244,0.7962049529094938,13219.467520611826,0.099041,0.4923780487804878,0.4932491289198606,0.07417742414291349,0,1953,0
1.0,ISF_0121,0.25,5,19,0.6380662020905923,0.5814459930313589,0.5981040045018439,7501.124594671652,0.06073311111111111,0.36128048780487804,0.36215156794425085,0.8312962671297542,1,159,1
1.0,ISF_0122,0.25,1,8,0.4566637630662021,0.4649390243902439,0.3154648767857287,7501.124594671652,0.06073311111111111,0.36128048780487804,0.36215156794425085,0.9045044089190323,1,38,1
1.0,ISF_0123,0.25,0,4,0.2062282229965157,0.37630662020905925,0.0,4896.6042061615735,0.04530833333333333,0.30139372822299654,0.30357142857142855,0.9072622745571778,1,30,1
1.0,ISF_0124,0.25,0,0,0.2062282229965157,0.10322299651567944,0.0,4896.6042061615735,0.04530833333333333,0.30139372822299654,0.30357142857142855,0.7274445389757861,1,363,1
1.0,ISF_0125,0.25,0,1,0.2062282229965157,0.2452090592334495,0.0,6950.839784001932,0.05264288888888889,0.3434233449477352,0.34081010452961674,0.7452634768544614,1,317,1
1.0,ISF_0126,0.25,0,1,0.2062282229965157,0.2452090592334495,0.0,6950.839784001932,0.05264288888888889,0.3434233449477352,0.34081010452961674,0.7452634768544614,1,318,1
1.0,ISF_0127,0.25,0,0,0.2062282229965157,0.10322299651567944,0.0,10677.061101410538,0.10646677777777777,0.4344512195121951,0.5206881533101045,0.3408715561243059,0,1160,0
1.0,ISF_0128,0.25,0,9,0.2062282229965157,0.4817073170731707,0.0,10677.061101410538,0.10646677777777777,0.4344512195121951,0.5206881533101045,0.40628229624700557,0,1000,0
1.0,ISF_0129,0.25,1,11,0.4566637630662021,0.5145905923344948,0.2789429456511298,13190.537623325363,0.13606022222222222,0.49107142857142855,0.6025696864111498,0.6997349013988748,1,434,1
1.0,ISF_0130,0.25,1,12,0.4566637630662021,0.525479094076655,0.27023815442731974,13190.537623325363,0.13606022222222222,0.49107142857142855,0.6025696864111498,0.6997349013988748,1,435,1
1.0,ISF_0131,0.25,0,4,0.2062282229965157,0.37630662020905925,0.0,11435.07021275349,0.1389527777777778,0.4453397212543554,0.6060540069686411,0.49058465351339325,0,847,0
1.0,ISF_0132,0.25,0,1,0.2062282229965157,0.2452090592334495,0.0,11435.07021275349,0.1389527777777778,0.4453397212543554,0.6060540069686411,0.5052053459369525,1,819,0
1.0,ISF_0133,0.25,0,0,0.2062282229965157,0.10322299651567944,0.0,9475.149254022166,0.11707644444444444,0.4026567944250871,0.560322299651568,0.4897490006996383,0,851,0
1.0,ISF_0134,0.25,0,0,0.2062282229965157,0.10322299651567944,0.0,21690.230914747342,0.23716233333333334,0.6147648083623694,0.7637195121951219,0.7186083221812744,1,390,1
1.0,ISF_0135,0.25,0,0,0.2062282229965157,0.10322299651567944,0.0,14769.251804463565,0.15999655555555556,0.5376742160278746,0.6474303135888502,0.5611195278975127,1,701,0
1.0,ISF_0136,0.25,0,1,0.2062282229965157,0.2452090592334495,0.0,14769.251804463565,0.15999655555555556,0.5376742160278746,0.6474303135888502,0.5701483694781564,1,692,0
1.0,ISF_0137,0.25,0,1,0.2062282229965157,0.2452090592334495,0.0,7386.311639903113,0.078243,0.35757839721254353,0.4176829268292683,0.8134708927485049,1,200,1
0.4473957320493646,ISF_0138,0.11184893301234115,0,1,0.2062282229965157,0.2452090592334495,0.0,7386.311639903113,0.078243,0.35757839721254353,0.4176829268292683,0.8134708927485049,1,201,1
0.2606657149449874,ISF_0139,0.06516642873624685,4,11,0.6117160278745645,0.5145905923344948,0.647685462377997,13676.210090953857,0.11718922222222222,0.5071864111498258,0.5616289198606271,0.223324648316801,0,1403,0
0.31669807422825147,ISF_0140,0.07917451855706287,6,10,0.6596254355400697,0.49869337979094075,0.8115075629572489,13676.210090953857,0.11718922222222222,0.5071864111498258,0.5616289198606271,0.456945680086956,0,895,0
0.20762411469290687,ISF_0141,0.05190602867322672,1,10,0.4566637630662021,0.49869337979094075,0.2890648263178878,27546.350424288306,0.15883555555555556,0.6539634146341463,0.6413327526132404,0.22751434360879738,0,1388,0
0.8849240555766708,ISF_0142,0.2212310138941677,0,7,0.2062282229965157,0.4479529616724739,0.0,27546.350424288306,0.15883555555555556,0.6539634146341463,0.6413327526132404,0.19019517614789186,0,1485,0
1.0,ISF_0143,0.25,0,4,0.2062282229965157,0.37630662020905925,0.0,28288.625145251397,0.18876477777777778,0.6607142857142857,0.6977351916376306,0.2700649475492898,0,1295,0
1.0,ISF_0144,0.25,4,4,0.6117160278745645,0.37630662020905925,1.0,13570.45489603607,0.10344333333333333,0.5019599303135889,0.5137195121951219,0.6339760096051243,1,570,0
1.0,ISF_0145,0.25,1,7,0.4566637630662021,0.4479529616724739,0.33333333333333337,13570.45489603607,0.10344333333333333,0.5019599303135889,0.5137195121951219,0.5883137770042025,1,671,0
1.0,ISF_0146,0.25,3,27,0.5792682926829268,0.633493031358885,0.4160291953530189,12769.413546818774,0.10431066666666666,0.47756968641114983,0.5172038327526133,0.26032174174161743,0,1338,0
1.0,ISF_0147,0.25,14,37,0.7545731707317073,0.6772648083623694,0.7444635211900812,11038.678477840498,0.09516866666666667,0.4366289198606272,0.4801829268292683,0.05335902868866484,0,2093,0
1.0,ISF_0148,0.25,20,42,0.802918118466899,0.6990418118466899,0.8094550526626301,11038.678477840498,0.09516866666666667,0.4366289198606272,0.4801829268292683,0.24273642331116513,0,1362,0
0.8927161855419853,ISF_0149,0.22317904638549632,14,39,0.7545731707317073,0.6877177700348432,0.7341118718536928,14177.626425040886,0.11110888888888888,0.525479094076655,0.5424651567944251,0.11919569463346011,0,1655,0
0.3025291080632271,ISF_0150,0.07563227701580677,4,30,0.6117160278745645,0.6428571428571429,0.4686790650623293,14177.626425040886,0.11110888888888888,0.525479094076655,0.5424651567944251,0.1970139478550948,0,1457,0
0.6222354278726817,ISF_0151,0.15555885696817043,0,18,0.2062282229965157,0.5760017421602788,0.0,25214.402154496405,0.16859133333333334,0.6422038327526133,0.663109756097561,0.41965268120856725,0,958,0
1.0,ISF_0152,0.25,3,32,0.5792682926829268,0.6539634146341463,0.39647972634112105,25214.402154496405,0.16859133333333334,0.6422038327526133,0.663109756097561,0.05050031219586127,0,2119,0
1.0,ISF_0153,0.25,14,38,0.7545731707317073,0.6818379790940766,0.7391851052822103,25214.402154496405,0.16859133333333334,0.6422038327526133,0.663109756097561,0.01865967820115516,0,2277,0
1.0,ISF_0154,0.25,13,31,0.7441202090592335,0.648301393728223,0.7614709844115207,24487.70124986628,0.18082166666666666,0.6378484320557491,0.6870644599303136,0.06207926788464201,0,1993,0
1.0,ISF_0155,0.25,1,19,0.4566637630662021,0.5814459930313589,0.23137821315975918,11572.887024372816,0.10293722222222222,0.45143728222996515,0.5102351916376306,0.8188281628232071,1,194,1
1.0,ISF_0156,0.25,1,3,0.4566637630662021,0.3477787456445993,0.5,11572.887024372816,0.10293722222222222,0.45143728222996515,0.5102351916376306,0.6801824865885935,1,463,0
1.0,ISF_0157,0.25,0,1,0.2062282229965157,0.2452090592334495,0.0,4896.6042061615735,0.04530833333333333,0.30139372822299654,0.30357142857142855,0.8235976781878313,1,183,1
1.0,ISF_0158,0.25,0,0,0.2062282229965157,0.10322299651567944,0.0,4896.6042061615735,0.04530833333333333,0.30139372822299654,0.30357142857142855,0.7274445389757861,1,364,1
1.0,ISF_0159,0.25,0,0,0.2062282229965157,0.10322299651567944,0.0,6950.839784001932,0.05264288888888889,0.3434233449477352,0.34081010452961674,0.6258113388512524,1,594,0
1.0,ISF_0160,0.25,0,0,0.2062282229965157,0.10322299651567944,0.0,6950.839784001932,0.05264288888888889,0.3434233449477352,0.34081010452961674,0.6258113388512524,1,595,0
1.0,ISF_0161,0.25,0,2,0.2062282229965157,0.3079268292682927,0.0,6190.6518878005445,0.05626811111111111,0.3238240418118467,0.3499564459930314,0.7823919593531489,1,248,1
1.0,ISF_0162,0.25,2,7,0.5313588850174216,0.4479529616724739,0.5283208335737188,6190.6518878005445,0.05626811111111111,0.3238240418118467,0.3499564459930314,0.8917290698587682,1,55,1
1.0,ISF_0163,0.25,7,7,0.6757404181184669,0.4479529616724739,1.0,5345.266756689176,0.046338333333333336,0.3159843205574913,0.3077090592334495,0.7277797231171544,1,360,1
1.0,ISF_0164,0.25,4,7,0.6117160278745645,0.4479529616724739,0.7739760316291208,13190.537623325363,0.13606022222222222,0.49107142857142855,0.6025696864111498,0.22850084057141462,0,1385,0
1.0,ISF_0165,0.25,0,5,0.2062282229965157,0.40331010452961674,0.0,11435.07021275349,0.1389527777777778,0.4453397212543554,0.6060540069686411,0.4351757842728218,0,940,0
1.0,ISF_0166,0.25,0,0,0.2062282229965157,0.10322299651567944,0.0,11435.07021275349,0.1389527777777778,0.4453397212543554,0.6060540069686411,0.4792319007313824,0,866,0
1.0,ISF_0167,0.25,0,0,0.2062282229965157,0.10322299651567944,0.0,9475.149254022166,0.11707644444444444,0.4026567944250871,0.560322299651568,0.4897490006996383,0,852,0
1.0,ISF_0168,0.25,0,0,0.2062282229965157,0.10322299651567944,0.0,9475.149254022166,0.11707644444444444,0.4026567944250871,0.560322299651568,0.4897490006996383,0,853,0
1.0,ISF_0169,0.25,0,0,0.2062282229965157,0.10322299651567944,0.0,5291.066561078653,0.069123,0.31424216027874563,0.3865418118466899,0.7499920277859696,1,307,1
1.0,ISF_0170,0.25,0,0,0.2062282229965157,0.10322299651567944,0.0,5291.066561078653,0.069123,0.31424216027874563,0.3865418118466899,0.7499920277859696,1,308,1
1.0,ISF_0171,0.25,0,0,0.2062282229965157,0.10322299651567944,0.0,7386.311639903113,0.078243,0.35757839721254353,0.4176829268292683,0.711018795798818,1,409,1
0.9262306971685277,ISF_0172,0.23155767429213192,0,0,0.2062282229965157,0.10322299651567944,0.0,7386.311639903113,0.078243,0.35757839721254353,0.4176829268292683,0.711018795798818,1,410,1
0.2969163683175312,ISF_0173,0.0742290920793828,1,3,0.4566637630662021,0.3477787456445993,0.5,12556.295316320844,0.11989422222222222,0.4690766550522648,0.5662020905923345,0.6575558739881451,1,519,0
0.6850556926559248,ISF_0174,0.1712639231639812,2,3,0.5313588850174216,0.3477787456445993,0.7924812503605781,13816.055223151576,0.12361111111111112,0.5143728222996515,0.5727351916376306,0.3177047967207481,0,1208,0
0.4906953206724523,ISF_0175,0.12267383016811308,2,10,0.5313588850174216,0.49869337979094075,0.45815690999132624,13816.055223151576,0.12361111111111112,0.5143728222996515,0.5727351916376306,0.5836375095055223,1,678,0
0.316197033622028,ISF_0176,0.079049258405507,4,12,0.6117160278745645,0.525479094076655,0.6274735630753033,13829.211252578534,0.11688888888888889,0.515897212543554,0.5585801393728222,0.223324648316801,0,1404,0
0.8897680447228985,ISF_0177,0.22244201118072462,9,11,0.7025261324041812,0.5145905923344948,0.9266284080291269,13829.211252578534,0.11688888888888889,0.515897212543554,0.5585801393728222,0.6536409857743397,1,530,0
0.1712064960603879,ISF_0178,0.042801624015096976,6,10,0.6596254355400697,0.49869337979094075,0.8115075629572489,28273.68945794832,0.15644466666666668,0.6591898954703833,0.6374128919860628,0.14069853641619323,0,1591,0
0.2773211043892473,ISF_0179,0.06933027609731182,14,26,0.7545731707317073,0.6287020905923345,0.821657840239309,24666.855229766108,0.153276,0.6404616724738676,0.6256533101045296,0.03303806121186487,0,2224,0
0.9761187257920165,ISF_0180,0.24402968144800413,9,24,0.7025261324041812,0.6162891986062717,0.7153382790366967,24666.855229766108,0.153276,0.6404616724738676,0.6256533101045296,0.3210191133417463,0,1200,0
1.0,ISF_0181,0.25,2,11,0.5313588850174216,0.5145905923344948,0.4421141086977403,27546.350424288306,0.15883555555555556,0.6539634146341463,0.6413327526132404,0.13326997058991424,0,1613,0
1.0,ISF_0182,0.25,0,8,0.2062282229965157,0.4649390243902439,0.0,27546.350424288306,0.15883555555555556,0.6539634146341463,0.6413327526132404,0.19717814222066882,0,1451,0
1.0,ISF_0183,0.25,4,6,0.6117160278745645,0.429006968641115,0.8270874753469162,11370.484488924965,0.07730311111111111,0.44337979094076657,0.4137630662020906,0.747805323897717,1,312,1
1.0,ISF_0184,0.25,3,7,0.5792682926829268,0.4479529616724739,0.6666666666666667,11370.484488924965,0.07730311111111111,0.44337979094076657,0.4137630662020906,0.5322349039072427,1,751,0
1.0,ISF_0185,0.25,1,15,0.4566637630662021,0.5546602787456446,0.25,12769.413546818774,0.10431066666666666,0.47756968641114983,0.5172038327526133,0.7311556003381994,1,353,1
1.0,ISF_0186,0.25,6,33,0.6596254355400697,0.6585365853658537,0.5518182657364911,11038.678477840498,0.09516866666666667,0.4366289198606272,0.4801829268292683,0.073717871943991,0,1956,0
1.0,ISF_0187,0.25,12,44,0.7354094076655052,0.706663763066202,0.6738052990918816,11038.678477840498,0.09516866666666667,0.4366289198606272,0.4801829268292683,0.16915701707784536,0,1538,0
1.0,ISF_0188,0.25,19,38,0.7959494773519163,0.6818379790940766,0.8177103493587502,14177.626425040886,0.11110888888888888,0.525479094076655,0.5424651567944251,0.08939076180543207,0,1879,0
1.0,ISF_0189,0.25,12,28,0.7354094076655052,0.6374128919860628,0.7617237946901266,14177.626425040886,0.11110888888888888,0.525479094076655,0.5424651567944251,0.44299458505961214,0,927,0
0.3559550688313456,ISF_0190,0.0889887672078364,5,16,0.6380662020905923,0.5620644599303136,0.6324124771567161,14177.626425040886,0.11110888888888888,0.525479094076655,0.5424651567944251,0.22772875293246655,0,1387,0
0.5514102723308936,ISF_0191,0.1378525680827234,3,31,0.5792682926829268,0.648301393728223,0.39999999999999997,32423.754729869775,0.197273,0.6996951219512195,0.7084059233449478,0.07395864023236831,0,1954,0
0.9889914932878525,ISF_0192,0.24724787332196313,3,37,0.5792682926829268,0.6772648083623694,0.3811028248535468,32423.754729869775,0.197273,0.6996951219512195,0.7084059233449478,0.0320510235231021,0,2229,0
1.0,ISF_0193,0.25,13,34,0.7441202090592335,0.6628919860627178,0.7422781916068435,33691.79179715086,0.20325233333333334,0.7068815331010453,0.7229965156794426,0.010301988819416632,0,2295,0
1.0,ISF_0194,0.25,14,49,0.7545731707317073,0.7195121951219512,0.6922378005816024,33691.79179715086,0.20325233333333334,0.7068815331010453,0.7229965156794426,0.0313128944719101,0,2234,0
1.0,ISF_0195,0.25,2,57,0.5313588850174216,0.7447735191637631,0.2705646368671157,24487.70124986628,0.18082166666666666,0.6378484320557491,0.6870644599303136,0.32650233298538667,0,1184,0
1.0,ISF_0196,0.25,2,21,0.5313588850174216,0.5942944250871081,0.35541805240316376,11572.887024372816,0.10293722222222222,0.45143728222996515,0.5102351916376306,0.7682803629208587,1,273,1
1.0,ISF_0197,0.25,0,13,0.2062282229965157,0.5376742160278746,0.0,11572.887024372816,0.10293722222222222,0.45143728222996515,0.5102351916376306,0.5280393401056676,1,763,0
1.0,ISF_0198,0.25,0,2,0.2062282229965157,0.3079268292682927,0.0,3261.423928782344,0.043173666666666666,0.23628048780487804,0.28810975609756095,0.3888253624333407,0,1039,0
1.0,ISF_0199,0.25,0,0,0.2062282229965157,0.10322299651567944,0.0,3261.423928782344,0.043173666666666666,0.23628048780487804,0.28810975609756095,0.26951671835632984,0,1298,0
1.0,ISF_0200,0.25,0,0,0.2062282229965157,0.10322299651567944,0.0,3440.1849033031613,0.022153,0.24303135888501742,0.18858885017421603,0.09369818219373977,0,1851,0
1.0,ISF_0201,0.25,0,0,0.2062282229965157,0.10322299651567944,0.0,3440.1849033031613,0.022153,0.24303135888501742,0.18858885017421603,0.09369818219373977,0,1852,0
1.0,ISF_0202,0.25,0,2,0.2062282229965157,0.3079268292682927,0.0,6190.6518878005445,0.05626811111111111,0.3238240418118467,0.3499564459930314,0.7823919593531489,1,249,1
1.0,ISF_0203,0.25,2,6,0.5313588850174216,0.429006968641115,0.5645750340535797,6190.6518878005445,0.05626811111111111,0.3238240418118467,0.3499564459930314,0.8577497583999617,1,118,1
1.0,ISF_0204,0.25,5,7,0.6380662020905923,0.4479529616724739,0.8616541669070521,5345.266756689176,0.046338333333333336,0.3159843205574913,0.3077090592334495,0.39565993573119496,0,1019,0
1.0,ISF_0205,0.25,2,7,0.5313588850174216,0.4479529616724739,0.5283208335737188,5345.266756689176,0.046338333333333336,0.3159843205574913,0.3077090592334495,0.9300255279814105,1,15,1
1.0,ISF_0206,0.25,0,4,0.2062282229965157,0.37630662020905925,0.0,2192.543651493266,0.028475555555555556,0.1835801393728223,0.2066637630662021,0.603395839321803,1,632,0
1.0,ISF_0207,0.25,0,0,0.2062282229965157,0.10322299651567944,0.0,2192.543651493266,0.028475555555555556,0.1835801393728223,0.2066637630662021,0.2608480800863392,0,1327,0
1.0,ISF_0208,0.25,0,0,0.2062282229965157,0.10322299651567944,0.0,834.865295747295,0.014836444444444444,0.13545296167247386,0.14329268292682926,0.05797977861097548,0,2031,0
1.0,ISF_0209,0.25,0,0,0.2062282229965157,0.10322299651567944,0.0,9475.149254022166,0.11707644444444444,0.4026567944250871,0.560322299651568,0.4897490006996383,0,854,0
1.0,ISF_0210,0.25,0,0,0.2062282229965157,0.10322299651567944,0.0,5291.066561078653,0.069123,0.31424216027874563,0.3865418118466899,0.7499920277859696,1,309,1
1.0,ISF_0211,0.25,0,0,0.2062282229965157,0.10322299651567944,0.0,5291.066561078653,0.069123,0.31424216027874563,0.3865418118466899,0.7499920277859696,1,310,1
1.0,ISF_0212,0.25,0,0,0.2062282229965157,0.10322299651567944,0.0,3800.02138713561,0.04523233333333333,0.2621951219512195,0.3018292682926829,0.26951671835632984,0,1299,0
0.5880433928389103,ISF_0213,0.14701084820972757,0,0,0.2062282229965157,0.10322299651567944,0.0,3800.02138713561,0.04523233333333333,0.2621951219512195,0.3018292682926829,0.26951671835632984,0,1300,0
0.9264361881409874,ISF_0214,0.23160904703524685,1,3,0.4566637630662021,0.3477787456445993,0.5,8972.050399770029,0.083844,0.3867595818815331,0.43989547038327526,0.8282137300412004,1,167,1
1.0,ISF_0215,0.25,1,4,0.4566637630662021,0.37630662020905925,0.43067655807339306,8990.546175478958,0.07988222222222222,0.38828397212543553,0.430095818815331,0.8872951473388055,1,61,1
1.0,ISF_0216,0.25,0,6,0.2062282229965157,0.429006968641115,0.0,13816.055223151576,0.12361111111111112,0.5143728222996515,0.5727351916376306,0.3662919342706823,0,1097,0
1.0,ISF_0217,0.25,0,13,0.2062282229965157,0.5376742160278746,0.0,13829.211252578534,0.11688888888888889,0.515897212543554,0.5585801393728222,0.5218100403841858,1,781,0
1.0,ISF_0218,0.25,5,10,0.6380662020905923,0.49869337979094075,0.7472217363092141,13829.211252578534,0.11688888888888889,0.515897212543554,0.5585801393728222,0.26930553763767995,0,1312,0
0.8971612996123803,ISF_0219,0.22429032490309508,4,17,0.6117160278745645,0.5701219512195121,0.5568273036287807,28273.68945794832,0.15644466666666668,0.6591898954703833,0.6374128919860628,0.12540838530771195,0,1633,0
0.13799754533565306,ISF_0220,0.034499386333913265,6,28,0.6596254355400697,0.6374128919860628,0.5778851182977677,28273.68945794832,0.15644466666666668,0.6591898954703833,0.6374128919860628,0.0302791473808566,0,2237,0
0.8758972351545674,ISF_0221,0.21897430878864185,17,31,0.7813588850174216,0.648301393728223,0.8339850002884625,33712.25156048918,0.1763127777777778,0.7092770034843205,0.6753048780487805,0.014463547108351866,0,2286,0
1.0,ISF_0222,0.25,12,27,0.7354094076655052,0.633493031358885,0.7697454791952953,33712.25156048918,0.1763127777777778,0.7092770034843205,0.6753048780487805,0.17233348153586664,0,1523,0
1.0,ISF_0223,0.25,1,18,0.4566637630662021,0.5760017421602788,0.23540891336663824,27546.350424288306,0.15883555555555556,0.6539634146341463,0.6413327526132404,0.3272400907947721,0,1182,0
1.0,ISF_0224,0.25,2,8,0.5313588850174216,0.4649390243902439,0.5,27546.350424288306,0.15883555555555556,0.6539634146341463,0.6413327526132404,0.09261949900526541,0,1867,0
1.0,ISF_0225,0.25,2,6,0.5313588850174216,0.429006968641115,0.5645750340535797,11370.484488924965,0.07730311111111111,0.44337979094076657,0.4137630662020906,0.8065427711910496,1,214,1
1.0,ISF_0226,0.25,0,7,0.2062282229965157,0.4479529616724739,0.0,11370.484488924965,0.07730311111111111,0.44337979094076657,0.4137630662020906,0.7451606650874945,1,321,1
1.0,ISF_0227,0.25,1,6,0.4566637630662021,0.429006968641115,0.3562071871080222,13800.99692379823,0.09880455555555556,0.5132839721254355,0.4923780487804878,0.630481893277523,1,584,0
1.0,ISF_0228,0.25,4,21,0.6117160278745645,0.5942944250871081,0.5206780355557714,13741.725989465602,0.10585122222222222,0.5119773519163763,0.5189459930313589,0.5674482191615606,1,694,0
1.0,ISF_0229,0.25,7,48,0.6757404181184669,0.7162456445993032,0.5343107806620332,13741.725989465602,0.10585122222222222,0.5119773519163763,0.5189459930313589,0.25686654509414025,0,1342,0
1.0,ISF_0230,0.25,11,37,0.7264808362369338,0.6772648083623694,0.6831196680094339,14177.626425040886,0.11110888888888888,0.525479094076655,0.5424651567944251,0.13203815426665802,0,1620,0
1.0,ISF_0231,0.25,11,23,0.7264808362369338,0.6071428571428571,0.7818957080144684,14177.626425040886,0.11110888888888888,0.525479094076655,0.5424651567944251,0.3933719676053335,0,1028,0
0.35903943066295213,ISF_0232,0.08975985766573803,2,15,0.5313588850174216,0.5546602787456446,0.3962406251802891,14177.626425040886,0.11110888888888888,0.525479094076655,0.5424651567944251,0.7382426773647257,1,337,1
0.12509129244433895,ISF_0233,0.03127282311108474,1,6,0.4566637630662021,0.429006968641115,0.3562071871080222,35212.22595826443,0.2350328888888889,0.7199477351916377,0.7604529616724739,0.18970358784023753,0,1491,0
0.20659051515414514,ISF_0234,0.051647628788536286,3,18,0.5792682926829268,0.5760017421602788,0.4708178267332765,30971.795452508144,0.18321255555555555,0.6844512195121951,0.6901132404181185,0.19883465739385667,0,1448,0
0.8548499519978165,ISF_0235,0.21371248799945414,6,31,0.6596254355400697,0.648301393728223,0.5614709844115208,30971.795452508144,0.18321255555555555,0.6844512195121951,0.6901132404181185,0.0302791473808566,0,2238,0
1.0,ISF_0236,0.25,13,38,0.7441202090592335,0.6818379790940766,0.7203529200616233,32423.754729869775,0.197273,0.6996951219512195,0.7084059233449478,0.03179665410036167,0,2231,0
1.0,ISF_0237,0.25,14,49,0.7545731707317073,0.7195121951219512,0.6922378005816024,32423.754729869775,0.197273,0.6996951219512195,0.7084059233449478,0.0313128944719101,0,2235,0
1.0,ISF_0238,0.25,17,53,0.7813588850174216,0.7321428571428571,0.7245884476238132,33691.79179715086,0.20325233333333334,0.7068815331010453,0.7229965156794426,0.03765833381640961,0,2178,0
1.0,ISF_0239,0.25,21,56,0.8077090592334495,0.7412891986062717,0.7645320943490959,33691.79179715086,0.20325233333333334,0.7068815331010453,0.7229965156794426,0.2887306719631184,0,1273,0
1.0,ISF_0240,0.25,25,57,0.8310104529616724,0.7447735191637631,0.8023992775071693,32410.950942374766,0.222955,0.6979529616724739,0.7454268292682927,0.635326270496374,1,565,0
1.0,ISF_0241,0.25,10,45,0.7158101045296167,0.7094947735191638,0.626304483621074,32410.950942374766,0.222955,0.6979529616724739,0.7454268292682927,0.03829984175550505,0,2173,0
1.0,ISF_0242,0.25,9,21,0.7025261324041812,0.5942944250871081,0.744921859773347,19400.368594851345,0.14389688888888888,0.5999564459930313,0.6121515679442509,0.631440597686598,1,578,0
1.0,ISF_0243,0.25,0,11,0.2062282229965157,0.5145905923344948,0.0,3261.423928782344,0.043173666666666666,0.23628048780487804,0.28810975609756095,0.7350882518577213,1,343,1
1.0,ISF_0244,0.25,0,2,0.2062282229965157,0.3079268292682927,0.0,3261.423928782344,0.043173666666666666,0.23628048780487804,0.28810975609756095,0.3888253624333407,0,1040,0
1.0,ISF_0245,0.25,0,0,0.2062282229965157,0.10322299651567944,0.0,3440.1849033031613,0.022153,0.24303135888501742,0.18858885017421603,0.09369818219373977,0,1853,0
1.0,ISF_0246,0.25,0,0,0.2062282229965157,0.10322299651567944,0.0,3440.1849033031613,0.022153,0.24303135888501742,0.18858885017421603,0.09369818219373977,0,1854,0
1.0,ISF_0247,0.25,0,0,0.2062282229965157,0.10322299651567944,0.0,4006.0369339622557,0.02701388888888889,0.273301393728223,0.20143728222996515,0.36189038884004027,0,1106,0
1.0,ISF_0248,0.25,0,3,0.2062282229965157,0.3477787456445993,0.0,4006.0369339622557,0.02701388888888889,0.273301393728223,0.20143728222996515,0.587919153249816,1,673,0
1.0,ISF_0249,0.25,0,5,0.2062282229965157,0.40331010452961674,0.0,4015.706637946889,0.027182777777777778,0.2750435540069686,0.2031794425087108,0.7378054763064951,1,338,1
1.0,ISF_0250,0.25,0,3,0.2062282229965157,0.3477787456445993,0.0,5345.266756689176,0.046338333333333336,0.3159843205574913,0.3077090592334495,0.8591350581150381,1,114,1
1.0,ISF_0251,0.25,0,0,0.2062282229965157,0.10322299651567944,0.0,2192.543651493266,0.028475555555555556,0.1835801393728223,0.2066637630662021,0.2608480800863392,0,1328,0
1.0,ISF_0252,0.25,0,0,0.2062282229965157,0.10322299651567944,0.0,2192.543651493266,0.028475555555555556,0.1835801393728223,0.2066637630662021,0.2608480800863392,0,1329,0
1.0,ISF_0253,0.25,0,0,0.2062282229965157,0.10322299651567944,0.0,834.865295747295,0.014836444444444444,0.13545296167247386,0.14329268292682926,0.05797977861097548,0,2032,0
1.0,ISF_0254,0.25,0,0,0.2062282229965157,0.10322299651567944,0.0,834.865295747295,0.014836444444444444,0.13545296167247386,0.14329268292682926,0.05797977861097548,0,2033,0
1.0,ISF_0255,0.25,0,0,0.2062282229965157,0.10322299651567944,0.0,785.1236696569249,0.014004,0.13131533101045295,0.13959059233449478,0.05797977861097548,0,2034,0
1.0,ISF_0256,0.25,0,0,0.2062282229965157,0.10322299651567944,0.0,785.1236696569249,0.014004,0.13131533101045295,0.13959059233449478,0.05797977861097548,0,2035,0
0.9574136538846543,ISF_0257,0.23935341347116357,0,0,0.2062282229965157,0.10322299651567944,0.0,3800.02138713561,0.04523233333333333,0.2621951219512195,0.3018292682926829,0.26951671835632984,0,1301,0
0.25476725061657385,ISF_0258,0.06369181265414346,0,1,0.2062282229965157,0.2452090592334495,0.0,8972.050399770029,0.083844,0.3867595818815331,0.43989547038327526,0.5643930433809972,1,697,0
1.0,ISF_0259,0.25,1,2,0.4566637630662021,0.3079268292682927,0.6309297535714574,8972.050399770029,0.083844,0.3867595818815331,0.43989547038327526,0.519141785176463,1,789,0
1.0,ISF_0260,0.25,1,2,0.4566637630662021,0.3079268292682927,0.6309297535714574,8990.546175478958,0.07988222222222222,0.38828397212543553,0.430095818815331,0.5953876035546758,1,657,0
1.0,ISF_0261,0.25,1,2,0.4566637630662021,0.3079268292682927,0.6309297535714574,8990.546175478958,0.07988222222222222,0.38828397212543553,0.430095818815331,0.5953876035546758,1,658,0
1.0,ISF_0262,0.25,0,4,0.2062282229965157,0.37630662020905925,0.0,12936.001957842615,0.09476122222222222,0.48410278745644597,0.476698606271777,0.39517774966530883,0,1021,0
1.0,ISF_0263,0.25,0,6,0.2062282229965157,0.429006968641115,0.0,12936.001957842615,0.09476122222222222,0.48410278745644597,0.476698606271777,0.387445631654682,0,1046,0
1.0,ISF_0264,0.25,1,13,0.4566637630662021,0.5376742160278746,0.26264953503719357,29895.784900302533,0.15890077777777778,0.6755226480836237,0.6437282229965157,0.22751434360879738,0,1389,0
0.9460227710098961,ISF_0265,0.23650569275247402,3,26,0.5792682926829268,0.6287020905923345,0.42061983571430495,28273.68945794832,0.15644466666666668,0.6591898954703833,0.6374128919860628,0.07983692702613288,0,1942,0
1.0,ISF_0266,0.25,19,30,0.7959494773519163,0.6428571428571429,0.872377238226529,33712.25156048918,0.1763127777777778,0.7092770034843205,0.6753048780487805,0.03789661854136341,0,2177,0
1.0,ISF_0267,0.25,5,30,0.6380662020905923,0.6428571428571429,0.521772319619546,33712.25156048918,0.1763127777777778,0.7092770034843205,0.6753048780487805,0.037516085908428955,0,2180,0
1.0,ISF_0268,0.25,0,17,0.2062282229965157,0.5701219512195121,0.0,35011.287052681204,0.17961388888888888,0.7184233449477352,0.6840156794425087,0.3018673841782204,0,1241,0
1.0,ISF_0269,0.25,1,9,0.4566637630662021,0.4817073170731707,0.30102999566398114,35011.287052681204,0.17961388888888888,0.7184233449477352,0.6840156794425087,0.15462164818641633,0,1574,0
1.0,ISF_0270,0.25,1,4,0.4566637630662021,0.37630662020905925,0.43067655807339306,14523.62435954297,0.08845055555555556,0.5337543554006968,0.459712543554007,0.5044124475625389,1,824,0
1.0,ISF_0271,0.25,0,1,0.2062282229965157,0.2452090592334495,0.0,11370.484488924965,0.07730311111111111,0.44337979094076657,0.4137630662020906,0.7061751463480846,1,418,1
1.0,ISF_0272,0.25,0,12,0.2062282229965157,0.525479094076655,0.0,13800.99692379823,0.09880455555555556,0.5132839721254355,0.4923780487804878,0.534032994002414,1,746,0
1.0,ISF_0273,0.25,7,33,0.6757404181184669,0.6585365853658537,0.5896848966984678,13741.725989465602,0.10585122222222222,0.5119773519163763,0.5189459930313589,0.16746824943712427,0,1543,0
1.0,ISF_0274,0.25,19,38,0.7959494773519163,0.6818379790940766,0.8177103493587502,13741.725989465602,0.10585122222222222,0.5119773519163763,0.5189459930313589,0.07243746860674269,0,1965,0
1.0,ISF_0275,0.25,5,45,0.6380662020905923,0.7094947735191638,0.46798832370958465,24056.850492494646,0.16919433333333334,0.6326219512195121,0.6670296167247387,0.029507445319223866,0,2243,0
1.0,ISF_0276,0.25,0,19,0.2062282229965157,0.5814459930313589,0.0,24056.850492494646,0.16919433333333334,0.6326219512195121,0.6670296167247387,0.41965268120856725,0,959,0
0.9972221801380919,ISF_0277,0.24930554503452299,0,9,0.2062282229965157,0.4817073170731707,0.0,31202.159032788593,0.1989678888888889,0.6890243902439024,0.7121080139372822,0.19717814222066882,0,1452,0
0.6042825679839215,ISF_0278,0.1510706419959804,0,1,0.2062282229965157,0.2452090592334495,0.0,31202.159032788593,0.1989678888888889,0.6890243902439024,0.7121080139372822,0.30368772729092514,0,1240,0
0.3644474996465197,ISF_0279,0.09111187491162992,0,4,0.2062282229965157,0.37630662020905925,0.0,45046.020046701655,0.27048255555555556,0.7700348432055749,0.8105400696864111,0.3774217764316051,0,1064,0
0.9376004343857871,ISF_0280,0.23440010859644678,2,11,0.5313588850174216,0.5145905923344948,0.4421141086977403,35212.22595826443,0.2350328888888889,0.7199477351916377,0.7604529616724739,0.1336188664104271,0,1611,0
0.980736414204614,ISF_0281,0.2451841035511535,0,8,0.2062282229965157,0.4649390243902439,0.0,28768.291219407227,0.19793155555555556,0.6622386759581882,0.7101480836236934,0.19717814222066882,0,1453,0
0.8495921045458966,ISF_0282,0.21239802613647416,0,4,0.2062282229965157,0.37630662020905925,0.0,28768.291219407227,0.19793155555555556,0.6622386759581882,0.7101480836236934,0.2700649475492898,0,1296,0
0.38806405210622286,ISF_0283,0.09701601302655571,2,6,0.5313588850174216,0.429006968641115,0.5645750340535797,23382.765627251472,0.1550158888888889,0.627177700348432,0.6337108013937283,0.36368091932784763,0,1100,0
0.8271285286662295,ISF_0284,0.2067821321665574,5,11,0.6380662020905923,0.5145905923344948,0.7210570543488701,16907.767513729166,0.12077688888888889,0.5701219512195121,0.5666376306620209,0.5270391958166422,1,767,0
1.0,ISF_0285,0.25,7,20,0.6757404181184669,0.5881968641114983,0.6830107460908589,30971.795452508144,0.18321255555555555,0.6844512195121951,0.6901132404181185,0.07807371624123566,0,1947,0
1.0,ISF_0286,0.25,6,41,0.6596254355400697,0.6957752613240418,0.5206212286759118,30971.795452508144,0.18321255555555555,0.6844512195121951,0.6901132404181185,0.019712916729030836,0,2272,0
1.0,ISF_0287,0.25,23,51,0.8181620209059234,0.7253919860627178,0.804317338209886,41889.18092306424,0.23851611111111112,0.7523954703832753,0.7693815331010453,0.1396396812380473,0,1593,0
1.0,ISF_0288,0.25,19,53,0.7959494773519163,0.7321428571428571,0.7510013172738119,41889.18092306424,0.23851611111111112,0.7523954703832753,0.7693815331010453,0.04502396522023908,0,2135,0
1.0,ISF_0289,0.25,5,68,0.6380662020905923,0.7728658536585366,0.42317298048186053,38319.64830194134,0.22179066666666666,0.7349738675958188,0.7419425087108014,0.19861765941081577,0,1450,0
1.0,ISF_0290,0.25,22,58,0.8125,0.7482578397212544,0.7689676082841259,33691.79179715086,0.20325233333333334,0.7068815331010453,0.7229965156794426,0.2887306719631184,0,1274,0
1.0,ISF_0291,0.25,26,55,0.8377613240418118,0.7378048780487805,0.8187699160771741,32410.950942374766,0.222955,0.6979529616724739,0.7454268292682927,0.07988690226904631,0,1941,0
1.0,ISF_0292,0.25,19,48,0.7959494773519163,0.7162456445993032,0.7697509247814802,32410.950942374766,0.222955,0.6979529616724739,0.7454268292682927,0.05899915048249057,0,2030,0
1.0,ISF_0293,0.25,11,31,0.7264808362369338,0.648301393728223,0.7169925001442312,19400.368594851345,0.14389688888888888,0.5999564459930313,0.6121515679442509,0.7974553002749012,1,225,1
1.0,ISF_0294,0.25,2,14,0.5313588850174216,0.5485627177700348,0.40568387108221293,9249.6840589419,0.07692788888888889,0.39263937282229966,0.41180313588850176,0.9049651733817927,1,36,1
1.0,ISF_0295,0.25,0,2,0.2062282229965157,0.3079268292682927,0.0,9249.6840589419,0.07692788888888889,0.39263937282229966,0.41180313588850176,0.6706566537233754,1,480,0
1.0,ISF_0296,0.25,0,0,0.2062282229965157,0.10322299651567944,0.0,2307.0147315636277,0.01648911111111111,0.18532229965156793,0.1565766550522648,0.06044399473471527,0,1999,0
1.0,ISF_0297,0.25,0,0,0.2062282229965157,0.10322299651567944,0.0,3440.1849033031613,0.022153,0.24303135888501742,0.18858885017421603,0.09369818219373977,0,1855,0
1.0,ISF_0298,0.25,0,0,0.2062282229965157,0.10322299651567944,0.0,4006.0369339622557,0.02701388888888889,0.273301393728223,0.20143728222996515,0.36189038884004027,0,1107,0
1.0,ISF_0299,0.25,0,0,0.2062282229965157,0.10322299651567944,0.0,4006.0369339622557,0.02701388888888889,0.273301393728223,0.20143728222996515,0.36189038884004027,0,1108,0
1.0,ISF_0300,0.25,0,0,0.2062282229965157,0.10322299651567944,0.0,4015.706637946889,0.027182777777777778,0.2750435540069686,0.2031794425087108,0.36189038884004027,0,1109,0
1.0,ISF_0301,0.25,0,0,0.2062282229965157,0.10322299651567944,0.0,4015.706637946889,0.027182777777777778,0.2750435540069686,0.2031794425087108,0.36189038884004027,0,1110,0
1.0,ISF_0302,0.25,0,0,0.2062282229965157,0.10322299651567944,0.0,3058.1586093194783,0.022373333333333332,0.22756968641114983,0.19054878048780488,0.09369818219373977,0,1856,0
1.0,ISF_0303,0.25,0,0,0.2062282229965157,0.10322299651567944,0.0,3058.1586093194783,0.022373333333333332,0.22756968641114983,0.19054878048780488,0.09369818219373977,0,1857,0
1.0,ISF_0304,0.25,0,0,0.2062282229965157,0.10322299651567944,0.0,834.865295747295,0.014836444444444444,0.13545296167247386,0.14329268292682926,0.05797977861097548,0,2036,0
1.0,ISF_0305,0.25,0,0,0.2062282229965157,0.10322299651567944,0.0,834.865295747295,0.014836444444444444,0.13545296167247386,0.14329268292682926,0.05797977861097548,0,2037,0
1.0,ISF_0306,0.25,0,0,0.2062282229965157,0.10322299651567944,0.0,785.1236696569249,0.014004,0.13131533101045295,0.13959059233449478,0.05797977861097548,0,2038,0
1.0,ISF_0307,0.25,0,0,0.2062282229965157,0.10322299651567944,0.0,785.1236696569249,0.014004,0.13131533101045295,0.13959059233449478,0.05797977861097548,0,2039,0
0.519568136387039,ISF_0308,0.12989203409675976,0,0,0.2062282229965157,0.10322299651567944,0.0,2841.8527441760525,0.030304666666666667,0.21167247386759583,0.21515679442508712,0.2608480800863392,0,1330,0
0.5821148412201279,ISF_0309,0.14552871030503198,0,0,0.2062282229965157,0.10322299651567944,0.0,492.01425627525896,0.013373444444444445,0.11084494773519164,0.13784843205574912,0.05797977861097548,0,2040,0
1.0,ISF_0310,0.25,0,2,0.2062282229965157,0.3079268292682927,0.0,492.01425627525896,0.013373444444444445,0.11084494773519164,0.13784843205574912,0.08834420514968425,0,1883,0
1.0,ISF_0311,0.25,0,2,0.2062282229965157,0.3079268292682927,0.0,237.10976064857095,0.010832,0.0855836236933798,0.12129790940766551,0.09663853670121492,0,1846,0
1.0,ISF_0312,0.25,1,1,0.4566637630662021,0.2452090592334495,1.0,8990.546175478958,0.07988222222222222,0.38828397212543553,0.430095818815331,0.9078640728927118,1,28,1
1.0,ISF_0313,0.25,0,1,0.2062282229965157,0.2452090592334495,0.0,12936.001957842615,0.09476122222222222,0.48410278745644597,0.476698606271777,0.32834188484879034,0,1180,0
1.0,ISF_0314,0.25,0,1,0.2062282229965157,0.2452090592334495,0.0,12936.001957842615,0.09476122222222222,0.48410278745644597,0.476698606271777,0.32834188484879034,0,1181,0
1.0,ISF_0315,0.25,0,9,0.2062282229965157,0.4817073170731707,0.0,29895.784900302533,0.15890077777777778,0.6755226480836237,0.6437282229965157,0.19717814222066882,0,1454,0
1.0,ISF_0316,0.25,5,33,0.6380662020905923,0.6585365853658537,0.5081044484023893,29895.784900302533,0.15890077777777778,0.6755226480836237,0.6437282229965157,0.015561295294252006,0,2285,0
1.0,ISF_0317,0.25,6,52,0.6596254355400697,0.7282229965156795,0.4901176516550783,42619.81626075553,0.22003622222222222,0.7541376306620209,0.7367160278745645,0.028494388201877077,0,2247,0
1.0,ISF_0318,0.25,3,39,0.5792682926829268,0.6877177700348432,0.37580364941821515,42619.81626075553,0.22003622222222222,0.7541376306620209,0.7367160278745645,0.04222375735616057,0,2143,0
1.0,ISF_0319,0.25,5,21,0.6380662020905923,0.5942944250871081,0.5796618766207391,35011.287052681204,0.17961388888888888,0.7184233449477352,0.6840156794425087,0.13561540411680692,0,1606,0
1.0,ISF_0320,0.25,6,10,0.6596254355400697,0.49869337979094075,0.8115075629572489,35011.287052681204,0.17961388888888888,0.7184233449477352,0.6840156794425087,0.1433917494961687,0,1588,0
1.0,ISF_0321,0.25,0,7,0.2062282229965157,0.4479529616724739,0.0,14523.62435954297,0.08845055555555556,0.5337543554006968,0.459712543554007,0.5378908000773568,1,737,0
1.0,ISF_0322,0.25,0,2,0.2062282229965157,0.3079268292682927,0.0,14523.62435954297,0.08845055555555556,0.5337543554006968,0.459712543554007,0.4609738152720051,0,889,0
1.0,ISF_0323,0.25,1,22,0.4566637630662021,0.5997386759581882,0.22106472945750374,17321.017964963336,0.11201444444444444,0.5725174216027874,0.5463850174216028,0.4060561767300327,0,1003,0
1.0,ISF_0324,0.25,18,33,0.788109756097561,0.6585365853658537,0.8349795656491865,20368.966109236702,0.13176455555555555,0.6082317073170732,0.5951655052264808,0.05498580334991867,0,2086,0
1.0,ISF_0325,0.25,25,39,0.8310104529616724,0.6877177700348432,0.8832211999738746,20368.966109236702,0.13176455555555555,0.6082317073170732,0.5951655052264808,0.514432959379154,1,798,0
1.0,ISF_0326,0.25,6,37,0.6596254355400697,0.6772648083623694,0.5349454455813307,24056.850492494646,0.16919433333333334,0.6326219512195121,0.6670296167247387,0.028217468279713376,0,2250,0
1.0,ISF_0327,0.25,1,10,0.4566637630662021,0.49869337979094075,0.2890648263178878,24056.850492494646,0.16919433333333334,0.6326219512195121,0.6670296167247387,0.32598397987979455,0,1185,0
1.0,ISF_0328,0.25,1,3,0.4566637630662021,0.3477787456445993,0.5,31202.159032788593,0.1989678888888889,0.6890243902439024,0.7121080139372822,0.16999643794617883,0,1534,0
1.0,ISF_0329,0.25,0,9,0.2062282229965157,0.4817073170731707,0.0,31202.159032788593,0.1989678888888889,0.6890243902439024,0.7121080139372822,0.19717814222066882,0,1455,0
1.0,ISF_0330,0.25,1,15,0.4566637630662021,0.5546602787456446,0.25,45046.020046701655,0.27048255555555556,0.7700348432055749,0.8105400696864111,0.35090157467423994,0,1139,0
0.987242721920539,ISF_0331,0.24681068048013474,3,27,0.5792682926829268,0.633493031358885,0.4160291953530189,45046.020046701655,0.27048255555555556,0.7700348432055749,0.8105400696864111,0.10617423930507726,0,1689,0
0.9830535920353178,ISF_0332,0.24576339800882946,6,33,0.6596254355400697,0.6585365853658537,0.5518182657364911,46421.03680211119,0.2710108888888889,0.7811411149825784,0.8142421602787456,0.02252222842447719,0,2264,0
1.0,ISF_0333,0.25,4,26,0.6117160278745645,0.6287020905923345,0.4883245069059757,35212.22595826443,0.2350328888888889,0.7199477351916377,0.7604529616724739,0.041196709493858924,0,2149,0
1.0,ISF_0334,0.25,5,16,0.6380662020905923,0.5620644599303136,0.6324124771567161,28768.291219407227,0.19793155555555556,0.6622386759581882,0.7101480836236934,0.04190523541575556,0,2146,0
1.0,ISF_0335,0.25,0,8,0.2062282229965157,0.4649390243902439,0.0,28768.291219407227,0.19793155555555556,0.6622386759581882,0.7101480836236934,0.19717814222066882,0,1456,0
1.0,ISF_0336,0.25,2,7,0.5313588850174216,0.4479529616724739,0.5283208335737188,23382.765627251472,0.1550158888888889,0.627177700348432,0.6337108013937283,0.43840883745356163,0,936,0
1.0,ISF_0337,0.25,7,16,0.6757404181184669,0.5620644599303136,0.733951626354678,23382.765627251472,0.1550158888888889,0.627177700348432,0.6337108013937283,0.6987887898540694,1,439,1
1.0,ISF_0338,0.25,10,34,0.7158101045296167,0.6628919860627178,0.6744474046779655,35003.52493561385,0.20000877777777779,0.7166811846689896,0.7158101045296167,0.03528620259122962,0,2189,0
1.0,ISF_0339,0.25,9,59,0.7025261324041812,0.7506533101045296,0.5623818557528477,35003.52493561385,0.20000877777777779,0.7166811846689896,0.7158101045296167,0.35221604736946743,0,1133,0
1.0,ISF_0340,0.25,18,53,0.788109756097561,0.7321428571428571,0.738142580866548,41889.18092306424,0.23851611111111112,0.7523954703832753,0.7693815331010453,0.017576470005097013,0,2283,0
1.0,ISF_0341,0.25,8,44,0.688588850174216,0.706663763066202,0.5772049881597967,41889.18092306424,0.23851611111111112,0.7523954703832753,0.7693815331010453,0.07677696418023547,0,1950,0
1.0,ISF_0342,0.25,2,38,0.5313588850174216,0.6818379790940766,0.2998754749572002,38319.64830194134,0.22179066666666666,0.7349738675958188,0.7419425087108014,0.03811261409854283,0,2176,0
1.0,ISF_0343,0.25,3,35,0.5792682926829268,0.6672473867595818,0.3868528072345416,38319.64830194134,0.22179066666666666,0.7349738675958188,0.7419425087108014,0.03136148744123561,0,2233,0
1.0,ISF_0344,0.25,6,41,0.6596254355400697,0.6957752613240418,0.5206212286759118,30567.583490198478,0.20926344444444445,0.6774825783972126,0.726698606271777,0.019712916729030836,0,2273,0
1.0,ISF_0345,0.25,9,46,0.7025261324041812,0.7110191637630662,0.5980511219807115,30567.583490198478,0.20926344444444445,0.6774825783972126,0.726698606271777,0.07349744248161011,0,1957,0
1.0,ISF_0346,0.25,8,24,0.688588850174216,0.6162891986062717,0.6826061944859854,17905.36464945972,0.13545322222222222,0.5801393728222997,0.5988675958188153,0.3252643508423816,0,1188,0
1.0,ISF_0347,0.25,3,24,0.5792682926829268,0.6162891986062717,0.43067655807339306,9249.6840589419,0.07692788888888889,0.39263937282229966,0.41180313588850176,0.5974983073219503,1,650,0
1.0,ISF_0348,0.25,0,13,0.2062282229965157,0.5376742160278746,0.0,9249.6840589419,0.07692788888888889,0.39263937282229966,0.41180313588850176,0.8214874938468538,1,188,1
1.0,ISF_0349,0.25,0,0,0.2062282229965157,0.10322299651567944,0.0,2307.0147315636277,0.01648911111111111,0.18532229965156793,0.1565766550522648,0.06044399473471527,0,2000,0
1.0,ISF_0350,0.25,0,0,0.2062282229965157,0.10322299651567944,0.0,2307.0147315636277,0.01648911111111111,0.18532229965156793,0.1565766550522648,0.06044399473471527,0,2001,0
1.0,ISF_0351,0.25,0,0,0.2062282229965157,0.10322299651567944,0.0,35.4996997769922,0.0006196666666666667,0.041158536585365856,0.038109756097560975,0.09930901560430255,0,1702,0
1.0,ISF_0352,0.25,0,0,0.2062282229965157,0.10322299651567944,0.0,35.4996997769922,0.0006196666666666667,0.041158536585365856,0.038109756097560975,0.09930901560430255,0,1703,0
1.0,ISF_0353,0.25,0,0,0.2062282229965157,0.10322299651567944,0.0,11.54859034717083,0.00020888888888888888,0.023954703832752614,0.02264808362369338,0.09930901560430255,0,1704,0
1.0,ISF_0354,0.25,0,0,0.2062282229965157,0.10322299651567944,0.0,4015.706637946889,0.027182777777777778,0.2750435540069686,0.2031794425087108,0.36189038884004027,0,1111,0
1.0,ISF_0355,0.25,0,0,0.2062282229965157,0.10322299651567944,0.0,3058.1586093194783,0.022373333333333332,0.22756968641114983,0.19054878048780488,0.09369818219373977,0,1858,0
1.0,ISF_0356,0.25,0,0,0.2062282229965157,0.10322299651567944,0.0,3058.1586093194783,0.022373333333333332,0.22756968641114983,0.19054878048780488,0.09369818219373977,0,1859,0
1.0,ISF_0357,0.25,0,0,0.2062282229965157,0.10322299651567944,0.0,4302.589559534565,0.035466222222222225,0.27939895470383275,0.24760452961672474,0.7341172693907241,1,347,1
1.0,ISF_0358,0.25,0,1,0.2062282229965157,0.2452090592334495,0.0,4302.589559534565,0.035466222222222225,0.27939895470383275,0.24760452961672474,0.8284714488997076,1,163,1
1.0,ISF_0359,0.25,0,0,0.2062282229965157,0.10322299651567944,0.0,6321.846932634246,0.053232,0.3286149825783972,0.34255226480836237,0.6590014013812193,1,512,0
0.9256841476753677,ISF_0360,0.23142103691884192,0,0,0.2062282229965157,0.10322299651567944,0.0,6321.846932634246,0.053232,0.3286149825783972,0.34255226480836237,0.6590014013812193,1,513,0
0.9157389862468253,ISF_0361,0.22893474656170631,0,0,0.2062282229965157,0.10322299651567944,0.0,492.01425627525896,0.013373444444444445,0.11084494773519164,0.13784843205574912,0.05797977861097548,0,2041,0
1.0,ISF_0362,0.25,0,0,0.2062282229965157,0.10322299651567944,0.0,492.01425627525896,0.013373444444444445,0.11084494773519164,0.13784843205574912,0.05797977861097548,0,2042,0
1.0,ISF_0363,0.25,0,1,0.2062282229965157,0.2452090592334495,0.0,237.10976064857095,0.010832,0.0855836236933798,0.12129790940766551,0.09360438021889991,0,1864,0
1.0,ISF_0364,0.25,0,1,0.2062282229965157,0.2452090592334495,0.0,237.10976064857095,0.010832,0.0855836236933798,0.12129790940766551,0.09360438021889991,0,1865,0
1.0,ISF_0365,0.25,0,0,0.2062282229965157,0.10322299651567944,0.0,13550.278121211566,0.06821855555555556,0.5002177700348432,0.38087979094076657,0.4396161818494776,0,932,0
1.0,ISF_0366,0.25,0,0,0.2062282229965157,0.10322299651567944,0.0,13550.278121211566,0.06821855555555556,0.5002177700348432,0.38087979094076657,0.4396161818494776,0,933,0
1.0,ISF_0367,0.25,0,35,0.2062282229965157,0.6672473867595818,0.0,29895.784900302533,0.15890077777777778,0.6755226480836237,0.6437282229965157,0.03015914595446839,0,2239,0
1.0,ISF_0368,0.25,11,69,0.7264808362369338,0.7759146341463414,0.5848910045123055,29895.784900302533,0.15890077777777778,0.6755226480836237,0.6437282229965157,0.42732930478455955,0,949,0
1.0,ISF_0369,0.25,22,74,0.8125,0.7841898954703833,0.7262311171393061,42619.81626075553,0.22003622222222222,0.7541376306620209,0.7367160278745645,0.40525074674158895,0,1004,0
1.0,ISF_0370,0.25,15,67,0.7652439024390244,0.7689459930313589,0.6570881998482009,42619.81626075553,0.22003622222222222,0.7541376306620209,0.7367160278745645,0.05557569911897399,0,2083,0
1.0,ISF_0371,0.25,10,34,0.7158101045296167,0.6628919860627178,0.6744474046779655,38176.940572077874,0.20128433333333334,0.7332317073170732,0.7192944250871081,0.03528620259122962,0,2190,0
1.0,ISF_0372,0.25,7,14,0.6757404181184669,0.5485627177700348,0.7678740744294464,38176.940572077874,0.20128433333333334,0.7332317073170732,0.7192944250871081,0.13027624010406907,0,1626,0
1.0,ISF_0373,0.25,0,12,0.2062282229965157,0.525479094076655,0.0,17656.612187109888,0.108512,0.5764372822299652,0.5263501742160279,0.7131645158136086,1,400,1
1.0,ISF_0374,0.25,0,6,0.2062282229965157,0.429006968641115,0.0,14523.62435954297,0.08845055555555556,0.5337543554006968,0.459712543554007,0.5378908000773568,1,738,0
1.0,ISF_0375,0.25,1,14,0.4566637630662021,0.5485627177700348,0.2559580248098155,17321.017964963336,0.11201444444444444,0.5725174216027874,0.5463850174216028,0.7189467909169345,1,388,1
1.0,ISF_0376,0.25,4,36,0.6117160278745645,0.6724738675958188,0.4457143450418488,20368.966109236702,0.13176455555555555,0.6082317073170732,0.5951655052264808,0.16379341013969265,0,1558,0
1.0,ISF_0377,0.25,15,41,0.7652439024390244,0.6957752613240418,0.7417960936614756,20368.966109236702,0.13176455555555555,0.6082317073170732,0.5951655052264808,0.10523197262879425,0,1691,0
1.0,ISF_0378,0.25,3,38,0.5792682926829268,0.6818379790940766,0.37840071903374006,31013.66431999579,0.19338344444444444,0.6861933797909407,0.7031794425087108,0.03552537669649773,0,2187,0
1.0,ISF_0379,0.25,4,9,0.6117160278745645,0.4817073170731707,0.6989700043360187,31013.66431999579,0.19338344444444444,0.6861933797909407,0.7031794425087108,0.07251149162333625,0,1963,0
1.0,ISF_0380,0.25,1,12,0.4566637630662021,0.525479094076655,0.27023815442731974,34292.25009794533,0.20490744444444445,0.7131968641114983,0.7249564459930313,0.22745096210032584,0,1390,0
1.0,ISF_0381,0.25,4,28,0.6117160278745645,0.6374128919860628,0.4779615435334546,31202.159032788593,0.1989678888888889,0.6890243902439024,0.7121080139372822,0.03912930675897852,0,2156,0
1.0,ISF_0382,0.25,9,37,0.7025261324041812,0.6772648083623694,0.6329980904609674,45046.020046701655,0.27048255555555556,0.7700348432055749,0.8105400696864111,0.04056541052736481,0,2151,0
1.0,ISF_0383,0.25,16,50,0.7741724738675958,0.7223432055749129,0.7205846872952778,45046.020046701655,0.27048255555555556,0.7700348432055749,0.8105400696864111,0.05795037678735984,0,2079,0
1.0,ISF_0384,0.25,11,56,0.7264808362369338,0.7412891986062717,0.6146117091210943,46421.03680211119,0.2710108888888889,0.7811411149825784,0.8142421602787456,0.3199173703080762,0,1204,0
1.0,ISF_0385,0.25,14,43,0.7545731707317073,0.7025261324041812,0.7156222237991322,46421.03680211119,0.2710108888888889,0.7811411149825784,0.8142421602787456,0.05345213214310174,0,2092,0
1.0,ISF_0386,0.25,11,26,0.7264808362369338,0.6287020905923345,0.7539531690476383,45894.297000030056,0.26636966666666667,0.7772212543554007,0.8033536585365854,0.17992243704777255,0,1517,0
1.0,ISF_0387,0.25,0,16,0.2062282229965157,0.5620644599303136,0.0,45894.297000030056,0.26636966666666667,0.7772212543554007,0.8033536585365854,0.3773432976725176,0,1065,0
1.0,ISF_0388,0.25,0,10,0.2062282229965157,0.49869337979094075,0.0,23382.765627251472,0.1550158888888889,0.627177700348432,0.6337108013937283,0.7291307852689123,1,355,1
1.0,ISF_0389,0.25,2,36,0.5313588850174216,0.6724738675958188,0.30424737289682985,23382.765627251472,0.1550158888888889,0.627177700348432,0.6337108013937283,0.24672176654360772,0,1357,0
1.0,ISF_0390,0.25,15,61,0.7652439024390244,0.7526132404181185,0.6717951158281678,35003.52493561385,0.20000877777777779,0.7166811846689896,0.7158101045296167,0.04918818318758101,0,2122,0
1.0,ISF_0391,0.25,20,87,0.802918118466899,0.8053135888501742,0.6799851259522084,35003.52493561385,0.20000877777777779,0.7166811846689896,0.7158101045296167,0.07219506433537864,0,1968,0
1.0,ISF_0392,0.25,12,78,0.7354094076655052,0.7907229965156795,0.5870191026569519,39581.8684745254,0.22413566666666668,0.7432491289198606,0.7471689895470384,0.3831086173712534,0,1051,0
1.0,ISF_0393,0.25,6,41,0.6596254355400697,0.6957752613240418,0.5206212286759118,39581.8684745254,0.22413566666666668,0.7432491289198606,0.7471689895470384,0.0238678523619745,0,2261,0
1.0,ISF_0394,0.25,1,15,0.4566637630662021,0.5546602787456446,0.25,30729.2116771983,0.17503122222222223,0.6809668989547039,0.6735627177700348,0.2622779973018303,0,1324,0
1.0,ISF_0395,0.25,1,10,0.4566637630662021,0.49869337979094075,0.2890648263178878,38319.64830194134,0.22179066666666666,0.7349738675958188,0.7419425087108014,0.22745096210032584,0,1391,0
1.0,ISF_0396,0.25,1,13,0.4566637630662021,0.5376742160278746,0.26264953503719357,30567.583490198478,0.20926344444444445,0.6774825783972126,0.726698606271777,0.2235910330608964,0,1399,0
1.0,ISF_0397,0.25,2,17,0.5313588850174216,0.5701219512195121,0.3800937667159343,30567.583490198478,0.20926344444444445,0.6774825783972126,0.726698606271777,0.28332232314567823,0,1282,0
1.0,ISF_0398,0.25,6,23,0.6596254355400697,0.6071428571428571,0.6122961576274708,17905.36464945972,0.13545322222222222,0.5801393728222997,0.5988675958188153,0.09655802237465072,0,1847,0
1.0,ISF_0399,0.25,11,19,0.7264808362369338,0.5814459930313589,0.829482217661603,9287.293836329132,0.07755055555555555,0.3961236933797909,0.41572299651567945,0.7508044269500568,1,302,1
1.0,ISF_0400,0.25,8,13,0.688588850174216,0.5376742160278746,0.8325793277315986,9287.293836329132,0.07755055555555555,0.3961236933797909,0.41572299651567945,0.6778004939983061,1,465,0
1.0,ISF_0401,0.25,0,9,0.2062282229965157,0.4817073170731707,0.0,2334.7028175592422,0.016972333333333332,0.1875,0.1600609756097561,0.19688686338929798,0,1458,0
1.0,ISF_0402,0.25,0,0,0.2062282229965157,0.10322299651567944,0.0,2307.0147315636277,0.01648911111111111,0.18532229965156793,0.1565766550522648,0.06044399473471527,0,2002,0
1.0,ISF_0403,0.25,0,0,0.2062282229965157,0.10322299651567944,0.0,35.4996997769922,0.0006196666666666667,0.041158536585365856,0.038109756097560975,0.09930901560430255,0,1705,0
1.0,ISF_0404,0.25,0,0,0.2062282229965157,0.10322299651567944,0.0,35.4996997769922,0.0006196666666666667,0.041158536585365856,0.038109756097560975,0.09930901560430255,0,1706,0
1.0,ISF_0405,0.25,0,0,0.2062282229965157,0.10322299651567944,0.0,11.54859034717083,0.00020888888888888888,0.023954703832752614,0.02264808362369338,0.09930901560430255,0,1707,0
1.0,ISF_0406,0.25,0,0,0.2062282229965157,0.10322299651567944,0.0,11.54859034717083,0.00020888888888888888,0.023954703832752614,0.02264808362369338,0.09930901560430255,0,1708,0
1.0,ISF_0407,0.25,0,0,0.2062282229965157,0.10322299651567944,0.0,6798.257673645392,0.04398866666666667,0.34146341463414637,0.29486062717770034,0.721147067458031,1,377,1
1.0,ISF_0408,0.25,0,0,0.2062282229965157,0.10322299651567944,0.0,6798.257673645392,0.04398866666666667,0.34146341463414637,0.29486062717770034,0.721147067458031,1,378,1
1.0,ISF_0409,0.25,0,2,0.2062282229965157,0.3079268292682927,0.0,4302.589559534565,0.035466222222222225,0.27939895470383275,0.24760452961672474,0.8370481062819934,1,147,1
1.0,ISF_0410,0.25,1,2,0.4566637630662021,0.3079268292682927,0.6309297535714574,4302.589559534565,0.035466222222222225,0.27939895470383275,0.24760452961672474,0.7536426496848088,1,295,1
1.0,ISF_0411,0.25,0,2,0.2062282229965157,0.3079268292682927,0.0,6321.846932634246,0.053232,0.3286149825783972,0.34255226480836237,0.7823919593531489,1,250,1
0.4510928799356334,ISF_0412,0.11277321998390835,0,0,0.2062282229965157,0.10322299651567944,0.0,6321.846932634246,0.053232,0.3286149825783972,0.34255226480836237,0.6590014013812193,1,514,0
0.2922004717984237,ISF_0413,0.07305011794960592,0,0,0.2062282229965157,0.10322299651567944,0.0,5.827641928568482,0.00012022222222222222,0.015461672473867595,0.01720383275261324,0.09930901560430255,0,1709,0
1.0,ISF_0414,0.25,0,0,0.2062282229965157,0.10322299651567944,0.0,3.313799351453781,6.833333333333333e-05,0.011977351916376307,0.011977351916376307,0.09930901560430255,0,1710,0
1.0,ISF_0415,0.25,0,0,0.2062282229965157,0.10322299651567944,0.0,3.313799351453781,6.833333333333333e-05,0.011977351916376307,0.011977351916376307,0.09930901560430255,0,1711,0
1.0,ISF_0416,0.25,0,0,0.2062282229965157,0.10322299651567944,0.0,3.9761291295289993,8.088888888888889e-05,0.013937282229965157,0.013937282229965157,0.09930901560430255,0,1712,0
1.0,ISF_0417,0.25,0,0,0.2062282229965157,0.10322299651567944,0.0,237.10976064857095,0.010832,0.0855836236933798,0.12129790940766551,0.0594343967352562,0,2029,0
1.0,ISF_0418,0.25,0,0,0.2062282229965157,0.10322299651567944,0.0,13550.278121211566,0.06821855555555556,0.5002177700348432,0.38087979094076657,0.4396161818494776,0,934,0
1.0,ISF_0419,0.25,0,3,0.2062282229965157,0.3477787456445993,0.0,13550.278121211566,0.06821855555555556,0.5002177700348432,0.38087979094076657,0.5563782536282039,1,712,0
1.0,ISF_0420,0.25,2,55,0.5313588850174216,0.7378048780487805,0.272923305359058,36794.34825142473,0.1766631111111111,0.726698606271777,0.6770470383275261,0.05456890909957792,0,2089,0
1.0,ISF_0421,0.25,43,96,0.8985191637630662,0.8194686411149826,0.8271975326310689,36794.34825142473,0.1766631111111111,0.726698606271777,0.6770470383275261,0.025126677824844457,0,2255,0
1.0,ISF_0422,0.25,53,103,0.9202961672473867,0.828397212543554,0.8588820650952818,62277.44763345644,0.2927742222222222,0.8471254355400697,0.837979094076655,0.14304667714334243,0,1589,0
1.0,ISF_0423,0.25,25,84,0.8310104529616724,0.8005226480836237,0.7333676108971403,62277.44763345644,0.2927742222222222,0.8471254355400697,0.837979094076655,0.8340019589256061,1,154,1
1.0,ISF_0424,0.25,10,49,0.7158101045296167,0.7195121951219512,0.6129553096878929,38176.940572077874,0.20128433333333334,0.7332317073170732,0.7192944250871081,0.04334873669219353,0,2139,0
1.0,ISF_0425,0.25,2,32,0.5313588850174216,0.6539634146341463,0.3142027492734315,38176.940572077874,0.20128433333333334,0.7332317073170732,0.7192944250871081,0.03366779176204548,0,2221,0
1.0,ISF_0426,0.25,2,23,0.5313588850174216,0.6071428571428571,0.34568712404340535,17656.612187109888,0.108512,0.5764372822299652,0.5263501742160279,0.4084511727392448,0,986,0
1.0,ISF_0427,0.25,4,22,0.6117160278745645,0.5997386759581882,0.5132964061160518,17656.612187109888,0.108512,0.5764372822299652,0.5263501742160279,0.23760298005041078,0,1369,0
1.0,ISF_0428,0.25,5,20,0.6380662020905923,0.5881968641114983,0.5885190554114832,17408.22636956582,0.11047666666666667,0.5733885017421603,0.5402874564459931,0.5829370266922876,1,679,0
1.0,ISF_0429,0.25,1,32,0.4566637630662021,0.6539634146341463,0.19823986317056053,29039.9613465867,0.17109433333333332,0.6663763066202091,0.6707317073170732,0.03320954908447192,0,2223,0
1.0,ISF_0430,0.25,11,36,0.7264808362369338,0.6724738675958188,0.6881648129099501,29039.9613465867,0.17109433333333332,0.6663763066202091,0.6707317073170732,0.03454157435558204,0,2192,0
1.0,ISF_0431,0.25,6,34,0.6596254355400697,0.6628919860627178,0.5473191697130572,31013.66431999579,0.19338344444444444,0.6861933797909407,0.7031794425087108,0.012780316735964138,0,2290,0
1.0,ISF_0432,0.25,2,18,0.5313588850174216,0.5760017421602788,0.373114300021637,31013.66431999579,0.19338344444444444,0.6861933797909407,0.7031794425087108,0.3304489024641471,0,1177,0
1.0,ISF_0433,0.25,4,22,0.6117160278745645,0.5997386759581882,0.5132964061160518,34292.25009794533,0.20490744444444445,0.7131968641114983,0.7249564459930313,0.0432567929780333,0,2141,0
1.0,ISF_0434,0.25,7,36,0.6757404181184669,0.6724738675958188,0.5758761600196804,34292.25009794533,0.20490744444444445,0.7131968641114983,0.7249564459930313,0.05633254656185196,0,2082,0
1.0,ISF_0435,0.25,20,47,0.802918118466899,0.7131968641114983,0.7864542371075193,45418.75414356217,0.2630512222222222,0.775479094076655,0.7981271777003485,0.06279217606131136,0,1992,0
1.0,ISF_0436,0.25,24,56,0.8240418118466899,0.7412891986062717,0.7961501380100539,45418.75414356217,0.2630512222222222,0.775479094076655,0.7981271777003485,0.5028293678511402,1,828,0
1.0,ISF_0437,0.25,24,57,0.8240418118466899,0.7447735191637631,0.7927400573059717,53360.73367571831,0.3078573333333333,0.8092334494773519,0.8527874564459931,0.683804924254329,1,459,1
1.0,ISF_0438,0.25,17,47,0.7813588850174216,0.7131968641114983,0.7466343777427104,46421.03680211119,0.2710108888888889,0.7811411149825784,0.8142421602787456,0.020534761864323757,0,2271,0
1.0,ISF_0439,0.25,8,36,0.688588850174216,0.6724738675958188,0.6084947457936597,45894.297000030056,0.26636966666666667,0.7772212543554007,0.8033536585365854,0.03625968617283134,0,2185,0
1.0,ISF_0440,0.25,2,25,0.5313588850174216,0.6232578397212544,0.3371945170584955,45894.297000030056,0.26636966666666667,0.7772212543554007,0.8033536585365854,0.12432058593789118,0,1636,0
1.0,ISF_0441,0.25,5,33,0.6380662020905923,0.6585365853658537,0.5081044484023893,40491.94746501185,0.23067955555555555,0.7467334494773519,0.7589285714285714,0.018858017854688675,0,2276,0
1.0,ISF_0442,0.25,9,68,0.7025261324041812,0.7728658536585366,0.5438184161154122,40491.94746501185,0.23067955555555555,0.7467334494773519,0.7589285714285714,0.38286585476986995,0,1052,0
1.0,ISF_0443,0.25,25,90,0.8310104529616724,0.8116289198606271,0.7222784334813581,37923.75931371376,0.21547855555555556,0.7312717770034843,0.73301393728223,0.41786751041611486,0,962,0
1.0,ISF_0444,0.25,49,93,0.9155052264808362,0.8155487804878049,0.8610541892845328,37923.75931371376,0.21547855555555556,0.7312717770034843,0.73301393728223,0.01330097587549548,0,2287,0
1.0,ISF_0445,0.25,35,84,0.8763066202090593,0.8005226480836237,0.8066172048100577,39581.8684745254,0.22413566666666668,0.7432491289198606,0.7471689895470384,0.7094258234495907,1,412,1
1.0,ISF_0446,0.25,6,53,0.6596254355400697,0.7321428571428571,0.48782099059316425,39581.8684745254,0.22413566666666668,0.7432491289198606,0.7471689895470384,0.02831060545697362,0,2248,0
1.0,ISF_0447,0.25,4,18,0.6117160278745645,0.5760017421602788,0.5466025697329024,30729.2116771983,0.17503122222222223,0.6809668989547039,0.6735627177700348,0.14896313186060445,0,1581,0
1.0,ISF_0448,0.25,2,11,0.5313588850174216,0.5145905923344948,0.4421141086977403,30729.2116771983,0.17503122222222223,0.6809668989547039,0.6735627177700348,0.13326997058991424,0,1614,0
1.0,ISF_0449,0.25,1,5,0.4566637630662021,0.40331010452961674,0.3868528072345416,20141.93991478905,0.13017477777777778,0.6064895470383276,0.5934233449477352,0.7961264606170957,1,226,1
1.0,ISF_0450,0.25,0,7,0.2062282229965157,0.4479529616724739,0.0,20141.93991478905,0.13017477777777778,0.6064895470383276,0.5934233449477352,0.7039848461286097,1,422,1
1.0,ISF_0451,0.25,1,15,0.4566637630662021,0.5546602787456446,0.25,17905.36464945972,0.13545322222222222,0.5801393728222997,0.5988675958188153,0.7981294084241023,1,224,1
1.0,ISF_0452,0.25,10,16,0.7158101045296167,0.5620644599303136,0.846351820920547,9287.293836329132,0.07755055555555555,0.3961236933797909,0.41572299651567945,0.8657732021289551,1,100,1
1.0,ISF_0453,0.25,8,11,0.688588850174216,0.5145905923344948,0.8842282173954806,9287.293836329132,0.07755055555555555,0.3961236933797909,0.41572299651567945,0.7947932823789553,1,229,1
1.0,ISF_0454,0.25,0,9,0.2062282229965157,0.4817073170731707,0.0,2334.7028175592422,0.016972333333333332,0.1875,0.1600609756097561,0.19688686338929798,0,1459,0
1.0,ISF_0455,0.25,0,0,0.2062282229965157,0.10322299651567944,0.0,2334.7028175592422,0.016972333333333332,0.1875,0.1600609756097561,0.06044399473471527,0,2003,0
1.0,ISF_0456,0.25,0,0,0.2062282229965157,0.10322299651567944,0.0,1120.9829295016825,0.006344888888888889,0.15178571428571427,0.09995644599303136,0.03443776562689816,0,2193,0
1.0,ISF_0457,0.25,0,0,0.2062282229965157,0.10322299651567944,0.0,1120.9829295016825,0.006344888888888889,0.15178571428571427,0.09995644599303136,0.03443776562689816,0,2194,0
1.0,ISF_0458,0.25,0,0,0.2062282229965157,0.10322299651567944,0.0,11.54859034717083,0.00020888888888888888,0.023954703832752614,0.02264808362369338,0.09930901560430255,0,1713,0
1.0,ISF_0459,0.25,0,0,0.2062282229965157,0.10322299651567944,0.0,11.54859034717083,0.00020888888888888888,0.023954703832752614,0.02264808362369338,0.09930901560430255,0,1714,0
1.0,ISF_0460,0.25,0,0,0.2062282229965157,0.10322299651567944,0.0,6798.257673645392,0.04398866666666667,0.34146341463414637,0.29486062717770034,0.721147067458031,1,379,1
1.0,ISF_0461,0.25,0,2,0.2062282229965157,0.3079268292682927,0.0,6798.257673645392,0.04398866666666667,0.34146341463414637,0.29486062717770034,0.8279220815107493,1,169,1
0.8731051086988467,ISF_0462,0.21827627717471168,2,2,0.5313588850174216,0.3079268292682927,1.0,15438.46233414393,0.10165411111111111,0.547691637630662,0.5071864111498258,0.6306657791446304,1,580,0
0.6724376365651147,ISF_0463,0.16810940914127867,2,2,0.5313588850174216,0.3079268292682927,1.0,15438.46233414393,0.10165411111111111,0.547691637630662,0.5071864111498258,0.6306657791446304,1,581,0
0.5761964128368912,ISF_0464,0.1440491032092228,0,2,0.2062282229965157,0.3079268292682927,0.0,18859.83041966753,0.13178333333333334,0.5927700348432056,0.5962543554006968,0.7283846906904146,1,357,1
0.6510777383199893,ISF_0465,0.16276943457999732,0,0,0.2062282229965157,0.10322299651567944,0.0,5.827641928568482,0.00012022222222222222,0.015461672473867595,0.01720383275261324,0.09930901560430255,0,1715,0
1.0,ISF_0466,0.25,0,0,0.2062282229965157,0.10322299651567944,0.0,3.313799351453781,6.833333333333333e-05,0.011977351916376307,0.011977351916376307,0.09930901560430255,0,1716,0
1.0,ISF_0467,0.25,0,0,0.2062282229965157,0.10322299651567944,0.0,3.313799351453781,6.833333333333333e-05,0.011977351916376307,0.011977351916376307,0.09930901560430255,0,1717,0
1.0,ISF_0468,0.25,0,0,0.2062282229965157,0.10322299651567944,0.0,3.9761291295289993,8.088888888888889e-05,0.013937282229965157,0.013937282229965157,0.09930901560430255,0,1718,0
1.0,ISF_0469,0.25,0,0,0.2062282229965157,0.10322299651567944,0.0,3.9761291295289993,8.088888888888889e-05,0.013937282229965157,0.013937282229965157,0.09930901560430255,0,1719,0
1.0,ISF_0470,0.25,0,0,0.2062282229965157,0.10322299651567944,0.0,16033.098248124123,0.06225766666666667,0.5524825783972126,0.3673780487804878,0.6091194666929447,1,620,0
1.0,ISF_0471,0.25,0,9,0.2062282229965157,0.4817073170731707,0.0,16033.098248124123,0.06225766666666667,0.5524825783972126,0.3673780487804878,0.7896693865427494,1,242,1
1.0,ISF_0472,0.25,6,91,0.6596254355400697,0.813588850174216,0.4303408078237111,36794.34825142473,0.1766631111111111,0.726698606271777,0.6770470383275261,0.066011750853135,0,1978,0
1.0,ISF_0473,0.25,55,130,0.9248693379790941,0.8610627177700348,0.8256797466593668,36794.34825142473,0.1766631111111111,0.726698606271777,0.6770470383275261,0.023586936637163984,0,2262,0
1.0,ISF_0474,0.25,32,149,0.866506968641115,0.8776132404181185,0.6978172140339599,62277.44763345644,0.2927742222222222,0.8471254355400697,0.837979094076655,0.8566213827919978,1,121,1
1.0,ISF_0475,0.25,10,167,0.7158101045296167,0.8932926829268293,0.46797660608801384,62277.44763345644,0.2927742222222222,0.8471254355400697,0.837979094076655,0.8335784551965707,1,157,1
1.0,ISF_0476,0.25,16,90,0.7741724738675958,0.8116289198606271,0.6280872503262551,59330.78801467875,0.2705078888888889,0.8281794425087108,0.8125,0.13254087410451887,0,1617,0
1.0,ISF_0477,0.25,4,63,0.6117160278745645,0.760670731707317,0.3869880158145604,59330.78801467875,0.2705078888888889,0.8281794425087108,0.8125,0.5235482535292779,1,778,0
1.0,ISF_0478,0.25,3,28,0.5792682926829268,0.6374128919860628,0.4116936649208689,37727.97479569679,0.16909655555555556,0.7293118466898955,0.6652874564459931,0.07395864023236831,0,1955,0
1.0,ISF_0479,0.25,19,23,0.7959494773519163,0.6071428571428571,0.9426310671477853,17656.612187109888,0.108512,0.5764372822299652,0.5263501742160279,0.3660694030378216,0,1098,0
1.0,ISF_0480,0.25,8,24,0.688588850174216,0.6162891986062717,0.6826061944859854,17408.22636956582,0.11047666666666667,0.5733885017421603,0.5402874564459931,0.32406837076857836,0,1193,0
1.0,ISF_0481,0.25,2,40,0.5313588850174216,0.6925087108013938,0.29583707248290936,29039.9613465867,0.17109433333333332,0.6663763066202091,0.6707317073170732,0.03812583835810828,0,2174,0
1.0,ISF_0482,0.25,19,36,0.7959494773519163,0.6724738675958188,0.8296317850549692,29039.9613465867,0.17109433333333332,0.6663763066202091,0.6707317073170732,0.012851945178156715,0,2288,0
1.0,ISF_0483,0.25,12,39,0.7354094076655052,0.6877177700348432,0.695319375264767,43998.69380046241,0.255949,0.7611062717770035,0.7854965156794426,0.220284847539507,0,1411,0
1.0,ISF_0484,0.25,2,26,0.5313588850174216,0.6287020905923345,0.33333333333333337,43998.69380046241,0.255949,0.7611062717770035,0.7854965156794426,0.13977416044334404,0,1592,0
1.0,ISF_0485,0.25,5,26,0.6380662020905923,0.6287020905923345,0.5436432511904858,43603.32378605334,0.2526041111111111,0.7593641114982579,0.7820121951219512,0.05229279947862472,0,2103,0
1.0,ISF_0486,0.25,15,35,0.7652439024390244,0.6672473867595818,0.7737056144690831,34292.25009794533,0.20490744444444445,0.7131968641114983,0.7249564459930313,0.01807348148488022,0,2279,0
1.0,ISF_0487,0.25,14,46,0.7545731707317073,0.7110191637630662,0.7033626970299577,45418.75414356217,0.2630512222222222,0.775479094076655,0.7981271777003485,0.05260006451406711,0,2102,0
1.0,ISF_0488,0.25,7,56,0.6757404181184669,0.7412891986062717,0.5143248017217403,45418.75414356217,0.2630512222222222,0.775479094076655,0.7981271777003485,0.5025633596473704,1,829,0
1.0,ISF_0489,0.25,16,49,0.7741724738675958,0.7195121951219512,0.7242322808748767,53360.73367571831,0.3078573333333333,0.8092334494773519,0.8527874564459931,0.13035767767596818,0,1625,0
1.0,ISF_0490,0.25,12,38,0.7354094076655052,0.6818379790940766,0.7001245250427999,53360.73367571831,0.3078573333333333,0.8092334494773519,0.8527874564459931,0.42854937090392825,0,948,0
1.0,ISF_0491,0.25,4,31,0.6117160278745645,0.648301393728223,0.46438561897747244,59568.65317331441,0.3297007777777778,0.831663763066202,0.885670731707317,0.1323784713856915,0,1618,0
1.0,ISF_0492,0.25,3,41,0.5792682926829268,0.6957752613240418,0.3708980468307378,59568.65317331441,0.3297007777777778,0.831663763066202,0.885670731707317,0.1376917095679387,0,1603,0
1.0,ISF_0493,0.25,20,56,0.802918118466899,0.7412891986062717,0.7530259291898771,40491.94746501185,0.23067955555555555,0.7467334494773519,0.7589285714285714,0.22086494585325125,0,1408,0
1.0,ISF_0494,0.25,22,72,0.8125,0.7817944250871081,0.7308061663181458,40491.94746501185,0.23067955555555555,0.7467334494773519,0.7589285714285714,0.44094091279594205,0,931,0
1.0,ISF_0495,0.25,32,97,0.866506968641115,0.8214285714285714,0.762602478148941,37923.75931371376,0.21547855555555556,0.7312717770034843,0.73301393728223,0.4341864244792728,0,941,0
1.0,ISF_0496,0.25,48,89,0.9122386759581882,0.8092334494773519,0.8648855358864512,37923.75931371376,0.21547855555555556,0.7312717770034843,0.73301393728223,0.01802547612592235,0,2280,0
1.0,ISF_0497,0.25,30,75,0.8577961672473867,0.7857142857142857,0.7929343449851162,31534.902975916862,0.18015877777777778,0.6927264808362369,0.6857578397212544,0.4311115913530527,0,945,0
1.0,ISF_0498,0.25,9,47,0.7025261324041812,0.7131968641114983,0.5947986391060673,31534.902975916862,0.18015877777777778,0.6927264808362369,0.6857578397212544,0.07349744248161011,0,1958,0
1.0,ISF_0499,0.25,9,13,0.7025261324041812,0.5376742160278746,0.872502869549156,16404.2010060288,0.097658,0.5616289198606271,0.48802264808362367,0.38189342337209253,0,1056,0
1.0,ISF_0500,0.25,2,10,0.5313588850174216,0.49869337979094075,0.45815690999132624,30729.2116771983,0.17503122222222223,0.6809668989547039,0.6735627177700348,0.13326997058991424,0,1615,0
1.0,ISF_0501,0.25,0,3,0.2062282229965157,0.3477787456445993,0.0,20141.93991478905,0.13017477777777778,0.6064895470383276,0.5934233449477352,0.7459159584226939,1,315,1
1.0,ISF_0502,0.25,0,0,0.2062282229965157,0.10322299651567944,0.0,20141.93991478905,0.13017477777777778,0.6064895470383276,0.5934233449477352,0.7523018689616424,1,297,1
1.0,ISF_0503,0.25,0,5,0.2062282229965157,0.40331010452961674,0.0,11153.987000312656,0.07178266666666666,0.43793554006968644,0.3943815331010453,0.7620967751465376,1,279,1
1.0,ISF_0504,0.25,0,11,0.2062282229965157,0.5145905923344948,0.0,7473.5843673516065,0.04951233333333333,0.3595383275261324,0.3212108013937282,0.9045375625351141,1,37,1
1.0,ISF_0505,0.25,2,10,0.5313588850174216,0.49869337979094075,0.45815690999132624,7473.5843673516065,0.04951233333333333,0.3595383275261324,0.3212108013937282,0.8975997922540897,1,47,1
1.0,ISF_0506,0.25,0,5,0.2062282229965157,0.40331010452961674,0.0,4693.0808416605,0.02868411111111111,0.29115853658536583,0.20840592334494773,0.9339037996912587,1,8,1
1.0,ISF_0507,0.25,0,0,0.2062282229965157,0.10322299651567944,0.0,2334.7028175592422,0.016972333333333332,0.1875,0.1600609756097561,0.06044399473471527,0,2004,0
1.0,ISF_0508,0.25,0,1,0.2062282229965157,0.2452090592334495,0.0,1120.9829295016825,0.006344888888888889,0.15178571428571427,0.09995644599303136,0.051421911398404525,0,2104,0
1.0,ISF_0509,0.25,0,1,0.2062282229965157,0.2452090592334495,0.0,1120.9829295016825,0.006344888888888889,0.15178571428571427,0.09995644599303136,0.051421911398404525,0,2105,0
1.0,ISF_0510,0.25,0,1,0.2062282229965157,0.2452090592334495,0.0,1203.2363004218787,0.006717444444444444,0.15875435540069685,0.101698606271777,0.051421911398404525,0,2106,0
1.0,ISF_0511,0.25,0,0,0.2062282229965157,0.10322299651567944,0.0,1203.2363004218787,0.006717444444444444,0.15875435540069685,0.101698606271777,0.03443776562689816,0,2195,0
0.9476997241102888,ISF_0512,0.2369249310275722,0,0,0.2062282229965157,0.10322299651567944,0.0,9557.332793796435,0.05903566666666667,0.4061411149825784,0.3577961672473868,0.5017054074045082,1,833,0
0.36447603608818374,ISF_0513,0.09111900902204594,0,0,0.2062282229965157,0.10322299651567944,0.0,6798.257673645392,0.04398866666666667,0.34146341463414637,0.29486062717770034,0.721147067458031,1,380,1
0.9599797716633367,ISF_0514,0.23999494291583418,0,0,0.2062282229965157,0.10322299651567944,0.0,0.0,0.0,0.002613240418118467,0.002613240418118467,0.09930901560430255,0,1720,0
1.0,ISF_0515,0.25,0,0,0.2062282229965157,0.10322299651567944,0.0,10.092228412628174,0.00017622222222222223,0.018510452961672474,0.018510452961672474,0.09930901560430255,0,1721,0
1.0,ISF_0516,0.25,0,0,0.2062282229965157,0.10322299651567944,0.0,10.092228412628174,0.00017622222222222223,0.018510452961672474,0.018510452961672474,0.09930901560430255,0,1722,0
1.0,ISF_0517,0.25,0,0,0.2062282229965157,0.10322299651567944,0.0,3.9761291295289993,8.088888888888889e-05,0.013937282229965157,0.013937282229965157,0.09930901560430255,0,1723,0
1.0,ISF_0518,0.25,0,0,0.2062282229965157,0.10322299651567944,0.0,3.9761291295289993,8.088888888888889e-05,0.013937282229965157,0.013937282229965157,0.09930901560430255,0,1724,0
1.0,ISF_0519,0.25,0,0,0.2062282229965157,0.10322299651567944,0.0,16033.098248124123,0.06225766666666667,0.5524825783972126,0.3673780487804878,0.6091194666929447,1,621,0
1.0,ISF_0520,0.25,0,31,0.2062282229965157,0.648301393728223,0.0,16033.098248124123,0.06225766666666667,0.5524825783972126,0.3673780487804878,0.5021053630599884,1,831,0
1.0,ISF_0521,0.25,6,213,0.6596254355400697,0.9209494773519163,0.36263862223905025,34674.03239724971,0.15717566666666666,0.7149390243902439,0.6391550522648084,0.16055933509338546,0,1565,0
1.0,ISF_0522,0.25,70,332,0.9462108013937283,0.9547038327526133,0.7339144802998226,34674.03239724971,0.15717566666666666,0.7149390243902439,0.6391550522648084,0.5424195571041551,1,725,0
1.0,ISF_0523,0.25,64,347,0.9383710801393729,0.9581881533101045,0.7133019208276786,63012.303073564544,0.28929533333333335,0.8508275261324042,0.8329703832752613,0.9033214430295382,1,41,1
1.0,ISF_0524,0.25,16,349,0.7741724738675958,0.9586236933797909,0.4836540925510174,62277.44763345644,0.2927742222222222,0.8471254355400697,0.837979094076655,0.5793115113093816,1,681,0
1.0,ISF_0525,0.25,67,248,0.9431620209059234,0.9420731707317073,0.7647564527247246,59330.78801467875,0.2705078888888889,0.8281794425087108,0.8125,0.7082362215510487,1,413,1
1.0,ISF_0526,0.25,10,180,0.7158101045296167,0.9046167247386759,0.4612670274459091,59330.78801467875,0.2705078888888889,0.8281794425087108,0.8125,0.8250811800888374,1,178,1
1.0,ISF_0527,0.25,4,43,0.6117160278745645,0.7025261324041812,0.42530582981583853,37727.97479569679,0.16909655555555556,0.7293118466898955,0.6652874564459931,0.035006143654072314,0,2191,0
1.0,ISF_0528,0.25,15,26,0.7652439024390244,0.6287020905923345,0.8412396714286099,37727.97479569679,0.16909655555555556,0.7293118466898955,0.6652874564459931,0.04468688893316504,0,2136,0
1.0,ISF_0529,0.25,8,29,0.688588850174216,0.6402439024390244,0.646015014942309,31199.97463705018,0.14979755555555554,0.6875,0.6199912891986062,0.05317183029555366,0,2094,0
1.0,ISF_0530,0.25,6,40,0.6596254355400697,0.6925087108013938,0.5239995654055677,38873.22112759156,0.21091666666666667,0.7388937282229965,0.7310540069686411,0.02118106759212912,0,2269,0
1.0,ISF_0531,0.25,20,38,0.802918118466899,0.6818379790940766,0.8310280355019535,29039.9613465867,0.17109433333333332,0.6663763066202091,0.6707317073170732,0.010234182291590904,0,2296,0
1.0,ISF_0532,0.25,18,42,0.788109756097561,0.6990418118466899,0.7828456047528032,43998.69380046241,0.255949,0.7611062717770035,0.7854965156794426,0.02606977952250936,0,2252,0
1.0,ISF_0533,0.25,2,43,0.5313588850174216,0.7025261324041812,0.2903163939832937,43998.69380046241,0.255949,0.7611062717770035,0.7854965156794426,0.06452881612368505,0,1986,0
1.0,ISF_0534,0.25,9,35,0.7025261324041812,0.6672473867595818,0.6425486044692345,43603.32378605334,0.2526041111111111,0.7593641114982579,0.7820121951219512,0.04056541052736481,0,2152,0
1.0,ISF_0535,0.25,12,38,0.7354094076655052,0.6818379790940766,0.7001245250427999,43603.32378605334,0.2526041111111111,0.7593641114982579,0.7820121951219512,0.220284847539507,0,1412,0
1.0,ISF_0536,0.25,4,32,0.6117160278745645,0.6539634146341463,0.460298707822351,44578.39782935195,0.25644866666666666,0.7663327526132404,0.7872386759581882,0.02854390756637909,0,2245,0
1.0,ISF_0537,0.25,0,35,0.2062282229965157,0.6672473867595818,0.0,44578.39782935195,0.25644866666666666,0.7663327526132404,0.7872386759581882,0.05133948736901287,0,2116,0
1.0,ISF_0538,0.25,5,24,0.6380662020905923,0.6162891986062717,0.5566413762796892,53360.73367571831,0.3078573333333333,0.8092334494773519,0.8527874564459931,0.1204762453642184,0,1647,0
1.0,ISF_0539,0.25,7,27,0.6757404181184669,0.633493031358885,0.6240437930295284,53360.73367571831,0.3078573333333333,0.8092334494773519,0.8527874564459931,0.18385884505085504,0,1504,0
1.0,ISF_0540,0.25,5,36,0.6380662020905923,0.6724738675958188,0.49620609290338996,59568.65317331441,0.3297007777777778,0.831663763066202,0.885670731707317,0.06781664721491618,0,1975,0
1.0,ISF_0541,0.25,12,61,0.7354094076655052,0.7526132404181185,0.6214843322659369,59568.65317331441,0.3297007777777778,0.831663763066202,0.885670731707317,0.45497442290180806,0,897,0
1.0,ISF_0542,0.25,28,68,0.8486498257839721,0.7728658536585366,0.7952789629477601,60745.739893782884,0.32119566666666666,0.8360191637630662,0.8673780487804879,0.7003529457326247,1,431,1
1.0,ISF_0543,0.25,27,81,0.8432055749128919,0.7974738675958188,0.7561644668522685,60745.739893782884,0.32119566666666666,0.8360191637630662,0.8673780487804879,0.6360634848276341,1,562,0
1.0,ISF_0544,0.25,16,69,0.7741724738675958,0.7759146341463414,0.6668745479610213,49835.33083022386,0.26071444444444447,0.7968205574912892,0.7929006968641115,0.0824224402517932,0,1913,0
1.0,ISF_0545,0.25,8,65,0.688588850174216,0.7650261324041812,0.5244404879704909,37923.75931371376,0.21547855555555556,0.7312717770034843,0.73301393728223,0.37691461155908157,0,1070,0
1.0,ISF_0546,0.25,0,54,0.2062282229965157,0.7356271777003485,0.0,31534.902975916862,0.18015877777777778,0.6927264808362369,0.6857578397212544,0.047956560308567216,0,2127,0
1.0,ISF_0547,0.25,1,21,0.4566637630662021,0.5942944250871081,0.2242438242175754,31534.902975916862,0.18015877777777778,0.6927264808362369,0.6857578397212544,0.3272400907947721,0,1183,0
1.0,ISF_0548,0.25,5,11,0.6380662020905923,0.5145905923344948,0.7210570543488701,16404.2010060288,0.097658,0.5616289198606271,0.48802264808362367,0.5230172019417968,1,779,0
1.0,ISF_0549,0.25,0,9,0.2062282229965157,0.4817073170731707,0.0,16404.2010060288,0.097658,0.5616289198606271,0.48802264808362367,0.5676487439385901,1,693,0
1.0,ISF_0550,0.25,0,1,0.2062282229965157,0.2452090592334495,0.0,6773.341263065115,0.045144555555555556,0.3395034843205575,0.3003048780487805,0.818968976103574,1,192,1
1.0,ISF_0551,0.25,0,0,0.2062282229965157,0.10322299651567944,0.0,6773.341263065115,0.045144555555555556,0.3395034843205575,0.3003048780487805,0.721147067458031,1,381,1
1.0,ISF_0552,0.25,0,0,0.2062282229965157,0.10322299651567944,0.0,11153.987000312656,0.07178266666666666,0.43793554006968644,0.3943815331010453,0.6013581981590199,1,634,0
1.0,ISF_0553,0.25,0,2,0.2062282229965157,0.3079268292682927,0.0,7473.5843673516065,0.04951233333333333,0.3595383275261324,0.3212108013937282,0.7458073823193968,1,316,1
1.0,ISF_0554,0.25,1,2,0.4566637630662021,0.3079268292682927,0.6309297535714574,7473.5843673516065,0.04951233333333333,0.3595383275261324,0.3212108013937282,0.5892690566555157,1,668,0
1.0,ISF_0555,0.25,0,2,0.2062282229965157,0.3079268292682927,0.0,4693.0808416605,0.02868411111111111,0.29115853658536583,0.20840592334494773,0.8841587537204785,1,64,1
1.0,ISF_0556,0.25,0,0,0.2062282229965157,0.10322299651567944,0.0,4693.0808416605,0.02868411111111111,0.29115853658536583,0.20840592334494773,0.8040186340198434,1,217,1
1.0,ISF_0557,0.25,0,1,0.2062282229965157,0.2452090592334495,0.0,9468.890106711537,0.04017077777777778,0.3989547038327526,0.2691637630662021,0.6007151682589686,1,644,0
1.0,ISF_0558,0.25,1,1,0.4566637630662021,0.2452090592334495,1.0,9468.890106711537,0.04017077777777778,0.3989547038327526,0.2691637630662021,0.8513309450773585,1,129,1
1.0,ISF_0559,0.25,1,1,0.4566637630662021,0.2452090592334495,1.0,1203.2363004218787,0.006717444444444444,0.15875435540069685,0.101698606271777,0.18108892457700476,0,1510,0
0.8202965711819772,ISF_0560,0.2050741427954943,0,1,0.2062282229965157,0.2452090592334495,0.0,1203.2363004218787,0.006717444444444444,0.15875435540069685,0.101698606271777,0.051421911398404525,0,2107,0
0.15019669619728074,ISF_0561,0.037549174049320184,0,0,0.2062282229965157,0.10322299651567944,0.0,9557.332793796435,0.05903566666666667,0.4061411149825784,0.3577961672473868,0.5017054074045082,1,834,0
0.36883227136405183,ISF_0562,0.09220806784101296,0,0,0.2062282229965157,0.10322299651567944,0.0,0.0,0.0,0.002613240418118467,0.002613240418118467,0.09930901560430255,0,1725,0
1.0,ISF_0563,0.25,0,0,0.2062282229965157,0.10322299651567944,0.0,0.0,0.0,0.002613240418118467,0.002613240418118467,0.09930901560430255,0,1726,0
1.0,ISF_0564,0.25,0,0,0.2062282229965157,0.10322299651567944,0.0,10.092228412628174,0.00017622222222222223,0.018510452961672474,0.018510452961672474,0.09930901560430255,0,1727,0
1.0,ISF_0565,0.25,0,0,0.2062282229965157,0.10322299651567944,0.0,10.092228412628174,0.00017622222222222223,0.018510452961672474,0.018510452961672474,0.09930901560430255,0,1728,0
1.0,ISF_0566,0.25,0,0,0.2062282229965157,0.10322299651567944,0.0,12.636176884174347,0.00022755555555555555,0.02809233449477352,0.026785714285714284,0.09930901560430255,0,1729,0
1.0,ISF_0567,0.25,0,0,0.2062282229965157,0.10322299651567944,0.0,12.636176884174347,0.00022755555555555555,0.02809233449477352,0.026785714285714284,0.09930901560430255,0,1730,0
1.0,ISF_0568,0.25,0,0,0.2062282229965157,0.10322299651567944,0.0,12641.076936477795,0.04614588888888889,0.4725609756097561,0.3057491289198606,0.527306168753725,1,765,0
1.0,ISF_0569,0.25,0,119,0.2062282229965157,0.8484320557491289,0.0,12641.076936477795,0.04614588888888889,0.4725609756097561,0.3057491289198606,0.3087953161445641,0,1232,0
1.0,ISF_0570,0.25,107,260,0.9699477351916377,0.9446864111498258,0.8414258344641375,34674.03239724971,0.15717566666666666,0.7149390243902439,0.6391550522648084,0.036715419486553186,0,2183,0
1.0,ISF_0571,0.25,211,351,0.9921602787456446,0.9594947735191638,0.913527149689055,34674.03239724971,0.15717566666666666,0.7149390243902439,0.6391550522648084,0.14088876955588797,0,1590,0
1.0,ISF_0572,0.25,155,415,0.9827961672473867,0.9673344947735192,0.837360231767553,63012.303073564544,0.28929533333333335,0.8508275261324042,0.8329703832752613,0.383183161119281,0,1050,0
1.0,ISF_0573,0.25,77,539,0.9531794425087108,0.9788763066202091,0.6924677659976316,63012.303073564544,0.28929533333333335,0.8508275261324042,0.8329703832752613,0.8692988970805359,1,95,1
1.0,ISF_0574,0.25,172,477,0.9864982578397212,0.9740853658536586,0.8352701358221251,67498.65280348482,0.3036092222222222,0.8617160278745645,0.8460365853658537,0.36319490160538215,0,1102,0
1.0,ISF_0575,0.25,66,413,0.9412020905923345,0.9666811846689896,0.6977740025508335,67498.65280348482,0.3036092222222222,0.8617160278745645,0.8460365853658537,0.875412231289976,1,89,1
1.0,ISF_0576,0.25,11,196,0.7264808362369338,0.9146341463414634,0.47034087220058346,56359.7244865885,0.23918422222222221,0.8175087108013938,0.7713414634146342,0.8082382315222569,1,212,1
1.0,ISF_0577,0.25,3,43,0.5792682926829268,0.7025261324041812,0.36633850182726724,37727.97479569679,0.16909655555555556,0.7293118466898955,0.6652874564459931,0.03629041600795205,0,2184,0
1.0,ISF_0578,0.25,1,25,0.4566637630662021,0.6232578397212544,0.21274605355336315,31199.97463705018,0.14979755555555554,0.6875,0.6199912891986062,0.09735640991729638,0,1845,0
1.0,ISF_0579,0.25,5,26,0.6380662020905923,0.6287020905923345,0.5436432511904858,38873.22112759156,0.21091666666666667,0.7388937282229965,0.7310540069686411,0.03228396514884152,0,2226,0
1.0,ISF_0580,0.25,16,46,0.7741724738675958,0.7110191637630662,0.735871357970233,38873.22112759156,0.21091666666666667,0.7388937282229965,0.7310540069686411,0.03360486479382634,0,2222,0
1.0,ISF_0581,0.25,16,49,0.7741724738675958,0.7195121951219512,0.7242322808748767,54059.17574067647,0.29194644444444445,0.8138066202090593,0.8347125435540069,0.1349389597336741,0,1609,0
1.0,ISF_0582,0.25,3,54,0.5792682926829268,0.7356271777003485,0.3459393808901542,54059.17574067647,0.29194644444444445,0.8138066202090593,0.8347125435540069,0.19580584877563773,0,1463,0
1.0,ISF_0583,0.25,16,45,0.7741724738675958,0.7094947735191638,0.7400048870218827,52460.9109028019,0.28351533333333334,0.8048780487804879,0.8257839721254355,0.05460213173751656,0,2088,0
1.0,ISF_0584,0.25,7,42,0.6757404181184669,0.6990418118466899,0.5528664994461185,43603.32378605334,0.2526041111111111,0.7593641114982579,0.7820121951219512,0.10569646463596659,0,1690,0
1.0,ISF_0585,0.25,6,22,0.6596254355400697,0.5997386759581882,0.6206071563358557,44578.39782935195,0.25644866666666666,0.7663327526132404,0.7872386759581882,0.02185742117786099,0,2266,0
1.0,ISF_0586,0.25,4,10,0.6117160278745645,0.49869337979094075,0.6711877414712396,44578.39782935195,0.25644866666666666,0.7663327526132404,0.7872386759581882,0.06585893500800036,0,1979,0
1.0,ISF_0587,0.25,2,13,0.5313588850174216,0.5376742160278746,0.4162896638657993,49464.50669258833,0.28131344444444445,0.793336236933798,0.8212108013937283,0.34515018100197203,0,1152,0
1.0,ISF_0588,0.25,1,27,0.4566637630662021,0.633493031358885,0.20801459767650946,49464.50669258833,0.28131344444444445,0.793336236933798,0.8212108013937283,0.12157526797783591,0,1645,0
1.0,ISF_0589,0.25,9,35,0.7025261324041812,0.6672473867595818,0.6425486044692345,61778.83021398634,0.32454655555555556,0.8449477351916377,0.8732578397212544,0.1317864611279895,0,1621,0
1.0,ISF_0590,0.25,18,64,0.788109756097561,0.7632839721254355,0.705358364903229,61778.83021398634,0.32454655555555556,0.8449477351916377,0.8732578397212544,0.47906685197946786,0,867,0
1.0,ISF_0591,0.25,29,70,0.8538763066202091,0.7776567944250871,0.797901198253455,60745.739893782884,0.32119566666666666,0.8360191637630662,0.8673780487804879,0.6995809217752426,1,436,1
1.0,ISF_0592,0.25,21,76,0.8077090592334495,0.7872386759581882,0.7115978164692374,60745.739893782884,0.32119566666666666,0.8360191637630662,0.8673780487804879,0.7218508598185079,1,375,1
1.0,ISF_0593,0.25,2,61,0.5313588850174216,0.7526132404181185,0.2661925166888179,49835.33083022386,0.26071444444444447,0.7968205574912892,0.7929006968641115,0.3183185533311172,0,1206,0
1.0,ISF_0594,0.25,2,27,0.5313588850174216,0.633493031358885,0.3296953369198657,49835.33083022386,0.26071444444444447,0.7968205574912892,0.7929006968641115,0.1133384858242506,0,1673,0
1.0,ISF_0595,0.25,2,6,0.5313588850174216,0.429006968641115,0.5645750340535797,32932.93427317776,0.18447088888888888,0.7031794425087108,0.6927264808362369,0.06808526570768428,0,1971,0
1.0,ISF_0596,0.25,0,5,0.2062282229965157,0.40331010452961674,0.0,32932.93427317776,0.18447088888888888,0.7031794425087108,0.6927264808362369,0.1987413913533622,0,1449,0
1.0,ISF_0597,0.25,1,6,0.4566637630662021,0.429006968641115,0.3562071871080222,12259.357113718987,0.08301377777777778,0.45905923344947736,0.436411149825784,0.8044319881980264,1,216,1
1.0,ISF_0598,0.25,1,1,0.4566637630662021,0.2452090592334495,1.0,16404.2010060288,0.097658,0.5616289198606271,0.48802264808362367,0.6484227797028033,1,538,0
1.0,ISF_0599,0.25,0,1,0.2062282229965157,0.2452090592334495,0.0,6773.341263065115,0.045144555555555556,0.3395034843205575,0.3003048780487805,0.818968976103574,1,193,1
1.0,ISF_0600,0.25,0,0,0.2062282229965157,0.10322299651567944,0.0,6773.341263065115,0.045144555555555556,0.3395034843205575,0.3003048780487805,0.721147067458031,1,382,1
1.0,ISF_0601,0.25,0,0,0.2062282229965157,0.10322299651567944,0.0,206.0290904827416,0.003562777777777778,0.08166376306620209,0.07948606271777003,0.08241391036737568,0,1915,0
1.0,ISF_0602,0.25,0,1,0.2062282229965157,0.2452090592334495,0.0,167.83152526803315,0.002802666666666667,0.06946864111498258,0.06772648083623693,0.16391520100777143,0,1548,0
1.0,ISF_0603,0.25,0,1,0.2062282229965157,0.2452090592334495,0.0,167.83152526803315,0.002802666666666667,0.06946864111498258,0.06772648083623693,0.16391520100777143,0,1549,0
1.0,ISF_0604,0.25,0,1,0.2062282229965157,0.2452090592334495,0.0,8536.73722924292,0.030561333333333333,0.38087979094076657,0.21668118466898956,0.6981182439042666,1,442,1
1.0,ISF_0605,0.25,0,0,0.2062282229965157,0.10322299651567944,0.0,4693.0808416605,0.02868411111111111,0.29115853658536583,0.20840592334494773,0.8040186340198434,1,218,1
1.0,ISF_0606,0.25,0,1,0.2062282229965157,0.2452090592334495,0.0,9468.890106711537,0.04017077777777778,0.3989547038327526,0.2691637630662021,0.6007151682589686,1,645,0
0.9999122036884154,ISF_0607,0.24997805092210384,0,1,0.2062282229965157,0.2452090592334495,0.0,9468.890106711537,0.04017077777777778,0.3989547038327526,0.2691637630662021,0.6007151682589686,1,646,0
0.6114799222842561,ISF_0608,0.15286998057106402,0,1,0.2062282229965157,0.2452090592334495,0.0,9638.878915853798,0.04040144444444444,0.406794425087108,0.27090592334494773,0.6415972078451775,1,552,0
0.7291266970742067,ISF_0609,0.18228167426855169,0,0,0.2062282229965157,0.10322299651567944,0.0,0.0,0.0,0.002613240418118467,0.002613240418118467,0.09930901560430255,0,1731,0
1.0,ISF_0610,0.25,0,0,0.2062282229965157,0.10322299651567944,0.0,0.0,0.0,0.002613240418118467,0.002613240418118467,0.09930901560430255,0,1732,0
1.0,ISF_0611,0.25,0,0,0.2062282229965157,0.10322299651567944,0.0,11.227445047348738,0.000196,0.021994773519163763,0.02068815331010453,0.09930901560430255,0,1733,0
1.0,ISF_0612,0.25,0,0,0.2062282229965157,0.10322299651567944,0.0,11.227445047348738,0.000196,0.021994773519163763,0.02068815331010453,0.09930901560430255,0,1734,0
1.0,ISF_0613,0.25,0,0,0.2062282229965157,0.10322299651567944,0.0,12.636176884174347,0.00022755555555555555,0.02809233449477352,0.026785714285714284,0.09930901560430255,0,1735,0
1.0,ISF_0614,0.25,0,0,0.2062282229965157,0.10322299651567944,0.0,12.636176884174347,0.00022755555555555555,0.02809233449477352,0.026785714285714284,0.09930901560430255,0,1736,0
1.0,ISF_0615,0.25,0,0,0.2062282229965157,0.10322299651567944,0.0,12641.076936477795,0.04614588888888889,0.4725609756097561,0.3057491289198606,0.527306168753725,1,766,0
1.0,ISF_0616,0.25,0,103,0.2062282229965157,0.828397212543554,0.0,12641.076936477795,0.04614588888888889,0.4725609756097561,0.3057491289198606,0.3227981785927319,0,1195,0
1.0,ISF_0617,0.25,87,213,0.9614547038327527,0.9209494773519163,0.83439374345768,26360.508465519175,0.11634277777777778,0.6500435540069687,0.5568379790940766,0.03884465991195593,0,2158,0
1.0,ISF_0618,0.25,137,319,0.9769163763066202,0.952308362369338,0.8541920064348242,26360.508465519175,0.11634277777777778,0.6500435540069687,0.5568379790940766,0.11553203269925891,0,1663,0
1.0,ISF_0619,0.25,135,410,0.9764808362369338,0.9655923344947736,0.816246373638204,57635.61345904134,0.25132777777777776,0.8212108013937283,0.7802700348432056,0.5093641407515408,1,812,0
1.0,ISF_0620,0.25,138,582,0.9773519163763066,0.98301393728223,0.7748632049804053,63012.303073564544,0.28929533333333335,0.8508275261324042,0.8329703832752613,0.8184347763019578,1,195,1
1.0,ISF_0621,0.25,298,584,0.9973867595818815,0.9834494773519163,0.894662718016516,67498.65280348482,0.3036092222222222,0.8617160278745645,0.8460365853658537,0.5572527467836466,1,711,0
1.0,ISF_0622,0.25,164,494,0.9849738675958188,0.975609756097561,0.8229346343915277,67498.65280348482,0.3036092222222222,0.8617160278745645,0.8460365853658537,0.541909838254205,1,734,0
1.0,ISF_0623,0.25,55,237,0.9248693379790941,0.9348867595818815,0.7355907503081252,56359.7244865885,0.23918422222222221,0.8175087108013938,0.7713414634146342,0.789216415697462,1,243,1
1.0,ISF_0624,0.25,8,79,0.688588850174216,0.7931184668989547,0.5014174400379338,56359.7244865885,0.23918422222222221,0.8175087108013938,0.7713414634146342,0.6477918053194022,1,540,0
1.0,ISF_0625,0.25,2,17,0.5313588850174216,0.5701219512195121,0.3800937667159343,49946.52111745207,0.21080722222222223,0.7998693379790941,0.7297473867595818,0.333609553907822,0,1172,0
1.0,ISF_0626,0.25,3,26,0.5792682926829268,0.6287020905923345,0.42061983571430495,50743.57664347533,0.24705566666666667,0.802918118466899,0.7785278745644599,0.2944901250798568,0,1256,0
1.0,ISF_0627,0.25,13,44,0.7441202090592335,0.706663763066202,0.6932732641013545,38873.22112759156,0.21091666666666667,0.7388937282229965,0.7310540069686411,0.029656738356773318,0,2242,0
1.0,ISF_0628,0.25,19,52,0.7959494773519163,0.7282229965156795,0.7545370312264479,54059.17574067647,0.29194644444444445,0.8138066202090593,0.8347125435540069,0.1489335075935114,0,1582,0
1.0,ISF_0629,0.25,9,79,0.7025261324041812,0.7931184668989547,0.5254612271806532,54059.17574067647,0.29194644444444445,0.8138066202090593,0.8347125435540069,0.7030755388475062,1,425,1
1.0,ISF_0630,0.25,26,58,0.8377613240418118,0.7482578397212544,0.8082910117552154,52460.9109028019,0.28351533333333334,0.8048780487804879,0.8257839721254355,0.8668368073747855,1,99,1
1.0,ISF_0631,0.25,4,53,0.6117160278745645,0.7321428571428571,0.40347063153093193,52460.9109028019,0.28351533333333334,0.8048780487804879,0.8257839721254355,0.166424963999622,0,1546,0
1.0,ISF_0632,0.25,2,12,0.5313588850174216,0.525479094076655,0.42831734103139474,48181.47251592204,0.2636958888888889,0.7863675958188153,0.7998693379790941,0.3242182886488533,0,1192,0
1.0,ISF_0633,0.25,1,8,0.4566637630662021,0.4649390243902439,0.3154648767857287,48181.47251592204,0.2636958888888889,0.7863675958188153,0.7998693379790941,0.28154128208364076,0,1286,0
1.0,ISF_0634,0.25,1,21,0.4566637630662021,0.5942944250871081,0.2242438242175754,49464.50669258833,0.28131344444444445,0.793336236933798,0.8212108013937283,0.44828952392870436,0,915,0
1.0,ISF_0635,0.25,5,28,0.6380662020905923,0.6374128919860628,0.5321063428024535,49464.50669258833,0.28131344444444445,0.793336236933798,0.8212108013937283,0.061152826975247966,0,1996,0
1.0,ISF_0636,0.25,15,41,0.7652439024390244,0.6957752613240418,0.7417960936614756,61778.83021398634,0.32454655555555556,0.8449477351916377,0.8732578397212544,0.06071993002257329,0,1998,0
1.0,ISF_0637,0.25,18,63,0.788109756097561,0.760670731707317,0.7079879189072643,61778.83021398634,0.32454655555555556,0.8449477351916377,0.8732578397212544,0.47906685197946786,0,868,0
1.0,ISF_0638,0.25,16,81,0.7741724738675958,0.7974738675958188,0.6429303037208713,73841.40027768351,0.358707,0.8874128919860628,0.9248693379790941,0.050131500791015755,0,2120,0
1.0,ISF_0639,0.25,17,69,0.7813588850174216,0.7759146341463414,0.6803283499740786,73841.40027768351,0.358707,0.8874128919860628,0.9248693379790941,0.06177783915089544,0,1994,0
1.0,ISF_0640,0.25,11,58,0.7264808362369338,0.7482578397212544,0.6094135698255665,69767.47682064213,0.3246192222222222,0.8717334494773519,0.8752177700348432,0.5190756558930139,1,790,0
1.0,ISF_0641,0.25,9,39,0.7025261324041812,0.6877177700348432,0.6241963505817849,49835.33083022386,0.26071444444444447,0.7968205574912892,0.7929006968641115,0.04587762378337544,0,2133,0
1.0,ISF_0642,0.25,2,24,0.5313588850174216,0.6162891986062717,0.3413030972429927,32932.93427317776,0.18447088888888888,0.7031794425087108,0.6927264808362369,0.0871357457443984,0,1894,0
1.0,ISF_0643,0.25,0,18,0.2062282229965157,0.5760017421602788,0.0,32932.93427317776,0.18447088888888888,0.7031794425087108,0.6927264808362369,0.31043339872529174,0,1220,0
1.0,ISF_0644,0.25,1,5,0.4566637630662021,0.40331010452961674,0.3868528072345416,12259.357113718987,0.08301377777777778,0.45905923344947736,0.436411149825784,0.8367248467789485,1,149,1
1.0,ISF_0645,0.25,0,3,0.2062282229965157,0.3477787456445993,0.0,12259.357113718987,0.08301377777777778,0.45905923344947736,0.436411149825784,0.5578866965407389,1,707,0
1.0,ISF_0646,0.25,0,1,0.2062282229965157,0.2452090592334495,0.0,4418.466760843992,0.03522666666666667,0.2820121951219512,0.24412020905923346,0.8284714488997076,1,164,1
1.0,ISF_0647,0.25,0,0,0.2062282229965157,0.10322299651567944,0.0,4418.466760843992,0.03522666666666667,0.2820121951219512,0.24412020905923346,0.7341172693907241,1,348,1
1.0,ISF_0648,0.25,0,0,0.2062282229965157,0.10322299651567944,0.0,206.0290904827416,0.003562777777777778,0.08166376306620209,0.07948606271777003,0.08241391036737568,0,1916,0
1.0,ISF_0649,0.25,0,0,0.2062282229965157,0.10322299651567944,0.0,167.83152526803315,0.002802666666666667,0.06946864111498258,0.06772648083623693,0.09930901560430255,0,1737,0
1.0,ISF_0650,0.25,0,0,0.2062282229965157,0.10322299651567944,0.0,167.83152526803315,0.002802666666666667,0.06946864111498258,0.06772648083623693,0.09930901560430255,0,1738,0
1.0,ISF_0651,0.25,0,0,0.2062282229965157,0.10322299651567944,0.0,8536.73722924292,0.030561333333333333,0.38087979094076657,0.21668118466898956,0.6233582897113149,1,600,0
1.0,ISF_0652,0.25,0,0,0.2062282229965157,0.10322299651567944,0.0,8536.73722924292,0.030561333333333333,0.38087979094076657,0.21668118466898956,0.6233582897113149,1,601,0
0.9576929877258543,ISF_0653,0.23942324693146358,0,0,0.2062282229965157,0.10322299651567944,0.0,33712.01019277237,0.10464388888888888,0.7081881533101045,0.5178571428571429,0.37181155805974697,0,1083,0
0.36666394175854117,ISF_0654,0.09166598543963529,0,1,0.2062282229965157,0.2452090592334495,0.0,9468.890106711537,0.04017077777777778,0.3989547038327526,0.2691637630662021,0.6007151682589686,1,647,0
0.22393629673172458,ISF_0655,0.055984074182931144,0,0,0.2062282229965157,0.10322299651567944,0.0,1.2822351520881057,2.2777777777777776e-05,0.008057491289198606,0.008057491289198606,0.09930901560430255,0,1739,0
0.9409989758772481,ISF_0656,0.23524974396931203,0,0,0.2062282229965157,0.10322299651567944,0.0,1.2822351520881057,2.2777777777777776e-05,0.008057491289198606,0.008057491289198606,0.09930901560430255,0,1740,0
1.0,ISF_0657,0.25,0,0,0.2062282229965157,0.10322299651567944,0.0,1.2822351520881057,2.2777777777777776e-05,0.008057491289198606,0.008057491289198606,0.09930901560430255,0,1741,0
1.0,ISF_0658,0.25,0,0,0.2062282229965157,0.10322299651567944,0.0,1.2822351520881057,2.2777777777777776e-05,0.008057491289198606,0.008057491289198606,0.09930901560430255,0,1742,0
1.0,ISF_0659,0.25,0,0,0.2062282229965157,0.10322299651567944,0.0,1.2542796740308404,2.2222222222222223e-05,0.005662020905923345,0.005662020905923345,0.09930901560430255,0,1743,0
1.0,ISF_0660,0.25,0,0,0.2062282229965157,0.10322299651567944,0.0,0.0,0.0,0.002613240418118467,0.002613240418118467,0.09930901560430255,0,1744,0
1.0,ISF_0661,0.25,0,0,0.2062282229965157,0.10322299651567944,0.0,0.0,0.0,0.002613240418118467,0.002613240418118467,0.09930901560430255,0,1745,0
0.9986929727701704,ISF_0662,0.2496732431925426,0,0,0.2062282229965157,0.10322299651567944,0.0,49.873171927407384,0.0008707777777777778,0.0507404181184669,0.04769163763066202,0.09930901560430255,0,1746,0
0.9864778513595229,ISF_0663,0.24661946283988073,0,0,0.2062282229965157,0.10322299651567944,0.0,49.873171927407384,0.0008707777777777778,0.0507404181184669,0.04769163763066202,0.09930901560430255,0,1747,0
0.9982982809056544,ISF_0664,0.2495745702264136,0,0,0.2062282229965157,0.10322299651567944,0.0,0.0,0.0,0.002613240418118467,0.002613240418118467,0.09930901560430255,0,1748,0
1.0,ISF_0665,0.25,0,0,0.2062282229965157,0.10322299651567944,0.0,0.0,0.0,0.002613240418118467,0.002613240418118467,0.09930901560430255,0,1749,0
1.0,ISF_0666,0.25,0,1,0.2062282229965157,0.2452090592334495,0.0,11.227445047348738,0.000196,0.021994773519163763,0.02068815331010453,0.16391520100777143,0,1550,0
1.0,ISF_0667,0.25,0,1,0.2062282229965157,0.2452090592334495,0.0,11.227445047348738,0.000196,0.021994773519163763,0.02068815331010453,0.16391520100777143,0,1551,0
1.0,ISF_0668,0.25,0,6,0.2062282229965157,0.429006968641115,0.0,70.51695373281837,0.0011405555555555555,0.0546602787456446,0.05291811846689896,0.32955156401400937,0,1178,0
1.0,ISF_0669,0.25,0,5,0.2062282229965157,0.40331010452961674,0.0,70.51695373281837,0.0011405555555555555,0.0546602787456446,0.05291811846689896,0.33676349799653227,0,1167,0
1.0,ISF_0670,0.25,0,5,0.2062282229965157,0.40331010452961674,0.0,8050.047581708059,0.03686433333333333,0.3730400696864111,0.2541376306620209,0.7614741872338189,1,280,1
1.0,ISF_0671,0.25,0,20,0.2062282229965157,0.5881968641114983,0.0,12641.076936477795,0.04614588888888889,0.4725609756097561,0.3057491289198606,0.8343181565139479,1,153,1
1.0,ISF_0672,0.25,0,114,0.2062282229965157,0.8423344947735192,0.0,26360.508465519175,0.11634277777777778,0.6500435540069687,0.5568379790940766,0.19227023736114993,0,1474,0
1.0,ISF_0673,0.25,0,221,0.2062282229965157,0.9270470383275261,0.0,26360.508465519175,0.11634277777777778,0.6500435540069687,0.5568379790940766,0.26244449007541715,0,1323,0
1.0,ISF_0674,0.25,1,244,0.4566637630662021,0.939677700348432,0.12599793611420226,57635.61345904134,0.25132777777777776,0.8212108013937283,0.7802700348432056,0.645342699793489,1,542,0
1.0,ISF_0675,0.25,25,477,0.8310104529616724,0.9740853658536586,0.5280878615020456,57635.61345904134,0.25132777777777776,0.8212108013937283,0.7802700348432056,0.8955809139010723,1,50,1
1.0,ISF_0676,0.25,155,617,0.9827961672473867,0.985191637630662,0.7857877658504739,75585.68871759856,0.31951855555555553,0.8978658536585366,0.8638937282229965,0.671494938043647,1,477,0
1.0,ISF_0677,0.25,86,618,0.9599303135888502,0.9858449477351916,0.6947471967566997,75585.68871759856,0.31951855555555553,0.8978658536585366,0.8638937282229965,0.8254012992994573,1,175,1
1.0,ISF_0678,0.25,71,356,0.9468641114982579,0.9603658536585366,0.7276043493267033,56359.7244865885,0.23918422222222221,0.8175087108013938,0.7713414634146342,0.8691267716906824,1,96,1
1.0,ISF_0679,0.25,10,191,0.7158101045296167,0.9098432055749129,0.45609080048957196,56359.7244865885,0.23918422222222221,0.8175087108013938,0.7713414634146342,0.8082382315222569,1,213,1
1.0,ISF_0680,0.25,5,30,0.6380662020905923,0.6428571428571429,0.521772319619546,49946.52111745207,0.21080722222222223,0.7998693379790941,0.7297473867595818,0.04605758064445061,0,2132,0
1.0,ISF_0681,0.25,1,20,0.4566637630662021,0.5881968641114983,0.227670248696953,50743.57664347533,0.24705566666666667,0.802918118466899,0.7785278745644599,0.6477880231353359,1,541,0
1.0,ISF_0682,0.25,5,56,0.6380662020905923,0.7412891986062717,0.44317010854718086,50743.57664347533,0.24705566666666667,0.802918118466899,0.7785278745644599,0.3328030691536363,0,1173,0
1.0,ISF_0683,0.25,20,82,0.802918118466899,0.7989982578397212,0.6889867066831219,64748.98800876038,0.3260438888888889,0.8560540069686411,0.8804442508710801,0.3245415010188119,0,1191,0
1.0,ISF_0684,0.25,21,97,0.8077090592334495,0.8214285714285714,0.6741688938335882,64748.98800876038,0.3260438888888889,0.8560540069686411,0.8804442508710801,0.31199392916277857,0,1215,0
1.0,ISF_0685,0.25,34,72,0.8723867595818815,0.7817944250871081,0.8286637154499668,52460.9109028019,0.28351533333333334,0.8048780487804879,0.8257839721254355,0.46300642896112726,0,886,0
1.0,ISF_0686,0.25,0,71,0.2062282229965157,0.7796167247386759,0.0,52460.9109028019,0.28351533333333334,0.8048780487804879,0.8257839721254355,0.5047687940682827,1,822,0
1.0,ISF_0687,0.25,1,24,0.4566637630662021,0.6162891986062717,0.21533827903669653,48181.47251592204,0.2636958888888889,0.7863675958188153,0.7998693379790941,0.12274642908497325,0,1644,0
1.0,ISF_0688,0.25,0,34,0.2062282229965157,0.6628919860627178,0.0,48181.47251592204,0.2636958888888889,0.7863675958188153,0.7998693379790941,0.05133948736901287,0,2117,0
1.0,ISF_0689,0.25,4,46,0.6117160278745645,0.7110191637630662,0.41801979532401873,49078.504973703995,0.2760347777777778,0.788109756097561,0.8194686411149826,0.06530796737894767,0,1982,0
1.0,ISF_0690,0.25,12,52,0.7354094076655052,0.7282229965156795,0.6460354586790924,49078.504973703995,0.2760347777777778,0.788109756097561,0.8194686411149826,0.08268084224574104,0,1912,0
1.0,ISF_0691,0.25,13,48,0.7441202090592335,0.7162456445993032,0.6781035935540111,58424.74857386574,0.30175166666666664,0.8246951219512195,0.8425522648083623,0.041611023188734116,0,2147,0
1.0,ISF_0692,0.25,14,62,0.7545731707317073,0.7567508710801394,0.6536234952370928,61778.83021398634,0.32454655555555556,0.8449477351916377,0.8732578397212544,0.17190044956852446,0,1524,0
1.0,ISF_0693,0.25,20,86,0.802918118466899,0.8033536585365854,0.6817252744198031,73841.40027768351,0.358707,0.8874128919860628,0.9248693379790941,0.12447535431601939,0,1635,0
1.0,ISF_0694,0.25,30,117,0.8577961672473867,0.8458188153310104,0.7198101477667402,73841.40027768351,0.358707,0.8874128919860628,0.9248693379790941,0.6964283381253397,1,444,1
1.0,ISF_0695,0.25,24,114,0.8240418118466899,0.8423344947735192,0.6783818477881035,69767.47682064213,0.3246192222222222,0.8717334494773519,0.8752177700348432,0.5076745724735275,1,814,0
1.0,ISF_0696,0.25,17,67,0.7813588850174216,0.7689459930313589,0.6850021281749338,69767.47682064213,0.3246192222222222,0.8717334494773519,0.8752177700348432,0.17088215366488313,0,1527,0
1.0,ISF_0697,0.25,13,44,0.7441202090592335,0.706663763066202,0.6932732641013545,54010.899025650695,0.2595858888888889,0.8120644599303136,0.7911585365853658,0.11643963681466069,0,1660,0
1.0,ISF_0698,0.25,5,23,0.6380662020905923,0.6071428571428571,0.5637914160289369,54010.899025650695,0.2595858888888889,0.8120644599303136,0.7911585365853658,0.1323486318265376,0,1619,0
1.0,ISF_0699,0.25,4,16,0.6117160278745645,0.5620644599303136,0.5680609671737329,12259.357113718987,0.08301377777777778,0.45905923344947736,0.436411149825784,0.7129204839081874,1,401,1
1.0,ISF_0700,0.25,1,5,0.4566637630662021,0.40331010452961674,0.3868528072345416,12259.357113718987,0.08301377777777778,0.45905923344947736,0.436411149825784,0.8367248467789485,1,150,1
1.0,ISF_0701,0.25,0,1,0.2062282229965157,0.2452090592334495,0.0,4418.466760843992,0.03522666666666667,0.2820121951219512,0.24412020905923346,0.8284714488997076,1,165,1
1.0,ISF_0702,0.25,0,1,0.2062282229965157,0.2452090592334495,0.0,4418.466760843992,0.03522666666666667,0.2820121951219512,0.24412020905923346,0.8284714488997076,1,166,1
1.0,ISF_0703,0.25,0,0,0.2062282229965157,0.10322299651567944,0.0,282.2998698372394,0.004921666666666667,0.08863240418118466,0.08689024390243902,0.03859424390577145,0,2159,0
1.0,ISF_0704,0.25,0,1,0.2062282229965157,0.2452090592334495,0.0,657.6682713013142,0.0075862222222222225,0.12173344947735192,0.10736062717770035,0.051421911398404525,0,2108,0
1.0,ISF_0705,0.25,0,0,0.2062282229965157,0.10322299651567944,0.0,657.6682713013142,0.0075862222222222225,0.12173344947735192,0.10736062717770035,0.03443776562689816,0,2196,0
1.0,ISF_0706,0.25,0,0,0.2062282229965157,0.10322299651567944,0.0,8536.73722924292,0.030561333333333333,0.38087979094076657,0.21668118466898956,0.6233582897113149,1,602,0
0.9015132218096841,ISF_0707,0.22537830545242102,0,0,0.2062282229965157,0.10322299651567944,0.0,8536.73722924292,0.030561333333333333,0.38087979094076657,0.21668118466898956,0.6233582897113149,1,603,0
0.16895124153483654,ISF_0708,0.042237810383709135,0,0,0.2062282229965157,0.10322299651567944,0.0,8536.73722924292,0.030561333333333333,0.38087979094076657,0.21668118466898956,0.6233582897113149,1,604,0
0.5818436346225042,ISF_0709,0.14546090865562605,0,0,0.2062282229965157,0.10322299651567944,0.0,0.02795547805726528,5.555555555555555e-07,0.005226480836236934,0.005226480836236934,0.09930901560430255,0,1750,0
0.9809714891148322,ISF_0710,0.24524287227870806,0,0,0.2062282229965157,0.10322299651567944,0.0,1.2822351520881057,2.2777777777777776e-05,0.008057491289198606,0.008057491289198606,0.09930901560430255,0,1751,0
1.0,ISF_0711,0.25,0,0,0.2062282229965157,0.10322299651567944,0.0,1.2822351520881057,2.2777777777777776e-05,0.008057491289198606,0.008057491289198606,0.09930901560430255,0,1752,0
1.0,ISF_0712,0.25,0,0,0.2062282229965157,0.10322299651567944,0.0,1.2822351520881057,2.2777777777777776e-05,0.008057491289198606,0.008057491289198606,0.09930901560430255,0,1753,0
1.0,ISF_0713,0.25,0,0,0.2062282229965157,0.10322299651567944,0.0,1.2822351520881057,2.2777777777777776e-05,0.008057491289198606,0.008057491289198606,0.09930901560430255,0,1754,0
1.0,ISF_0714,0.25,0,0,0.2062282229965157,0.10322299651567944,0.0,1.8498866008594632,3.2555555555555555e-05,0.010670731707317074,0.010670731707317074,0.09930901560430255,0,1755,0
1.0,ISF_0715,0.25,0,0,0.2062282229965157,0.10322299651567944,0.0,37.329791996628046,0.0006516666666666667,0.0429006968641115,0.03985191637630662,0.09930901560430255,0,1756,0
1.0,ISF_0716,0.25,0,0,0.2062282229965157,0.10322299651567944,0.0,0.0,0.0,0.002613240418118467,0.002613240418118467,0.09930901560430255,0,1757,0
1.0,ISF_0717,0.25,0,0,0.2062282229965157,0.10322299651567944,0.0,49.873171927407384,0.0008707777777777778,0.0507404181184669,0.04769163763066202,0.09930901560430255,0,1758,0
1.0,ISF_0718,0.25,0,0,0.2062282229965157,0.10322299651567944,0.0,49.873171927407384,0.0008707777777777778,0.0507404181184669,0.04769163763066202,0.09930901560430255,0,1759,0
1.0,ISF_0719,0.25,0,0,0.2062282229965157,0.10322299651567944,0.0,159.65320030227304,0.0027875555555555557,0.06598432055749129,0.06598432055749129,0.09930901560430255,0,1760,0
1.0,ISF_0720,0.25,0,1,0.2062282229965157,0.2452090592334495,0.0,159.65320030227304,0.0027875555555555557,0.06598432055749129,0.06598432055749129,0.16391520100777143,0,1552,0
1.0,ISF_0721,0.25,1,1,0.4566637630662021,0.2452090592334495,1.0,439.65209417790174,0.0074841111111111115,0.10387630662020905,0.10561846689895471,0.18108892457700476,0,1511,0
1.0,ISF_0722,0.25,1,5,0.4566637630662021,0.40331010452961674,0.3868528072345416,439.65209417790174,0.0074841111111111115,0.10387630662020905,0.10561846689895471,0.485496533123446,0,859,0
1.0,ISF_0723,0.25,4,9,0.6117160278745645,0.4817073170731707,0.6989700043360187,70.51695373281837,0.0011405555555555555,0.0546602787456446,0.05291811846689896,0.666867923001302,1,489,0
1.0,ISF_0724,0.25,5,9,0.6380662020905923,0.4817073170731707,0.7781512503836435,70.51695373281837,0.0011405555555555555,0.0546602787456446,0.05291811846689896,0.48478495230522534,0,860,0
1.0,ISF_0725,0.25,0,10,0.2062282229965157,0.49869337979094075,0.0,8050.047581708059,0.03686433333333333,0.3730400696864111,0.2541376306620209,0.8395585553386862,1,142,1
1.0,ISF_0726,0.25,0,1,0.2062282229965157,0.2452090592334495,0.0,8050.047581708059,0.03686433333333333,0.3730400696864111,0.2541376306620209,0.608822099154039,1,622,0
1.0,ISF_0727,0.25,0,0,0.2062282229965157,0.10322299651567944,0.0,15075.266944846138,0.0791628888888889,0.5446428571428571,0.4231271777003484,0.6793096287644335,1,464,0
1.0,ISF_0728,0.25,0,3,0.2062282229965157,0.3477787456445993,0.0,15075.266944846138,0.0791628888888889,0.5446428571428571,0.4231271777003484,0.7462941852400823,1,314,1
1.0,ISF_0729,0.25,1,63,0.4566637630662021,0.760670731707317,0.16666666666666669,45389.19472823106,0.20990233333333333,0.7737369337979094,0.7284407665505227,0.23864294278627382,0,1368,0
1.0,ISF_0730,0.25,44,242,0.9017857142857143,0.9381533101045296,0.6929947041435854,57635.61345904134,0.25132777777777776,0.8212108013937283,0.7802700348432056,0.7669466886769712,1,274,1
1.0,ISF_0731,0.25,154,426,0.9821428571428571,0.9690766550522648,0.8326902702661841,75585.68871759856,0.31951855555555553,0.8978658536585366,0.8638937282229965,0.10397924476315148,0,1695,0
1.0,ISF_0732,0.25,167,514,0.9858449477351916,0.9773519163763066,0.8206000994077524,75585.68871759856,0.31951855555555553,0.8978658536585366,0.8638937282229965,0.1839971380173771,0,1503,0
1.0,ISF_0733,0.25,139,436,0.9777874564459931,0.9703832752613241,0.8127790658284709,77416.28450814681,0.306822,0.9061411149825784,0.8508275261324042,0.46664901834346034,0,879,0
1.0,ISF_0734,0.25,72,339,0.9479529616724739,0.9573170731707317,0.7360609829994303,77416.28450814681,0.306822,0.9061411149825784,0.8508275261324042,0.8125971580155898,1,202,1
1.0,ISF_0735,0.25,13,212,0.7441202090592335,0.9200783972125436,0.49224277432491853,74337.14690922434,0.292168,0.8928571428571429,0.8362369337979094,0.38884813382275857,0,1038,0
1.0,ISF_0736,0.25,6,87,0.6596254355400697,0.8053135888501742,0.4346133046687245,68953.0205062814,0.3042101111111111,0.8667247386759582,0.8475609756097561,0.3177221354369906,0,1207,0
1.0,ISF_0737,0.25,4,88,0.6117160278745645,0.8072735191637631,0.3585583192452152,50743.57664347533,0.24705566666666667,0.802918118466899,0.7785278745644599,0.43554709282037957,0,937,0
1.0,ISF_0738,0.25,37,91,0.8815331010452961,0.813588850174216,0.8044573729496011,64748.98800876038,0.3260438888888889,0.8560540069686411,0.8804442508710801,0.7156856676790042,1,397,1
1.0,ISF_0739,0.25,28,119,0.8486498257839721,0.8484320557491289,0.7033528225011025,64748.98800876038,0.3260438888888889,0.8560540069686411,0.8804442508710801,0.8088343233848906,1,209,1
1.0,ISF_0740,0.25,34,113,0.8723867595818815,0.8403745644599303,0.7506754837721435,64197.23864035681,0.328154,0.8543118466898955,0.8839285714285714,0.7012448331180602,1,428,1
1.0,ISF_0741,0.25,13,102,0.7441202090592335,0.827308362369338,0.5694092009084916,64197.23864035681,0.328154,0.8543118466898955,0.8839285714285714,0.24837200440121637,0,1356,0
1.0,ISF_0742,0.25,19,41,0.7959494773519163,0.6957752613240418,0.8014973444683071,61529.581295609474,0.31111144444444444,0.8412456445993032,0.8604094076655052,0.15996508874141394,0,1566,0
1.0,ISF_0743,0.25,4,65,0.6117160278745645,0.7650261324041812,0.3841457140345788,61529.581295609474,0.31111144444444444,0.8412456445993032,0.8604094076655052,0.5303762079685398,1,755,0
1.0,ISF_0744,0.25,33,50,0.8693379790940766,0.7223432055749129,0.89687612168416,49078.504973703995,0.2760347777777778,0.788109756097561,0.8194686411149826,0.20816450667951697,0,1437,0
1.0,ISF_0745,0.25,24,58,0.8240418118466899,0.7482578397212544,0.7894166195037955,49078.504973703995,0.2760347777777778,0.788109756097561,0.8194686411149826,0.5263117689147366,1,772,0
1.0,ISF_0746,0.25,7,67,0.6757404181184669,0.7689459930313589,0.49281614988615063,58424.74857386574,0.30175166666666664,0.8246951219512195,0.8425522648083623,0.7330886194632181,1,352,1
1.0,ISF_0747,0.25,16,53,0.7741724738675958,0.7321428571428571,0.7102593820841355,58424.74857386574,0.30175166666666664,0.8246951219512195,0.8425522648083623,0.16953170849452937,0,1535,0
1.0,ISF_0748,0.25,25,109,0.8310104529616724,0.8347125435540069,0.6931411865332248,74024.62823511474,0.35083855555555554,0.8913327526132404,0.9100609756097561,0.6740043273106368,1,470,0
1.0,ISF_0749,0.25,57,124,0.9274825783972126,0.8536585365853658,0.840965030746964,74024.62823511474,0.35083855555555554,0.8913327526132404,0.9100609756097561,0.03207710515628926,0,2227,0
1.0,ISF_0750,0.25,57,132,0.9274825783972126,0.8638937282229965,0.8302971636756928,82237.43691685423,0.3668331111111111,0.9351045296167247,0.936411149825784,0.018489767930511773,0,2278,0
1.0,ISF_0751,0.25,18,119,0.788109756097561,0.8484320557491289,0.6150274793905766,69767.47682064213,0.3246192222222222,0.8717334494773519,0.8752177700348432,0.14408442227164323,0,1587,0
1.0,ISF_0752,0.25,18,67,0.788109756097561,0.7689459930313589,0.6978157607235724,54010.899025650695,0.2595858888888889,0.8120644599303136,0.7911585365853658,0.45292997986454675,0,901,0
1.0,ISF_0753,0.25,14,55,0.7545731707317073,0.7378048780487805,0.6727487208968912,54010.899025650695,0.2595858888888889,0.8120644599303136,0.7911585365853658,0.04516489568832841,0,2134,0
1.0,ISF_0754,0.25,7,30,0.6757404181184669,0.6428571428571429,0.6055472597462995,29552.23422149755,0.15215377777777778,0.6700783972125436,0.6243466898954704,0.04851312545601308,0,2124,0
1.0,ISF_0755,0.25,1,17,0.4566637630662021,0.5701219512195121,0.23981246656813146,29552.23422149755,0.15215377777777778,0.6700783972125436,0.6243466898954704,0.2849335788002097,0,1277,0
1.0,ISF_0756,0.25,1,1,0.4566637630662021,0.2452090592334495,1.0,13651.629055865109,0.07472777777777778,0.5056620209059234,0.40505226480836237,0.8812064168857582,1,68,1
1.0,ISF_0757,0.25,0,1,0.2062282229965157,0.2452090592334495,0.0,13651.629055865109,0.07472777777777778,0.5056620209059234,0.40505226480836237,0.6395124564045971,1,553,0
1.0,ISF_0758,0.25,0,2,0.2062282229965157,0.3079268292682927,0.0,282.2998698372394,0.004921666666666667,0.08863240418118466,0.08689024390243902,0.059446999085218125,0,2027,0
1.0,ISF_0759,0.25,0,5,0.2062282229965157,0.40331010452961674,0.0,657.6682713013142,0.0075862222222222225,0.12173344947735192,0.10736062717770035,0.12311362971023211,0,1639,0
1.0,ISF_0760,0.25,0,5,0.2062282229965157,0.40331010452961674,0.0,657.6682713013142,0.0075862222222222225,0.12173344947735192,0.10736062717770035,0.12311362971023211,0,1640,0
1.0,ISF_0761,0.25,0,4,0.2062282229965157,0.37630662020905925,0.0,12072.910058952868,0.04477911111111111,0.45492160278745647,0.29856271777003485,0.7428843903571147,1,327,1
0.9308987467518954,ISF_0762,0.23272468668797386,0,0,0.2062282229965157,0.10322299651567944,0.0,12072.910058952868,0.04477911111111111,0.45492160278745647,0.29856271777003485,0.5292674079290143,1,758,0
0.38647364342029333,ISF_0763,0.09661841085507333,0,0,0.2062282229965157,0.10322299651567944,0.0,0.0,0.0,0.002613240418118467,0.002613240418118467,0.09930901560430255,0,1761,0
0.9482588142324634,ISF_0764,0.23706470355811585,0,0,0.2062282229965157,0.10322299651567944,0.0,10.379850674420595,0.0011164444444444444,0.020470383275261322,0.05139372822299652,0.09930901560430255,0,1762,0
1.0,ISF_0765,0.25,0,0,0.2062282229965157,0.10322299651567944,0.0,10.379850674420595,0.0011164444444444444,0.020470383275261322,0.05139372822299652,0.09930901560430255,0,1763,0
1.0,ISF_0766,0.25,0,0,0.2062282229965157,0.10322299651567944,0.0,24.995128367096186,0.0018976666666666666,0.03549651567944251,0.057709059233449475,0.09930901560430255,0,1764,0
1.0,ISF_0767,0.25,0,0,0.2062282229965157,0.10322299651567944,0.0,24.995128367096186,0.0018976666666666666,0.03549651567944251,0.057709059233449475,0.09930901560430255,0,1765,0
1.0,ISF_0768,0.25,0,0,0.2062282229965157,0.10322299651567944,0.0,1.2822351520881057,2.2777777777777776e-05,0.008057491289198606,0.008057491289198606,0.09930901560430255,0,1766,0
1.0,ISF_0769,0.25,0,0,0.2062282229965157,0.10322299651567944,0.0,1.2822351520881057,2.2777777777777776e-05,0.008057491289198606,0.008057491289198606,0.09930901560430255,0,1767,0
1.0,ISF_0770,0.25,0,0,0.2062282229965157,0.10322299651567944,0.0,1.8498866008594632,3.2555555555555555e-05,0.010670731707317074,0.010670731707317074,0.09930901560430255,0,1768,0
1.0,ISF_0771,0.25,0,0,0.2062282229965157,0.10322299651567944,0.0,37.329791996628046,0.0006516666666666667,0.0429006968641115,0.03985191637630662,0.09930901560430255,0,1769,0
1.0,ISF_0772,0.25,0,0,0.2062282229965157,0.10322299651567944,0.0,37.329791996628046,0.0006516666666666667,0.0429006968641115,0.03985191637630662,0.09930901560430255,0,1770,0
1.0,ISF_0773,0.25,0,0,0.2062282229965157,0.10322299651567944,0.0,647.3000132162124,0.010864777777777777,0.11824912891986063,0.12304006968641115,0.05315759710887967,0,2098,0
1.0,ISF_0774,0.25,0,0,0.2062282229965157,0.10322299651567944,0.0,647.3000132162124,0.010864777777777777,0.11824912891986063,0.12304006968641115,0.05315759710887967,0,2099,0
1.0,ISF_0775,0.25,0,0,0.2062282229965157,0.10322299651567944,0.0,159.65320030227304,0.0027875555555555557,0.06598432055749129,0.06598432055749129,0.09930901560430255,0,1771,0
1.0,ISF_0776,0.25,0,1,0.2062282229965157,0.2452090592334495,0.0,159.65320030227304,0.0027875555555555557,0.06598432055749129,0.06598432055749129,0.16391520100777143,0,1553,0
1.0,ISF_0777,0.25,1,2,0.4566637630662021,0.3079268292682927,0.6309297535714574,439.65209417790174,0.0074841111111111115,0.10387630662020905,0.10561846689895471,0.13815156816465957,0,1595,0
1.0,ISF_0778,0.25,1,9,0.4566637630662021,0.4817073170731707,0.30102999566398114,439.65209417790174,0.0074841111111111115,0.10387630662020905,0.10561846689895471,0.36352980232886145,0,1101,0
1.0,ISF_0779,0.25,5,17,0.6380662020905923,0.5701219512195121,0.6199062332840658,3100.0144551265985,0.021670333333333333,0.22931184668989546,0.18662891986062718,0.31089102785686007,0,1219,0
1.0,ISF_0780,0.25,8,24,0.688588850174216,0.6162891986062717,0.6826061944859854,3100.0144551265985,0.021670333333333333,0.22931184668989546,0.18662891986062718,0.23052583215796257,0,1381,0
1.0,ISF_0781,0.25,5,29,0.6380662020905923,0.6402439024390244,0.5268025545616606,10280.77635456808,0.06192288888888889,0.4266114982578397,0.36563588850174217,0.4431390848416681,0,926,0
1.0,ISF_0782,0.25,0,38,0.2062282229965157,0.6818379790940766,0.0,8050.047581708059,0.03686433333333333,0.3730400696864111,0.2541376306620209,0.2366145168566653,0,1370,0
1.0,ISF_0783,0.25,0,44,0.2062282229965157,0.706663763066202,0.0,15075.266944846138,0.0791628888888889,0.5446428571428571,0.4231271777003484,0.32130373878730123,0,1198,0
1.0,ISF_0784,0.25,1,42,0.4566637630662021,0.6990418118466899,0.18428883314870617,15075.266944846138,0.0791628888888889,0.5446428571428571,0.4231271777003484,0.4332063260871293,0,942,0
1.0,ISF_0785,0.25,2,73,0.5313588850174216,0.7831010452961672,0.255249924171162,45389.19472823106,0.20990233333333333,0.7737369337979094,0.7284407665505227,0.2412945901888493,0,1363,0
1.0,ISF_0786,0.25,28,227,0.8486498257839721,0.9305313588850174,0.6202028863347447,45389.19472823106,0.20990233333333333,0.7737369337979094,0.7284407665505227,0.24084994107687624,0,1365,0
1.0,ISF_0787,0.25,76,421,0.9512195121951219,0.9682055749128919,0.7185776018703772,69969.42277323827,0.3101991111111111,0.8734756097560976,0.8586672473867596,0.880394229916279,1,72,1
1.0,ISF_0788,0.25,125,618,0.9751742160278746,0.9858449477351916,0.7523650752116077,69969.42277323827,0.3101991111111111,0.8734756097560976,0.8586672473867596,0.754737013968016,1,292,1
1.0,ISF_0789,0.25,180,565,0.9878048780487805,0.9817073170731707,0.8201340813323476,77416.28450814681,0.306822,0.9061411149825784,0.8508275261324042,0.16140070849338137,0,1563,0
1.0,ISF_0790,0.25,181,547,0.9884581881533101,0.980836236933798,0.825210833698845,77416.28450814681,0.306822,0.9061411149825784,0.8508275261324042,0.10461280315299014,0,1692,0
1.0,ISF_0791,0.25,98,359,0.9679878048780488,0.960801393728223,0.7806725510766233,74337.14690922434,0.292168,0.8928571428571429,0.8362369337979094,0.7520309962914744,1,298,1
1.0,ISF_0792,0.25,53,177,0.9202961672473867,0.9020034843205574,0.7698090836579665,74337.14690922434,0.292168,0.8928571428571429,0.8362369337979094,0.610301964141978,1,619,0
1.0,ISF_0793,0.25,22,144,0.8125,0.8736933797909407,0.6300305337219254,68953.0205062814,0.3042101111111111,0.8667247386759582,0.8475609756097561,0.3215719416984802,0,1197,0
1.0,ISF_0794,0.25,49,103,0.9155052264808362,0.828397212543554,0.8423113149565807,79920.7551662717,0.3780765555555556,0.922691637630662,0.9505662020905923,0.019252639811152585,0,2275,0
1.0,ISF_0795,0.25,37,137,0.8815331010452961,0.8691202090592335,0.7382583467711847,79920.7551662717,0.3780765555555556,0.922691637630662,0.9505662020905923,0.23018850258903498,0,1382,0
1.0,ISF_0796,0.25,40,144,0.8880662020905923,0.8736933797909407,0.7461866073024248,64197.23864035681,0.328154,0.8543118466898955,0.8839285714285714,0.4621528762567858,0,888,0
1.0,ISF_0797,0.25,25,133,0.8310104529616724,0.8660714285714286,0.6652109238146451,64197.23864035681,0.328154,0.8543118466898955,0.8839285714285714,0.4526601544699202,0,902,0
1.0,ISF_0798,0.25,26,117,0.8377613240418118,0.8458188153310104,0.6908519689400922,61529.581295609474,0.31111144444444444,0.8412456445993032,0.8604094076655052,0.8013436492454158,1,220,1
1.0,ISF_0799,0.25,6,123,0.6596254355400697,0.8523519163763066,0.40369221643405484,61529.581295609474,0.31111144444444444,0.8412456445993032,0.8604094076655052,0.4499601577670458,0,908,0
1.0,ISF_0800,0.25,31,70,0.8621515679442509,0.7776567944250871,0.8130415613581707,59219.463850600645,0.3028641111111111,0.8264372822299652,0.8442944250871081,0.8898664782982104,1,58,1
1.0,ISF_0801,0.25,24,55,0.8240418118466899,0.7378048780487805,0.7996508310756663,59219.463850600645,0.3028641111111111,0.8264372822299652,0.8442944250871081,0.3889314165325826,0,1037,0
1.0,ISF_0802,0.25,5,53,0.6380662020905923,0.7321428571428571,0.44917689524762666,65370.60209855996,0.3148807777777778,0.8577961672473867,0.8621515679442509,0.10826844338264109,0,1680,0
1.0,ISF_0803,0.25,0,43,0.2062282229965157,0.7025261324041812,0.0,58424.74857386574,0.30175166666666664,0.8246951219512195,0.8425522648083623,0.17816441994263255,0,1518,0
1.0,ISF_0804,0.25,12,95,0.7354094076655052,0.8175087108013938,0.5619530434282407,74024.62823511474,0.35083855555555554,0.8913327526132404,0.9100609756097561,0.5353324046922145,1,740,0
1.0,ISF_0805,0.25,54,113,0.9224738675958188,0.8403745644599303,0.8461075330555249,74024.62823511474,0.35083855555555554,0.8913327526132404,0.9100609756097561,0.03207710515628926,0,2228,0
1.0,ISF_0806,0.25,54,132,0.9224738675958188,0.8638937282229965,0.8194370340772852,82237.43691685423,0.3668331111111111,0.9351045296167247,0.936411149825784,0.03531137141879112,0,2188,0
1.0,ISF_0807,0.25,28,157,0.8486498257839721,0.884581881533101,0.6651323694704335,82237.43691685423,0.3668331111111111,0.9351045296167247,0.936411149825784,0.3008038671882162,0,1244,0
1.0,ISF_0808,0.25,22,134,0.8125,0.8671602787456446,0.6392086799523429,72866.64357624389,0.3375795555555556,0.8787020905923345,0.8965592334494773,0.196589519509672,0,1460,0
1.0,ISF_0809,0.25,25,104,0.8310104529616724,0.8292682926829268,0.7000696810644734,72866.64357624389,0.3375795555555556,0.8787020905923345,0.8965592334494773,0.6859522385929488,1,457,1
1.0,ISF_0810,0.25,13,62,0.7441202090592335,0.7567508710801394,0.6369711592540337,29552.23422149755,0.15215377777777778,0.6700783972125436,0.6243466898954704,0.04816483475809349,0,2125,0
1.0,ISF_0811,0.25,6,39,0.6596254355400697,0.6877177700348432,0.5275071124607182,29552.23422149755,0.15215377777777778,0.6700783972125436,0.6243466898954704,0.019712916729030836,0,2274,0
1.0,ISF_0812,0.25,0,13,0.2062282229965157,0.5376742160278746,0.0,13651.629055865109,0.07472777777777778,0.5056620209059234,0.40505226480836237,0.8192400879042993,1,191,1
1.0,ISF_0813,0.25,0,2,0.2062282229965157,0.3079268292682927,0.0,13651.629055865109,0.07472777777777778,0.5056620209059234,0.40505226480836237,0.6277563114609174,1,589,0
1.0,ISF_0814,0.25,0,5,0.2062282229965157,0.40331010452961674,0.0,3014.0841468945146,0.017469222222222223,0.2227787456445993,0.16528745644599302,0.28925470344671694,0,1272,0
1.0,ISF_0815,0.25,5,5,0.6380662020905923,0.40331010452961674,1.0,691.4278469383717,0.0073327777777777775,0.12652439024390244,0.10387630662020905,0.09070442264173366,0,1876,0
1.0,ISF_0816,0.25,4,5,0.6117160278745645,0.40331010452961674,0.8982444017039272,691.4278469383717,0.0073327777777777775,0.12652439024390244,0.10387630662020905,0.09070442264173366,0,1877,0
1.0,ISF_0817,0.25,0,5,0.2062282229965157,0.40331010452961674,0.0,12072.910058952868,0.04477911111111111,0.45492160278745647,0.29856271777003485,0.7428843903571147,1,328,1
0.9895568769480593,ISF_0818,0.24738921923701482,0,1,0.2062282229965157,0.2452090592334495,0.0,12072.910058952868,0.04477911111111111,0.45492160278745647,0.29856271777003485,0.5949668877471394,1,659,0
0.9211008094109423,ISF_0819,0.23027520235273558,0,0,0.2062282229965157,0.10322299651567944,0.0,142.83366957120597,0.002493888888888889,0.0627177700348432,0.0627177700348432,0.09930901560430255,0,1772,0
1.0,ISF_0820,0.25,0,0,0.2062282229965157,0.10322299651567944,0.0,198.6349120605737,0.004594555555555556,0.08013937282229965,0.08449477351916376,0.08241391036737568,0,1917,0
1.0,ISF_0821,0.25,0,0,0.2062282229965157,0.10322299651567944,0.0,10.379850674420595,0.0011164444444444444,0.020470383275261322,0.05139372822299652,0.09930901560430255,0,1773,0
1.0,ISF_0822,0.25,0,0,0.2062282229965157,0.10322299651567944,0.0,24.995128367096186,0.0018976666666666666,0.03549651567944251,0.057709059233449475,0.09930901560430255,0,1774,0
1.0,ISF_0823,0.25,0,0,0.2062282229965157,0.10322299651567944,0.0,24.995128367096186,0.0018976666666666666,0.03549651567944251,0.057709059233449475,0.09930901560430255,0,1775,0
1.0,ISF_0824,0.25,0,0,0.2062282229965157,0.10322299651567944,0.0,3521.4343266151845,0.01730788888888889,0.2458623693379791,0.16180313588850173,0.09369818219373977,0,1860,0
1.0,ISF_0825,0.25,0,0,0.2062282229965157,0.10322299651567944,0.0,3521.4343266151845,0.01730788888888889,0.2458623693379791,0.16180313588850173,0.09369818219373977,0,1861,0
1.0,ISF_0826,0.25,0,0,0.2062282229965157,0.10322299651567944,0.0,8401.229199774563,0.03688388888888889,0.3791376306620209,0.25544425087108014,0.5269333205656338,1,768,0
1.0,ISF_0827,0.25,0,0,0.2062282229965157,0.10322299651567944,0.0,9538.265735711902,0.048557555555555555,0.40461672473867594,0.3162020905923345,0.5017054074045082,1,835,0
1.0,ISF_0828,0.25,0,0,0.2062282229965157,0.10322299651567944,0.0,37.329791996628046,0.0006516666666666667,0.0429006968641115,0.03985191637630662,0.09930901560430255,0,1776,0
1.0,ISF_0829,0.25,0,0,0.2062282229965157,0.10322299651567944,0.0,647.3000132162124,0.010864777777777777,0.11824912891986063,0.12304006968641115,0.05315759710887967,0,2100,0
1.0,ISF_0830,0.25,0,0,0.2062282229965157,0.10322299651567944,0.0,647.3000132162124,0.010864777777777777,0.11824912891986063,0.12304006968641115,0.05315759710887967,0,2101,0
1.0,ISF_0831,0.25,0,0,0.2062282229965157,0.10322299651567944,0.0,1312.312966985628,0.01940188888888889,0.1644163763066202,0.1718205574912892,0.05797977861097548,0,2043,0
1.0,ISF_0832,0.25,0,1,0.2062282229965157,0.2452090592334495,0.0,1312.312966985628,0.01940188888888889,0.1644163763066202,0.1718205574912892,0.08554580473727798,0,1896,0
1.0,ISF_0833,0.25,1,4,0.4566637630662021,0.37630662020905925,0.43067655807339306,6556.817833470181,0.053344,0.3353658536585366,0.3445121951219512,0.9332773301881672,1,9,1
1.0,ISF_0834,0.25,0,9,0.2062282229965157,0.4817073170731707,0.0,6556.817833470181,0.053344,0.3353658536585366,0.3445121951219512,0.8727332478340805,1,92,1
1.0,ISF_0835,0.25,4,47,0.6117160278745645,0.7131968641114983,0.41574640735502594,3100.0144551265985,0.021670333333333333,0.22931184668989546,0.18662891986062718,0.08122991188594045,0,1940,0
1.0,ISF_0836,0.25,15,66,0.7652439024390244,0.7663327526132404,0.6594034268886415,3100.0144551265985,0.021670333333333333,0.22931184668989546,0.18662891986062718,0.24364530663170136,0,1361,0
1.0,ISF_0837,0.25,13,77,0.7441202090592335,0.789198606271777,0.6057456292346541,10280.77635456808,0.06192288888888889,0.4266114982578397,0.36563588850174217,0.29779454908540515,0,1249,0
1.0,ISF_0838,0.25,11,94,0.7264808362369338,0.8164198606271778,0.5456683851887432,10280.77635456808,0.06192288888888889,0.4266114982578397,0.36563588850174217,0.7076946042856277,1,415,1
1.0,ISF_0839,0.25,28,99,0.8486498257839721,0.8238240418118467,0.731198998949478,22628.34184130095,0.11553588888888888,0.6217334494773519,0.5533536585365854,0.7283090505954642,1,358,1
1.0,ISF_0840,0.25,18,89,0.788109756097561,0.8092334494773519,0.6543474490889594,22628.34184130095,0.11553588888888888,0.6217334494773519,0.5533536585365854,0.11493647512323114,0,1670,0
1.0,ISF_0841,0.25,16,123,0.7741724738675958,0.8523519163763066,0.5877692631634879,53042.09606596269,0.229595,0.8070557491289199,0.7569686411149826,0.2073560457970049,0,1439,0
1.0,ISF_0842,0.25,55,237,0.9248693379790941,0.9348867595818815,0.7355907503081252,45389.19472823106,0.20990233333333333,0.7737369337979094,0.7284407665505227,0.4318932505030557,0,943,0
1.0,ISF_0843,0.25,124,399,0.9747386759581882,0.9642857142857143,0.8058653605207226,69969.42277323827,0.3101991111111111,0.8734756097560976,0.8586672473867596,0.9035506414244427,1,40,1
1.0,ISF_0844,0.25,94,742,0.9658101045296167,0.9908536585365854,0.6888649638095661,69969.42277323827,0.3101991111111111,0.8734756097560976,0.8586672473867596,0.6313311067913966,1,579,0
1.0,ISF_0845,0.25,190,976,0.9895470383275261,0.997822299651568,0.7629143164201156,85053.23226848058,0.34593566666666664,0.956663763066202,0.9048344947735192,0.7593586822379085,1,287,1
1.0,ISF_0846,0.25,270,974,0.9952090592334495,0.9973867595818815,0.8139730792305303,85053.23226848058,0.34593566666666664,0.956663763066202,0.9048344947735192,0.4231574607756177,0,955,0
1.0,ISF_0847,0.25,114,770,0.9725609756097561,0.9921602787456446,0.7137717446613471,88196.90424707346,0.342872,0.9673344947735192,0.9011324041811847,0.80451593932671,1,215,1
1.0,ISF_0848,0.25,54,325,0.9224738675958188,0.953397212543554,0.6924838857754287,88196.90424707346,0.342872,0.9673344947735192,0.9011324041811847,0.8251858620544906,1,176,1
1.0,ISF_0849,0.25,27,188,0.8432055749128919,0.9087543554006968,0.6357049473394489,68953.0205062814,0.3042101111111111,0.8667247386759582,0.8475609756097561,0.6170348232726605,1,612,0
1.0,ISF_0850,0.25,31,194,0.8621515679442509,0.9128919860627178,0.6572607989642464,79920.7551662717,0.3780765555555556,0.922691637630662,0.9505662020905923,0.4152844210302605,0,967,0
1.0,ISF_0851,0.25,21,215,0.8077090592334495,0.922691637630662,0.5750478801134381,79920.7551662717,0.3780765555555556,0.922691637630662,0.9505662020905923,0.3406750172249595,0,1161,0
1.0,ISF_0852,0.25,49,192,0.9155052264808362,0.9102787456445993,0.7433504282041349,77706.13834148087,0.3841951111111111,0.9122386759581882,0.956663763066202,0.30890933484391825,0,1222,0
1.0,ISF_0853,0.25,44,183,0.9017857142857143,0.9072299651567944,0.729953860738574,77706.13834148087,0.3841951111111111,0.9122386759581882,0.956663763066202,0.5236251483439421,1,775,0
1.0,ISF_0854,0.25,57,155,0.9274825783972126,0.882404181184669,0.8040710477125044,76832.92759644054,0.3750853333333333,0.9041811846689896,0.9451219512195121,0.47705680578409765,0,870,0
1.0,ISF_0855,0.25,46,124,0.9083188153310104,0.8536585365853658,0.7974104027177884,76832.92759644054,0.3750853333333333,0.9041811846689896,0.9451219512195121,0.22563337672383324,0,1395,0
1.0,ISF_0856,0.25,9,110,0.7025261324041812,0.836890243902439,0.4889203369695812,59219.463850600645,0.3028641111111111,0.8264372822299652,0.8442944250871081,0.7183791414753462,1,391,1
1.0,ISF_0857,0.25,6,62,0.6596254355400697,0.7567508710801394,0.46967098044385963,59219.463850600645,0.3028641111111111,0.8264372822299652,0.8442944250871081,0.3784728748502626,0,1060,0
1.0,ISF_0858,0.25,7,39,0.6757404181184669,0.6877177700348432,0.5637054741273227,65370.60209855996,0.3148807777777778,0.8577961672473867,0.8621515679442509,0.2964061779039068,0,1254,0
1.0,ISF_0859,0.25,5,57,0.6380662020905923,0.7447735191637631,0.44127191653083575,65370.60209855996,0.3148807777777778,0.8577961672473867,0.8621515679442509,0.3674835064978059,0,1095,0
1.0,ISF_0860,0.25,8,87,0.688588850174216,0.8053135888501742,0.49074364256696784,75510.09487522952,0.343954,0.8961236933797909,0.9030923344947736,0.5029427795582947,1,827,0
1.0,ISF_0861,0.25,12,95,0.7354094076655052,0.8175087108013938,0.5619530434282407,75510.09487522952,0.343954,0.8961236933797909,0.9030923344947736,0.5353324046922145,1,741,0
1.0,ISF_0862,0.25,13,131,0.7441202090592335,0.8619337979094077,0.5404801119225775,82237.43691685423,0.3668331111111111,0.9351045296167247,0.936411149825784,0.10933744694006868,0,1678,0
1.0,ISF_0863,0.25,41,164,0.89198606271777,0.8911149825783972,0.7320230185356942,82237.43691685423,0.3668331111111111,0.9351045296167247,0.936411149825784,0.5236251483439421,1,776,0
1.0,ISF_0864,0.25,72,162,0.9479529616724739,0.8885017421602788,0.8422987527870637,72866.64357624389,0.3375795555555556,0.8787020905923345,0.8965592334494773,0.039905467852317245,0,2153,0
1.0,ISF_0865,0.25,52,155,0.919425087108014,0.882404181184669,0.7862188363098669,72866.64357624389,0.3375795555555556,0.8787020905923345,0.8965592334494773,0.4557491521360985,0,896,0
1.0,ISF_0866,0.25,29,119,0.8538763066202091,0.8484320557491289,0.7104340987720837,48005.684480287135,0.23663355555555557,0.7846254355400697,0.7619773519163763,0.5266224136711969,1,770,0
1.0,ISF_0867,0.25,15,58,0.7652439024390244,0.7482578397212544,0.679966465147656,48005.684480287135,0.23663355555555557,0.7846254355400697,0.7619773519163763,0.05781861273157182,0,2080,0
1.0,ISF_0868,0.25,2,31,0.5313588850174216,0.648301393728223,0.31699250014423125,22158.647190185264,0.11808422222222222,0.6199912891986062,0.5629355400696864,0.570457620120729,1,688,0
1.0,ISF_0869,0.25,1,5,0.4566637630662021,0.40331010452961674,0.3868528072345416,13651.629055865109,0.07472777777777778,0.5056620209059234,0.40505226480836237,0.8936881009777287,1,54,1
1.0,ISF_0870,0.25,0,6,0.2062282229965157,0.429006968641115,0.0,3014.0841468945146,0.017469222222222223,0.2227787456445993,0.16528745644599302,0.2826266343608333,0,1285,0
1.0,ISF_0871,0.25,3,5,0.5792682926829268,0.40331010452961674,0.7737056144690831,691.4278469383717,0.0073327777777777775,0.12652439024390244,0.10387630662020905,0.29644963664122337,0,1252,0
1.0,ISF_0872,0.25,3,5,0.5792682926829268,0.40331010452961674,0.7737056144690831,691.4278469383717,0.0073327777777777775,0.12652439024390244,0.10387630662020905,0.29644963664122337,0,1253,0
1.0,ISF_0873,0.25,0,5,0.2062282229965157,0.40331010452961674,0.0,9790.825237430632,0.033647555555555556,0.41180313588850176,0.23497386759581881,0.8101082422408383,1,208,1
0.8483060787516107,ISF_0874,0.21207651968790267,1,1,0.4566637630662021,0.2452090592334495,1.0,9790.825237430632,0.033647555555555556,0.41180313588850176,0.23497386759581881,0.8826350392498503,1,66,1
0.2174947057501413,ISF_0875,0.05437367643753532,0,0,0.2062282229965157,0.10322299651567944,0.0,142.83366957120597,0.002493888888888889,0.0627177700348432,0.0627177700348432,0.09930901560430255,0,1777,0
1.0,ISF_0876,0.25,0,0,0.2062282229965157,0.10322299651567944,0.0,142.83366957120597,0.002493888888888889,0.0627177700348432,0.0627177700348432,0.09930901560430255,0,1778,0
1.0,ISF_0877,0.25,0,0,0.2062282229965157,0.10322299651567944,0.0,198.6349120605737,0.004594555555555556,0.08013937282229965,0.08449477351916376,0.08241391036737568,0,1918,0
1.0,ISF_0878,0.25,0,0,0.2062282229965157,0.10322299651567944,0.0,198.6349120605737,0.004594555555555556,0.08013937282229965,0.08449477351916376,0.08241391036737568,0,1919,0
1.0,ISF_0879,0.25,0,0,0.2062282229965157,0.10322299651567944,0.0,2720.3328479845077,0.020575222222222224,0.20448606271777003,0.1831445993031359,0.06044399473471527,0,2005,0
1.0,ISF_0880,0.25,0,0,0.2062282229965157,0.10322299651567944,0.0,2720.3328479845077,0.020575222222222224,0.20448606271777003,0.1831445993031359,0.06044399473471527,0,2006,0
1.0,ISF_0881,0.25,0,0,0.2062282229965157,0.10322299651567944,0.0,3521.4343266151845,0.01730788888888889,0.2458623693379791,0.16180313588850173,0.09369818219373977,0,1862,0
1.0,ISF_0882,0.25,0,0,0.2062282229965157,0.10322299651567944,0.0,3521.4343266151845,0.01730788888888889,0.2458623693379791,0.16180313588850173,0.09369818219373977,0,1863,0
1.0,ISF_0883,0.25,0,0,0.2062282229965157,0.10322299651567944,0.0,8401.229199774563,0.03688388888888889,0.3791376306620209,0.25544425087108014,0.5269333205656338,1,769,0
1.0,ISF_0884,0.25,0,1,0.2062282229965157,0.2452090592334495,0.0,9538.265735711902,0.048557555555555555,0.40461672473867594,0.3162020905923345,0.5845178463821035,1,676,0
1.0,ISF_0885,0.25,0,1,0.2062282229965157,0.2452090592334495,0.0,9538.265735711902,0.048557555555555555,0.40461672473867594,0.3162020905923345,0.5845178463821035,1,677,0
1.0,ISF_0886,0.25,0,1,0.2062282229965157,0.2452090592334495,0.0,7045.991827672347,0.04992022222222222,0.3469076655052265,0.32643728222996515,0.7452634768544614,1,319,1
1.0,ISF_0887,0.25,0,1,0.2062282229965157,0.2452090592334495,0.0,7045.991827672347,0.04992022222222222,0.3469076655052265,0.32643728222996515,0.7452634768544614,1,320,1
1.0,ISF_0888,0.25,0,1,0.2062282229965157,0.2452090592334495,0.0,1312.312966985628,0.01940188888888889,0.1644163763066202,0.1718205574912892,0.08554580473727798,0,1897,0
1.0,ISF_0889,0.25,0,5,0.2062282229965157,0.40331010452961674,0.0,1312.312966985628,0.01940188888888889,0.1644163763066202,0.1718205574912892,0.1950309841874439,0,1465,0
1.0,ISF_0890,0.25,3,4,0.5792682926829268,0.37630662020905925,0.8613531161467861,6556.817833470181,0.053344,0.3353658536585366,0.3445121951219512,0.5353795778378148,1,739,0
1.0,ISF_0891,0.25,3,11,0.5792682926829268,0.5145905923344948,0.5578858913022596,6556.817833470181,0.053344,0.3353658536585366,0.3445121951219512,0.8600039584369422,1,111,1
1.0,ISF_0892,0.25,5,58,0.6380662020905923,0.7482578397212544,0.4394219535386525,16285.313817963004,0.09124433333333333,0.5598867595818815,0.4684233449477352,0.44108864839553064,0,930,0
1.0,ISF_0893,0.25,41,77,0.89198606271777,0.789198606271777,0.8579112736169254,16285.313817963004,0.09124433333333333,0.5598867595818815,0.4684233449477352,0.0857093976449199,0,1895,0
1.0,ISF_0894,0.25,37,133,0.8815331010452961,0.8660714285714286,0.7426919434487922,29563.963121391833,0.15535233333333334,0.6718205574912892,0.635670731707317,0.11889093900801083,0,1657,0
1.0,ISF_0895,0.25,34,174,0.8723867595818815,0.8976480836236934,0.6883824575577785,10280.77635456808,0.06192288888888889,0.4266114982578397,0.36563588850174217,0.4186704119747635,0,960,0
1.0,ISF_0896,0.25,66,181,0.9412020905923345,0.9059233449477352,0.8079721784048732,22628.34184130095,0.11553588888888888,0.6217334494773519,0.5533536585365854,0.4475436987735046,0,917,0
1.0,ISF_0897,0.25,54,160,0.9224738675958188,0.8865418118466899,0.788627099399267,22628.34184130095,0.11553588888888888,0.6217334494773519,0.5533536585365854,0.26773188905412476,0,1313,0
1.0,ISF_0898,0.25,17,210,0.7813588850174216,0.9192073170731707,0.5400688295186272,53042.09606596269,0.229595,0.8070557491289199,0.7569686411149826,0.2942061417643044,0,1257,0
1.0,ISF_0899,0.25,63,330,0.9366289198606271,0.9542682926829268,0.716787010242513,53042.09606596269,0.229595,0.8070557491289199,0.7569686411149826,0.8638050929257841,1,104,1
1.0,ISF_0900,0.25,173,465,0.9869337979094077,0.9729965156794426,0.8396646205740321,79665.20912381262,0.3244247777777778,0.9209494773519163,0.8712979094076655,0.09738249222144355,0,1842,0
1.0,ISF_0901,0.25,192,790,0.9902003484320557,0.9934668989547039,0.7886190927370438,79665.20912381262,0.3244247777777778,0.9209494773519163,0.8712979094076655,0.6351561955411278,1,566,0
1.0,ISF_0902,0.25,376,1062,0.9984756097560976,1.0,0.8512516219152104,85053.23226848058,0.34593566666666664,0.956663763066202,0.9048344947735192,0.09524586482100225,0,1849,0
1.0,ISF_0903,0.25,548,1000,1.0,0.9982578397212544,0.9130586687482305,85053.23226848058,0.34593566666666664,0.956663763066202,0.9048344947735192,0.16918425523273906,0,1536,0
1.0,ISF_0904,0.25,227,885,0.9930313588850174,0.9956445993031359,0.7999958843827101,88196.90424707346,0.342872,0.9673344947735192,0.9011324041811847,0.6213129080344699,1,607,0
1.0,ISF_0905,0.25,46,394,0.9083188153310104,0.9625435540069687,0.6439573781978307,88196.90424707346,0.342872,0.9673344947735192,0.9011324041811847,0.5486067250596903,1,718,0
1.0,ISF_0906,0.25,41,208,0.89198606271777,0.9185540069686411,0.6996323034090807,84722.00657474808,0.33825977777777777,0.9514372822299652,0.8978658536585366,0.6269452107213128,1,590,0
1.0,ISF_0907,0.25,94,215,0.9658101045296167,0.922691637630662,0.847189028402808,90237.05926418304,0.3935916666666667,0.9797473867595818,0.9688588850174216,0.024028911393234768,0,2259,0
1.0,ISF_0908,0.25,79,243,0.9540505226480837,0.9388066202090593,0.7971425386822971,90237.05926418304,0.3935916666666667,0.9797473867595818,0.9688588850174216,0.32507406900979335,0,1189,0
1.0,ISF_0909,0.25,59,222,0.9309668989547039,0.927918118466899,0.7572063058607974,77706.13834148087,0.3841951111111111,0.9122386759581882,0.956663763066202,0.30890933484391825,0,1223,0
1.0,ISF_0910,0.25,45,204,0.9050522648083623,0.9174651567944251,0.7192624871067413,77706.13834148087,0.3841951111111111,0.9122386759581882,0.956663763066202,0.5167205604843164,1,791,0
1.0,ISF_0911,0.25,67,164,0.9431620209059234,0.8911149825783972,0.8263910624867489,76832.92759644054,0.3750853333333333,0.9041811846689896,0.9451219512195121,0.025969671180329317,0,2253,0
1.0,ISF_0912,0.25,45,121,0.9050522648083623,0.8508275261324042,0.7969659917885893,76832.92759644054,0.3750853333333333,0.9041811846689896,0.9451219512195121,0.23175887682874002,0,1376,0
1.0,ISF_0913,0.25,20,89,0.802918118466899,0.8092334494773519,0.6765891583809964,71136.5989161674,0.35259311111111113,0.8769599303135889,0.9161585365853658,0.18969324079064398,0,1492,0
1.0,ISF_0914,0.25,18,47,0.788109756097561,0.7131968641114983,0.7606009015987256,71136.5989161674,0.35259311111111113,0.8769599303135889,0.9161585365853658,0.15460623641677665,0,1575,0
1.0,ISF_0915,0.25,14,74,0.7545731707317073,0.7841898954703833,0.6272281775627488,73045.93403029442,0.3462311111111111,0.8821864111498258,0.9065766550522648,0.09125435752903555,0,1874,0
1.0,ISF_0916,0.25,23,105,0.8181620209059234,0.830574912891986,0.681482864086393,65370.60209855996,0.3148807777777778,0.8577961672473867,0.8621515679442509,0.31199392916277857,0,1216,0
1.0,ISF_0917,0.25,43,116,0.8985191637630662,0.8447299651567944,0.7946349053458021,75510.09487522952,0.343954,0.8961236933797909,0.9030923344947736,0.34892941643237974,0,1144,0
1.0,ISF_0918,0.25,13,150,0.7441202090592335,0.8784843205574913,0.5259936490388362,75510.09487522952,0.343954,0.8961236933797909,0.9030923344947736,0.23886927270507777,0,1367,0
1.0,ISF_0919,0.25,10,163,0.7158101045296167,0.889808362369338,0.47018785819875014,88215.93315349147,0.3754157777777778,0.9692944250871081,0.947081881533101,0.5784180898475966,1,683,0
1.0,ISF_0920,0.25,46,168,0.9083188153310104,0.8943815331010453,0.750530919939965,88215.93315349147,0.3754157777777778,0.9692944250871081,0.947081881533101,0.30890933484391825,0,1224,0
1.0,ISF_0921,0.25,76,182,0.9512195121951219,0.9065766550522648,0.8338260808092239,80643.93635699339,0.352386,0.9261759581881533,0.9144163763066202,0.03154372689346413,0,2232,0
1.0,ISF_0922,0.25,56,193,0.9261759581881533,0.9113675958188153,0.7674943299068326,80643.93635699339,0.352386,0.9261759581881533,0.9144163763066202,0.574448113535073,1,684,0
1.0,ISF_0923,0.25,39,135,0.8854529616724739,0.8678135888501742,0.750893262383368,48005.684480287135,0.23663355555555557,0.7846254355400697,0.7619773519163763,0.20353560931451664,0,1441,0
1.0,ISF_0924,0.25,27,72,0.8432055749128919,0.7817944250871081,0.7766544715974056,48005.684480287135,0.23663355555555557,0.7846254355400697,0.7619773519163763,0.46453548433870784,0,884,0
1.0,ISF_0925,0.25,9,40,0.7025261324041812,0.6925087108013938,0.6200458888731157,22158.647190185264,0.11808422222222222,0.6199912891986062,0.5629355400696864,0.2305852145019457,0,1380,0
1.0,ISF_0926,0.25,0,16,0.2062282229965157,0.5620644599303136,0.0,22158.647190185264,0.11808422222222222,0.6199912891986062,0.5629355400696864,0.8258419222498503,1,172,1
1.0,ISF_0927,0.25,0,3,0.2062282229965157,0.3477787456445993,0.0,4843.508597891778,0.031566555555555556,0.2981271777003484,0.22016550522648085,0.9063251898262523,1,35,1
1.0,ISF_0928,0.25,0,4,0.2062282229965157,0.37630662020905925,0.0,789.8412325158715,0.008624333333333333,0.1332752613240418,0.11454703832752614,0.12311362971023211,0,1641,0
1.0,ISF_0929,0.25,0,4,0.2062282229965157,0.37630662020905925,0.0,789.8412325158715,0.008624333333333333,0.1332752613240418,0.11454703832752614,0.12311362971023211,0,1642,0
1.0,ISF_0930,0.25,0,1,0.2062282229965157,0.2452090592334495,0.0,9790.825237430632,0.033647555555555556,0.41180313588850176,0.23497386759581881,0.6923215377148242,1,448,1
0.5580118125018421,ISF_0931,0.13950295312546052,1,1,0.4566637630662021,0.2452090592334495,1.0,9790.825237430632,0.033647555555555556,0.41180313588850176,0.23497386759581881,0.8826350392498503,1,67,1
0.5026229266053996,ISF_0932,0.1256557316513499,0,0,0.2062282229965157,0.10322299651567944,0.0,144.61030902527273,0.002524888888888889,0.06424216027874564,0.06424216027874564,0.09930901560430255,0,1779,0
1.0,ISF_0933,0.25,0,0,0.2062282229965157,0.10322299651567944,0.0,144.61030902527273,0.002524888888888889,0.06424216027874564,0.06424216027874564,0.09930901560430255,0,1780,0
1.0,ISF_0934,0.25,0,0,0.2062282229965157,0.10322299651567944,0.0,198.6349120605737,0.004594555555555556,0.08013937282229965,0.08449477351916376,0.08241391036737568,0,1920,0
1.0,ISF_0935,0.25,0,0,0.2062282229965157,0.10322299651567944,0.0,198.6349120605737,0.004594555555555556,0.08013937282229965,0.08449477351916376,0.08241391036737568,0,1921,0
1.0,ISF_0936,0.25,0,0,0.2062282229965157,0.10322299651567944,0.0,2720.3328479845077,0.020575222222222224,0.20448606271777003,0.1831445993031359,0.06044399473471527,0,2007,0
1.0,ISF_0937,0.25,0,0,0.2062282229965157,0.10322299651567944,0.0,2720.3328479845077,0.020575222222222224,0.20448606271777003,0.1831445993031359,0.06044399473471527,0,2008,0
1.0,ISF_0938,0.25,0,1,0.2062282229965157,0.2452090592334495,0.0,15870.450658973306,0.07193877777777778,0.5507404181184669,0.39568815331010454,0.7665908147557802,1,275,1
1.0,ISF_0939,0.25,0,5,0.2062282229965157,0.40331010452961674,0.0,15870.450658973306,0.07193877777777778,0.5507404181184669,0.39568815331010454,0.8312552613513507,1,160,1
1.0,ISF_0940,0.25,0,11,0.2062282229965157,0.5145905923344948,0.0,29073.78112672642,0.12367977777777778,0.6687717770034843,0.5738240418118467,0.344997917087723,0,1153,0
1.0,ISF_0941,0.25,1,11,0.4566637630662021,0.5145905923344948,0.2789429456511298,9538.265735711902,0.048557555555555555,0.40461672473867594,0.3162020905923345,0.925565397319036,1,19,1
1.0,ISF_0942,0.25,0,24,0.2062282229965157,0.6162891986062717,0.0,9538.265735711902,0.048557555555555555,0.40461672473867594,0.3162020905923345,0.44389648133076787,0,923,0
1.0,ISF_0943,0.25,0,13,0.2062282229965157,0.5376742160278746,0.0,7045.991827672347,0.04992022222222222,0.3469076655052265,0.32643728222996515,0.907718579305077,1,29,1
1.0,ISF_0944,0.25,1,1,0.4566637630662021,0.2452090592334495,1.0,7045.991827672347,0.04992022222222222,0.3469076655052265,0.32643728222996515,0.8027842711154364,1,219,1
1.0,ISF_0945,0.25,1,3,0.4566637630662021,0.3477787456445993,0.5,2947.834327077493,0.039975333333333335,0.21972996515679444,0.2672038327526132,0.8518587404261854,1,125,1
1.0,ISF_0946,0.25,2,7,0.5313588850174216,0.4479529616724739,0.5283208335737188,2947.834327077493,0.039975333333333335,0.21972996515679444,0.2672038327526132,0.876657071056944,1,82,1
1.0,ISF_0947,0.25,3,8,0.5792682926829268,0.4649390243902439,0.6309297535714574,7805.948114512488,0.06768544444444445,0.36955574912891986,0.3791376306620209,0.44826279775861916,0,916,0
1.0,ISF_0948,0.25,3,30,0.5792682926829268,0.6428571428571429,0.4036981731641997,6556.817833470181,0.053344,0.3353658536585366,0.3445121951219512,0.6387510795700823,1,554,0
1.0,ISF_0949,0.25,19,79,0.7959494773519163,0.7931184668989547,0.6836408181204355,16285.313817963004,0.09124433333333333,0.5598867595818815,0.4684233449477352,0.2321834951360745,0,1374,0
1.0,ISF_0950,0.25,40,110,0.8880662020905923,0.836890243902439,0.7885228266865139,16285.313817963004,0.09124433333333333,0.5598867595818815,0.4684233449477352,0.12081880682755504,0,1646,0
1.0,ISF_0951,0.25,40,205,0.8880662020905923,0.9181184668989547,0.6970079538368812,29563.963121391833,0.15535233333333334,0.6718205574912892,0.635670731707317,0.3153327009871966,0,1212,0
1.0,ISF_0952,0.25,64,246,0.9383710801393729,0.9407665505226481,0.7576861558556556,29563.963121391833,0.15535233333333334,0.6718205574912892,0.635670731707317,0.2896900727020952,0,1269,0
1.0,ISF_0953,0.25,85,218,0.9586236933797909,0.9250871080139372,0.826551866364781,43567.52456077188,0.19997922222222222,0.7576219512195121,0.7140679442508711,0.04348420237364618,0,2138,0
1.0,ISF_0954,0.25,49,226,0.9155052264808362,0.9296602787456446,0.7211168753300973,43567.52456077188,0.19997922222222222,0.7576219512195121,0.7140679442508711,0.42511880956013215,0,950,0
1.0,ISF_0955,0.25,36,243,0.8793554006968641,0.9388066202090593,0.656868730345546,53042.09606596269,0.229595,0.8070557491289199,0.7569686411149826,0.3959075842318467,0,1018,0
1.0,ISF_0956,0.25,101,432,0.9695121951219512,0.9697299651567944,0.7618469155652468,53042.09606596269,0.229595,0.8070557491289199,0.7569686411149826,0.793006958796019,1,233,1
1.0,ISF_0957,0.25,110,578,0.9716898954703833,0.9825783972125436,0.7403405541421674,79665.20912381262,0.3244247777777778,0.9209494773519163,0.8712979094076655,0.638112389530516,1,556,0
1.0,ISF_0958,0.25,87,898,0.9614547038327527,0.9960801393728222,0.6583076739764063,79665.20912381262,0.3244247777777778,0.9209494773519163,0.8712979094076655,0.4952686266520551,0,843,0
1.0,ISF_0959,0.25,272,1026,0.9956445993031359,0.9995644599303136,0.8089343060927356,91185.93981542066,0.356826,0.9814895470383276,0.9231271777003485,0.3720427956723323,0,1079,0
1.0,ISF_0960,0.25,417,972,0.9995644599303136,0.9969512195121951,0.8772012376679981,91185.93981542066,0.356826,0.9814895470383276,0.9231271777003485,0.10640486549671428,0,1688,0
1.0,ISF_0961,0.25,140,788,0.9786585365853658,0.9930313588850174,0.7418577795048066,93232.89825322106,0.35920644444444444,0.9906358885017421,0.9283536585365854,0.5109783907510949,1,803,0
1.0,ISF_0962,0.25,34,543,0.8723867595818815,0.9799651567944251,0.5644351021345394,88196.90424707346,0.342872,0.9673344947735192,0.9011324041811847,0.8196420729497516,1,189,1
1.0,ISF_0963,0.25,41,519,0.89198606271777,0.9777874564459931,0.5976610059049201,84722.00657474808,0.33825977777777777,0.9514372822299652,0.8978658536585366,0.7649710365861843,1,277,1
1.0,ISF_0964,0.25,68,509,0.9444686411149826,0.9769163763066202,0.6791510362207291,90237.05926418304,0.3935916666666667,0.9797473867595818,0.9688588850174216,0.36767917057469823,0,1092,0
1.0,ISF_0965,0.25,72,417,0.9479529616724739,0.9677700348432056,0.7108727761181448,90237.05926418304,0.3935916666666667,0.9797473867595818,0.9688588850174216,0.7142367903662925,1,398,1
1.0,ISF_0966,0.25,67,300,0.9431620209059234,0.9507839721254355,0.7393422431731786,83280.32694351673,0.39545322222222223,0.9444686411149826,0.9723432055749129,0.5109783907510949,1,804,0
1.0,ISF_0967,0.25,54,229,0.9224738675958188,0.9318379790940766,0.7369023064185451,83280.32694351673,0.39545322222222223,0.9444686411149826,0.9723432055749129,0.5916193203642033,1,664,0
1.0,ISF_0968,0.25,33,175,0.8693379790940766,0.8989547038327527,0.6820174915927076,80866.48213487864,0.3939086666666667,0.9296602787456446,0.9706010452961672,0.4152844210302605,0,968,0
1.0,ISF_0969,0.25,19,114,0.7959494773519163,0.8423344947735192,0.6313540831589006,76832.92759644054,0.3750853333333333,0.9041811846689896,0.9451219512195121,0.1035860629806819,0,1696,0
1.0,ISF_0970,0.25,14,63,0.7545731707317073,0.760670731707317,0.6511484326014199,71136.5989161674,0.35259311111111113,0.8769599303135889,0.9161585365853658,0.09125435752903555,0,1875,0
1.0,ISF_0971,0.25,16,51,0.7741724738675958,0.7253919860627178,0.7170434288152172,71136.5989161674,0.35259311111111113,0.8769599303135889,0.9161585365853658,0.21890310167711088,0,1413,0
1.0,ISF_0972,0.25,16,87,0.7741724738675958,0.8053135888501742,0.6327898617978781,73045.93403029442,0.3462311111111111,0.8821864111498258,0.9065766550522648,0.07449231863609279,0,1952,0
1.0,ISF_0973,0.25,46,135,0.9083188153310104,0.8678135888501742,0.7837203490294025,73045.93403029442,0.3462311111111111,0.8821864111498258,0.9065766550522648,0.4131819029917179,0,977,0
1.0,ISF_0974,0.25,88,148,0.9625435540069687,0.8769599303135889,0.8970192914338325,75824.69748532027,0.351556,0.8996080139372822,0.9126742160278746,0.05509439566016708,0,2085,0
1.0,ISF_0975,0.25,64,157,0.9383710801393729,0.884581881533101,0.8245548464104063,75824.69748532027,0.351556,0.8996080139372822,0.9126742160278746,0.08456184918406834,0,1910,0
1.0,ISF_0976,0.25,39,150,0.8854529616724739,0.8784843205574913,0.7352349428561503,88215.93315349147,0.3754157777777778,0.9692944250871081,0.947081881533101,0.42373657678464516,0,954,0
1.0,ISF_0977,0.25,45,144,0.9050522648083623,0.8736933797909407,0.7693080632091296,88215.93315349147,0.3754157777777778,0.9692944250871081,0.947081881533101,0.34586732284573224,0,1150,0
1.0,ISF_0978,0.25,37,167,0.8815331010452961,0.8932926829268293,0.7099164190748316,80643.93635699339,0.352386,0.9261759581881533,0.9144163763066202,0.6269452107213128,1,591,0
1.0,ISF_0979,0.25,35,141,0.8763066202090593,0.8721689895470384,0.7230920080150293,80643.93635699339,0.352386,0.9261759581881533,0.9144163763066202,0.7707873373842049,1,269,1
1.0,ISF_0980,0.25,31,99,0.8621515679442509,0.8238240418118467,0.7525749891599529,56342.654308356345,0.2534887777777778,0.8155487804878049,0.7837543554006968,0.748518508082098,1,311,1
1.0,ISF_0981,0.25,17,68,0.7813588850174216,0.7728658536585366,0.6826403055185054,56342.654308356345,0.2534887777777778,0.8155487804878049,0.7837543554006968,0.16803616484442718,0,1541,0
1.0,ISF_0982,0.25,8,34,0.688588850174216,0.6628919860627178,0.6180054777578524,24566.29655763507,0.12241955555555556,0.6391550522648084,0.5712108013937283,0.039244308483362945,0,2155,0
1.0,ISF_0983,0.25,2,15,0.5313588850174216,0.5546602787456446,0.3962406251802891,22158.647190185264,0.11808422222222222,0.6199912891986062,0.5629355400696864,0.8584493885142563,1,116,1
1.0,ISF_0984,0.25,1,3,0.4566637630662021,0.3477787456445993,0.5,4843.508597891778,0.031566555555555556,0.2981271777003484,0.22016550522648085,0.9435215577277017,1,6,1
1.0,ISF_0985,0.25,0,2,0.2062282229965157,0.3079268292682927,0.0,789.8412325158715,0.008624333333333333,0.1332752613240418,0.11454703832752614,0.05316894377403714,0,2095,0
1.0,ISF_0986,0.25,0,1,0.2062282229965157,0.2452090592334495,0.0,789.8412325158715,0.008624333333333333,0.1332752613240418,0.11454703832752614,0.051421911398404525,0,2109,0
0.989475599980236,ISF_0987,0.247368899995059,0,2,0.2062282229965157,0.3079268292682927,0.0,3713.468017263338,0.016341333333333333,0.25718641114982577,0.15527003484320556,0.14951397402503583,0,1579,0
0.13253858927873763,ISF_0988,0.03313464731968441,0,1,0.2062282229965157,0.2452090592334495,0.0,3713.468017263338,0.016341333333333333,0.25718641114982577,0.15527003484320556,0.14508631789480014,0,1585,0
0.7877511474606581,ISF_0989,0.19693778686516453,0,0,0.2062282229965157,0.10322299651567944,0.0,144.61030902527273,0.002524888888888889,0.06424216027874564,0.06424216027874564,0.09930901560430255,0,1781,0
1.0,ISF_0990,0.25,0,0,0.2062282229965157,0.10322299651567944,0.0,144.61030902527273,0.002524888888888889,0.06424216027874564,0.06424216027874564,0.09930901560430255,0,1782,0
0.8633022426044223,ISF_0991,0.21582556065110559,0,0,0.2062282229965157,0.10322299651567944,0.0,206.95813725329936,0.0047447777777777774,0.08253484320557491,0.0860191637630662,0.08241391036737568,0,1922,0
0.4103576774430574,ISF_0992,0.10258941936076435,0,0,0.2062282229965157,0.10322299651567944,0.0,206.95813725329936,0.0047447777777777774,0.08253484320557491,0.0860191637630662,0.08241391036737568,0,1923,0
0.6437847734324209,ISF_0993,0.16094619335810523,0,0,0.2062282229965157,0.10322299651567944,0.0,3480.9483607001603,0.031869666666666664,0.24455574912891986,0.2227787456445993,0.36189038884004027,0,1112,0
0.9675509813883957,ISF_0994,0.24188774534709892,0,1,0.2062282229965157,0.2452090592334495,0.0,3480.9483607001603,0.031869666666666664,0.24455574912891986,0.2227787456445993,0.46294016920431325,0,887,0
1.0,ISF_0995,0.25,1,11,0.4566637630662021,0.5145905923344948,0.2789429456511298,15870.450658973306,0.07193877777777778,0.5507404181184669,0.39568815331010454,0.9136252460492268,1,25,1
1.0,ISF_0996,0.25,4,24,0.6117160278745645,0.6162891986062717,0.5,15870.450658973306,0.07193877777777778,0.5507404181184669,0.39568815331010454,0.530180820328437,1,757,0
1.0,ISF_0997,0.25,7,50,0.6757404181184669,0.7223432055749129,0.5288743031666463,29073.78112672642,0.12367977777777778,0.6687717770034843,0.5738240418118467,0.10415366383409383,0,1694,0
1.0,ISF_0998,0.25,9,67,0.7025261324041812,0.7689459930313589,0.5456999379736751,28033.115818588063,0.12487844444444444,0.6574477351916377,0.5790505226480837,0.36773314332055795,0,1091,0
1.0,ISF_0999,0.25,22,54,0.8125,0.7356271777003485,0.7824391112483089,28033.115818588063,0.12487844444444444,0.6574477351916377,0.5790505226480837,0.054706374426414746,0,2087,0
1.0,ISF_1000,0.25,7,36,0.6757404181184669,0.6724738675958188,0.5758761600196804,16165.782620929182,0.09470755555555556,0.5579268292682927,0.47473867595818814,0.251843210733432,0,1353,0
1.0,ISF_1001,0.25,1,10,0.4566637630662021,0.49869337979094075,0.2890648263178878,16165.782620929182,0.09470755555555556,0.5579268292682927,0.47473867595818814,0.7278735208471672,1,359,1
1.0,ISF_1002,0.25,1,4,0.4566637630662021,0.37630662020905925,0.43067655807339306,2947.834327077493,0.039975333333333335,0.21972996515679444,0.2672038327526132,0.9234928848270261,1,20,1
1.0,ISF_1003,0.25,2,8,0.5313588850174216,0.4649390243902439,0.5,2947.834327077493,0.039975333333333335,0.21972996515679444,0.2672038327526132,0.876657071056944,1,83,1
1.0,ISF_1004,0.25,3,19,0.5792682926829268,0.5814459930313589,0.46275642631951835,7805.948114512488,0.06768544444444445,0.36955574912891986,0.3791376306620209,0.8592351504607975,1,112,1
1.0,ISF_1005,0.25,6,75,0.6596254355400697,0.7857142857142857,0.44932578299236897,7805.948114512488,0.06768544444444445,0.36955574912891986,0.3791376306620209,0.707226805187968,1,416,1
1.0,ISF_1006,0.25,16,133,0.7741724738675958,0.8660714285714286,0.578461823942182,18611.685762679204,0.10661566666666666,0.5899390243902439,0.5224303135888502,0.1446069482289462,0,1586,0
1.0,ISF_1007,0.25,28,214,0.8486498257839721,0.9218205574912892,0.6269824576430069,18611.685762679204,0.10661566666666666,0.5899390243902439,0.5224303135888502,0.2508737547723112,0,1354,0
1.0,ISF_1008,0.25,55,238,0.9248693379790941,0.9357578397212544,0.7350275688980776,28881.98301022686,0.14906188888888888,0.664198606271777,0.6184668989547039,0.3953055976571493,0,1020,0
1.0,ISF_1009,0.25,69,238,0.9453397212543554,0.9357578397212544,0.7757734899104631,29563.963121391833,0.15535233333333334,0.6718205574912892,0.635670731707317,0.18868088222338417,0,1495,0
1.0,ISF_1010,0.25,63,234,0.9366289198606271,0.9337979094076655,0.7617580258767346,43567.52456077188,0.19997922222222222,0.7576219512195121,0.7140679442508711,0.3618393038496088,0,1113,0
1.0,ISF_1011,0.25,43,247,0.8985191637630662,0.9414198606271778,0.6863586722782005,43567.52456077188,0.19997922222222222,0.7576219512195121,0.7140679442508711,0.15954328539791598,0,1567,0
1.0,ISF_1012,0.25,53,319,0.9202961672473867,0.952308362369338,0.6915329520449746,60065.49552198872,0.26772844444444444,0.8342770034843205,0.805095818815331,0.8810823035017609,1,69,1
1.0,ISF_1013,0.25,144,463,0.9799651567944251,0.9725609756097561,0.8105581953680325,60065.49552198872,0.26772844444444444,0.8342770034843205,0.805095818815331,0.8251593434833323,1,177,1
1.0,ISF_1014,0.25,201,603,0.9912891986062717,0.9847560975609756,0.8289538831475004,77663.22149438784,0.3213513333333333,0.9102787456445993,0.8693379790940766,0.10461280315299014,0,1693,0
1.0,ISF_1015,0.25,127,707,0.975609756097561,0.9895470383275261,0.7393632912747019,77663.22149438784,0.3213513333333333,0.9102787456445993,0.8693379790940766,0.638112389530516,1,557,0
1.0,ISF_1016,0.25,110,785,0.9716898954703833,0.992595818815331,0.7063987885237735,91185.93981542066,0.356826,0.9814895470383276,0.9231271777003485,0.7046555430781593,1,420,1
1.0,ISF_1017,0.25,130,745,0.9760452961672473,0.9912891986062717,0.7370218536428745,91185.93981542066,0.356826,0.9814895470383276,0.9231271777003485,0.7198494269570385,1,385,1
1.0,ISF_1018,0.25,86,675,0.9599303135888502,0.9886759581881533,0.6853554010045632,93232.89825322106,0.35920644444444444,0.9906358885017421,0.9283536585365854,0.36767917057469823,0,1093,0
1.0,ISF_1019,0.25,158,573,0.9838850174216028,0.9821428571428571,0.7979222281024186,93232.89825322106,0.35920644444444444,0.9906358885017421,0.9283536585365854,0.5202437928665686,1,785,0
1.0,ISF_1020,0.25,297,708,0.9969512195121951,0.9899825783972126,0.867949250783608,89277.71450533345,0.350976,0.9723432055749129,0.9113675958188153,0.04762191428175399,0,2128,0
1.0,ISF_1021,0.25,261,853,0.9947735191637631,0.9947735191637631,0.8249483356045474,93207.95157432556,0.3974482222222222,0.9869337979094077,0.9777874564459931,0.11530076562588305,0,1664,0
1.0,ISF_1022,0.25,156,750,0.9834494773519163,0.9917247386759582,0.7636212114569929,93207.95157432556,0.3974482222222222,0.9869337979094077,0.9777874564459931,0.6571131697382909,1,520,0
1.0,ISF_1023,0.25,110,539,0.9716898954703833,0.9788763066202091,0.7485462047458246,83280.32694351673,0.39545322222222223,0.9444686411149826,0.9723432055749129,0.5109783907510949,1,805,0
1.0,ISF_1024,0.25,63,367,0.9366289198606271,0.9614547038327527,0.7039310596828923,83280.32694351673,0.39545322222222223,0.9444686411149826,0.9723432055749129,0.7517719030530988,1,300,1
1.0,ISF_1025,0.25,23,228,0.8181620209059234,0.931184668989547,0.584876044131289,80866.48213487864,0.3939086666666667,0.9296602787456446,0.9706010452961672,0.40039764305156544,0,1010,0
1.0,ISF_1026,0.25,11,121,0.7264808362369338,0.8508275261324042,0.517255571249475,80866.48213487864,0.3939086666666667,0.9296602787456446,0.9706010452961672,0.4675462311011605,0,878,0
1.0,ISF_1027,0.25,12,69,0.7354094076655052,0.7759146341463414,0.603731253380026,78022.50482259318,0.3803706666666667,0.9174651567944251,0.9549216027874564,0.2271485590581363,0,1392,0
1.0,ISF_1028,0.25,10,72,0.7158101045296167,0.7817944250871081,0.5588900922360301,78022.50482259318,0.3803706666666667,0.9174651567944251,0.9549216027874564,0.4450807358171878,0,918,0
1.0,ISF_1029,0.25,11,79,0.7264808362369338,0.7931184668989547,0.5670679018985314,83870.89914248511,0.37432055555555555,0.948170731707317,0.9420731707317073,0.3913124187876697,0,1033,0
1.0,ISF_1030,0.25,15,157,0.7652439024390244,0.884581881533101,0.5476615656895685,73045.93403029442,0.3462311111111111,0.8821864111498258,0.9065766550522648,0.25565689399128855,0,1347,0
1.0,ISF_1031,0.25,35,193,0.8763066202090593,0.9113675958188153,0.6802610909883138,75824.69748532027,0.351556,0.8996080139372822,0.9126742160278746,0.5786177349293987,1,682,0
1.0,ISF_1032,0.25,39,179,0.8854529616724739,0.9028745644599303,0.7103620461397757,75824.69748532027,0.351556,0.8996080139372822,0.9126742160278746,0.6739644018220159,1,471,0
1.0,ISF_1033,0.25,28,139,0.8486498257839721,0.8710801393728222,0.6814122799699583,85688.51078234985,0.37871955555555553,0.9584059233449478,0.9531794425087108,0.22348064334315026,0,1400,0
1.0,ISF_1034,0.25,19,101,0.7959494773519163,0.8264372822299652,0.6477297044750997,85688.51078234985,0.37871955555555553,0.9584059233449478,0.9531794425087108,0.1035860629806819,0,1697,0
1.0,ISF_1035,0.25,19,112,0.7959494773519163,0.8388501742160279,0.6336971681688635,73901.64050373808,0.336686,0.8893728222996515,0.8945993031358885,0.18261412576772623,0,1505,0
1.0,ISF_1036,0.25,15,105,0.7652439024390244,0.830574912891986,0.5945373502873399,73901.64050373808,0.336686,0.8893728222996515,0.8945993031358885,0.1773274724126462,0,1521,0
1.0,ISF_1037,0.25,14,88,0.7545731707317073,0.8072735191637631,0.6033124490464826,56342.654308356345,0.2534887777777778,0.8155487804878049,0.7837543554006968,0.1393329089468493,0,1594,0
1.0,ISF_1038,0.25,6,53,0.6596254355400697,0.7321428571428571,0.48782099059316425,56342.654308356345,0.2534887777777778,0.8155487804878049,0.7837543554006968,0.1203018890787033,0,1648,0
1.0,ISF_1039,0.25,5,24,0.6380662020905923,0.6162891986062717,0.5566413762796892,24566.29655763507,0.12241955555555556,0.6391550522648084,0.5712108013937283,0.06980568884297723,0,1970,0
1.0,ISF_1040,0.25,4,6,0.6117160278745645,0.429006968641115,0.8270874753469162,24566.29655763507,0.12241955555555556,0.6391550522648084,0.5712108013937283,0.10208520549738155,0,1699,0
1.0,ISF_1041,0.25,0,6,0.2062282229965157,0.429006968641115,0.0,4642.98606813699,0.028052555555555556,0.28723867595818814,0.20492160278745644,0.9318714779716204,1,13,1
1.0,ISF_1042,0.25,1,2,0.4566637630662021,0.3079268292682927,0.6309297535714574,4642.98606813699,0.028052555555555556,0.28723867595818814,0.20492160278745644,0.7601348810962832,1,283,1
1.0,ISF_1043,0.25,1,2,0.4566637630662021,0.3079268292682927,0.6309297535714574,299.84504867717624,0.003450222222222222,0.09081010452961673,0.0781794425087108,0.1704199744327817,0,1533,0
0.7247229820998908,ISF_1044,0.1811807455249727,0,2,0.2062282229965157,0.3079268292682927,0.0,789.8412325158715,0.008624333333333333,0.1332752613240418,0.11454703832752614,0.05316894377403714,0,2096,0
0.9914845972302582,ISF_1045,0.24787114930756454,0,0,0.2062282229965157,0.10322299651567944,0.0,163.25229722820222,0.002850333333333333,0.06772648083623693,0.06946864111498258,0.08241391036737568,0,1924,0
0.751782620394068,ISF_1046,0.187945655098517,0,0,0.2062282229965157,0.10322299651567944,0.0,163.25229722820222,0.002850333333333333,0.06772648083623693,0.06946864111498258,0.08241391036737568,0,1925,0
0.8914079438087306,ISF_1047,0.22285198595218264,1,23,0.4566637630662021,0.6071428571428571,0.21810429198553155,22081.274295208976,0.10990211111111112,0.6182491289198606,0.5389808362369338,0.5884636248788998,1,670,0
1.0,ISF_1048,0.25,17,50,0.7813588850174216,0.7223432055749129,0.7351220597983265,22081.274295208976,0.10990211111111112,0.6182491289198606,0.5389808362369338,0.2524631296473209,0,1352,0
1.0,ISF_1049,0.25,25,108,0.8310104529616724,0.8327526132404182,0.6944905003449378,37163.02939294465,0.17369233333333334,0.7280052264808362,0.6722560975609756,0.40660504518798035,0,996,0
1.0,ISF_1050,0.25,35,129,0.8763066202090593,0.8604094076655052,0.736208233332731,28033.115818588063,0.12487844444444444,0.6574477351916377,0.5790505226480837,0.49655118555141753,0,841,0
1.0,ISF_1051,0.25,47,81,0.9107142857142857,0.7974738675958188,0.8784768880638768,28033.115818588063,0.12487844444444444,0.6574477351916377,0.5790505226480837,0.04759593808564977,0,2129,0
1.0,ISF_1052,0.25,11,62,0.7264808362369338,0.7567508710801394,0.5997648673984185,16165.782620929182,0.09470755555555556,0.5579268292682927,0.47473867595818814,0.607354812283185,1,628,0
1.0,ISF_1053,0.25,0,21,0.2062282229965157,0.5942944250871081,0.0,16165.782620929182,0.09470755555555556,0.5579268292682927,0.47473867595818814,0.7032875857880527,1,424,1
1.0,ISF_1054,0.25,1,7,0.4566637630662021,0.4479529616724739,0.33333333333333337,3588.888105550781,0.04969666666666667,0.251088850174216,0.3246951219512195,0.8572204432972335,1,120,1
1.0,ISF_1055,0.25,2,8,0.5313588850174216,0.4649390243902439,0.5,3588.888105550781,0.04969666666666667,0.251088850174216,0.3246951219512195,0.8149636900653767,1,199,1
1.0,ISF_1056,0.25,3,20,0.5792682926829268,0.5881968641114983,0.455340497393906,7855.872191973031,0.06830433333333333,0.3712979094076655,0.3826219512195122,0.8592351504607975,1,113,1
1.0,ISF_1057,0.25,14,70,0.7545731707317073,0.7776567944250871,0.6352928859818208,7805.948114512488,0.06768544444444445,0.36955574912891986,0.3791376306620209,0.4647449785278866,0,883,0
1.0,ISF_1058,0.25,65,128,0.939677700348432,0.8595383275261324,0.8621021540391597,18611.685762679204,0.10661566666666666,0.5899390243902439,0.5224303135888502,0.01162145428711715,0,2294,0
1.0,ISF_1059,0.25,94,180,0.9658101045296167,0.9046167247386759,0.8759987481404176,18611.685762679204,0.10661566666666666,0.5899390243902439,0.5224303135888502,0.03009749938625217,0,2241,0
1.0,ISF_1060,0.25,87,216,0.9614547038327527,0.9235627177700348,0.8322346171775403,28881.98301022686,0.14906188888888888,0.664198606271777,0.6184668989547039,0.022995081823203596,0,2263,0
1.0,ISF_1061,0.25,70,234,0.9462108013937283,0.9337979094076655,0.7807698708991704,28881.98301022686,0.14906188888888888,0.664198606271777,0.6184668989547039,0.18868088222338417,0,1496,0
1.0,ISF_1062,0.25,62,219,0.935322299651568,0.9259581881533101,0.768153657401405,39919.43974383548,0.17718366666666666,0.7449912891986062,0.6787891986062717,0.24592766099759644,0,1358,0
1.0,ISF_1063,0.25,40,226,0.8880662020905923,0.9296602787456446,0.6845357200965286,39919.43974383548,0.17718366666666666,0.7449912891986062,0.6787891986062717,0.14678634492771628,0,1584,0
1.0,ISF_1064,0.25,61,335,0.9342334494773519,0.9553571428571429,0.709481780827994,60065.49552198872,0.26772844444444444,0.8342770034843205,0.805095818815331,0.8867163115343346,1,63,1
1.0,ISF_1065,0.25,140,542,0.9786585365853658,0.9795296167247387,0.7858780337054856,60065.49552198872,0.26772844444444444,0.8342770034843205,0.805095818815331,0.7468009639497203,1,313,1
1.0,ISF_1066,0.25,285,627,0.9965156794425087,0.9869337979094077,0.8779133175230893,77663.22149438784,0.3213513333333333,0.9102787456445993,0.8693379790940766,0.14954925781922046,0,1578,0
1.0,ISF_1067,0.25,237,649,0.9943379790940766,0.9878048780487805,0.8448809670742576,77663.22149438784,0.3213513333333333,0.9102787456445993,0.8693379790940766,0.09738249222144355,0,1843,0
1.0,ISF_1068,0.25,167,602,0.9858449477351916,0.9843205574912892,0.8003796084745914,83341.57250705361,0.34230377777777776,0.9462108013937283,0.8991724738675958,0.6213129080344699,1,608,0
1.0,ISF_1069,0.25,118,473,0.9736498257839721,0.9734320557491289,0.7756797074954934,83341.57250705361,0.34230377777777776,0.9462108013937283,0.8991724738675958,0.7159320889907554,1,396,1
1.0,ISF_1070,0.25,96,485,0.9671167247386759,0.9747386759581882,0.739501568186519,91262.34292724729,0.36010522222222224,0.9832317073170732,0.930095818815331,0.5109783907510949,1,806,0
1.0,ISF_1071,0.25,203,664,0.9917247386759582,0.9882404181184669,0.8181991133831974,93232.89825322106,0.35920644444444444,0.9906358885017421,0.9283536585365854,0.11530076562588305,0,1665,0
1.0,ISF_1072,0.25,415,844,0.9991289198606271,0.9939024390243902,0.8948484982603091,89277.71450533345,0.350976,0.9723432055749129,0.9113675958188153,0.16918425523273906,0,1537,0
1.0,ISF_1073,0.25,376,1024,0.9984756097560976,0.9991289198606271,0.8557215690953258,93207.95157432556,0.3974482222222222,0.9869337979094077,0.9777874564459931,0.0680831863836257,0,1972,0
1.0,ISF_1074,0.25,337,913,0.997822299651568,0.9965156794425087,0.854090730835079,93207.95157432556,0.3974482222222222,0.9869337979094077,0.9777874564459931,0.0680831863836257,0,1973,0
1.0,ISF_1075,0.25,235,705,0.9939024390243902,0.9891114982578397,0.8329500446604875,84810.44113647938,0.39746844444444446,0.9549216027874564,0.9797473867595818,0.06285672316129125,0,1990,0
1.0,ISF_1076,0.25,149,443,0.9810540069686411,0.9719076655052264,0.821978264429746,84810.44113647938,0.39746844444444446,0.9549216027874564,0.9797473867595818,0.11530076562588305,0,1666,0
1.0,ISF_1077,0.25,86,252,0.9599303135888502,0.9431620209059234,0.807083637931582,81465.05182790756,0.407303,0.9331445993031359,0.9867160278745645,0.2656717303450759,0,1314,0
1.0,ISF_1078,0.25,24,171,0.8240418118466899,0.8959059233449478,0.6253286602574152,80866.48213487864,0.3939086666666667,0.9296602787456446,0.9706010452961672,0.3008038671882162,0,1245,0
1.0,ISF_1079,0.25,24,85,0.8240418118466899,0.8020470383275261,0.722636923163929,78022.50482259318,0.3803706666666667,0.9174651567944251,0.9549216027874564,0.5420215528331187,1,727,0
1.0,ISF_1080,0.25,27,74,0.8432055749128919,0.7841898954703833,0.7717923993184793,78022.50482259318,0.3803706666666667,0.9174651567944251,0.9549216027874564,0.49102168000859986,0,846,0
1.0,ISF_1081,0.25,24,95,0.8240418118466899,0.8175087108013938,0.7052213568818577,83870.89914248511,0.37432055555555555,0.948170731707317,0.9420731707317073,0.5304620743472753,1,753,0
1.0,ISF_1082,0.25,23,161,0.8181620209059234,0.8876306620209059,0.6246670570814427,83870.89914248511,0.37432055555555555,0.948170731707317,0.9420731707317073,0.15909362291897414,0,1569,0
1.0,ISF_1083,0.25,69,180,0.9453397212543554,0.9046167247386759,0.8172545288565564,90139.87088721618,0.36683622222222223,0.9780052264808362,0.9383710801393729,0.0420729899105225,0,2144,0
1.0,ISF_1084,0.25,26,188,0.8377613240418118,0.9087543554006968,0.6287668703841153,90139.87088721618,0.36683622222222223,0.9780052264808362,0.9383710801393729,0.3008038671882162,0,1246,0
1.0,ISF_1085,0.25,8,224,0.688588850174216,0.9287891986062717,0.40568387108221293,85688.51078234985,0.37871955555555553,0.9584059233449478,0.9531794425087108,0.6314680732399393,1,577,0
1.0,ISF_1086,0.25,14,218,0.7545731707317073,0.9250871080139372,0.5025077298784478,85688.51078234985,0.37871955555555553,0.9584059233449478,0.9531794425087108,0.20760134959422816,0,1438,0
1.0,ISF_1087,0.25,27,152,0.8432055749128919,0.8797909407665505,0.6624084348610435,73901.64050373808,0.336686,0.8893728222996515,0.8945993031358885,0.3574995907385866,0,1123,0
1.0,ISF_1088,0.25,32,94,0.866506968641115,0.8164198606271778,0.7678089778657962,73901.64050373808,0.336686,0.8893728222996515,0.8945993031358885,0.7433517541449755,1,325,1
1.0,ISF_1089,0.25,18,67,0.788109756097561,0.7689459930313589,0.6978157607235724,49323.79573440924,0.24020644444444444,0.7915940766550522,0.773301393728223,0.21375284296156508,0,1436,0
1.0,ISF_1090,0.25,8,43,0.688588850174216,0.7025261324041812,0.5806327879665873,49323.79573440924,0.24020644444444444,0.7915940766550522,0.773301393728223,0.0733662037127345,0,1959,0
1.0,ISF_1091,0.25,2,14,0.5313588850174216,0.5485627177700348,0.40568387108221293,18966.975453259423,0.10969566666666666,0.5938588850174216,0.5372386759581882,0.8346105952714689,1,151,1
1.0,ISF_1092,0.25,0,7,0.2062282229965157,0.4479529616724739,0.0,24566.29655763507,0.12241955555555556,0.6391550522648084,0.5712108013937283,0.31419946198539334,0,1213,0
1.0,ISF_1093,0.25,0,1,0.2062282229965157,0.2452090592334495,0.0,4642.98606813699,0.028052555555555556,0.28723867595818814,0.20492160278745644,0.877699384373351,1,81,1
1.0,ISF_1094,0.25,0,2,0.2062282229965157,0.3079268292682927,0.0,4642.98606813699,0.028052555555555556,0.28723867595818814,0.20492160278745644,0.8841587537204785,1,65,1
1.0,ISF_1095,0.25,1,3,0.4566637630662021,0.3477787456445993,0.5,299.84504867717624,0.003450222222222222,0.09081010452961673,0.0781794425087108,0.3854339095950844,0,1047,0
0.3897341573764653,ISF_1096,0.09743353934411632,2,2,0.5313588850174216,0.3079268292682927,1.0,299.84504867717624,0.003450222222222222,0.09081010452961673,0.0781794425087108,0.19584655045475907,0,1462,0
0.5670279812713643,ISF_1097,0.14175699531784108,0,0,0.2062282229965157,0.10322299651567944,0.0,10.318762950599194,0.0001801111111111111,0.0195993031358885,0.0195993031358885,0.09930901560430255,0,1783,0
1.0,ISF_1098,0.25,0,0,0.2062282229965157,0.10322299651567944,0.0,163.25229722820222,0.002850333333333333,0.06772648083623693,0.06946864111498258,0.08241391036737568,0,1926,0
0.30658784333612693,ISF_1099,0.07664696083403173,0,0,0.2062282229965157,0.10322299651567944,0.0,163.25229722820222,0.002850333333333333,0.06772648083623693,0.06946864111498258,0.08241391036737568,0,1927,0
0.6116541444927536,ISF_1100,0.1529135361231884,2,35,0.5313588850174216,0.6672473867595818,0.30657359638272924,22081.274295208976,0.10990211111111112,0.6182491289198606,0.5389808362369338,0.3018431879906731,0,1242,0
1.0,ISF_1101,0.25,16,91,0.7741724738675958,0.813588850174216,0.6265691762849285,22081.274295208976,0.10990211111111112,0.6182491289198606,0.5389808362369338,0.09307132336626223,0,1866,0
1.0,ISF_1102,0.25,49,163,0.9155052264808362,0.889808362369338,0.7670834247902385,37163.02939294465,0.17369233333333334,0.7280052264808362,0.6722560975609756,0.22282408511632773,0,1405,0
1.0,ISF_1103,0.25,59,222,0.9309668989547039,0.927918118466899,0.7572063058607974,35333.279069649056,0.16310444444444444,0.7214721254355401,0.6561411149825784,0.17095827648431622,0,1526,0
1.0,ISF_1104,0.25,30,160,0.8577961672473867,0.8865418118466899,0.6757949097986509,35333.279069649056,0.16310444444444444,0.7214721254355401,0.6561411149825784,0.2575368218447387,0,1341,0
1.0,ISF_1105,0.25,8,76,0.688588850174216,0.7872386759581882,0.5058294200476806,17642.10893947445,0.10008388888888889,0.5746951219512195,0.5023954703832753,0.8155346331758606,1,198,1
1.0,ISF_1106,0.25,0,32,0.2062282229965157,0.6539634146341463,0.0,16165.782620929182,0.09470755555555556,0.5579268292682927,0.47473867595818814,0.12745104640914431,0,1629,0
1.0,ISF_1107,0.25,4,6,0.6117160278745645,0.429006968641115,0.8270874753469162,3588.888105550781,0.04969666666666667,0.251088850174216,0.3246951219512195,0.2871608613413276,0,1275,0
1.0,ISF_1108,0.25,3,8,0.5792682926829268,0.4649390243902439,0.6309297535714574,3588.888105550781,0.04969666666666667,0.251088850174216,0.3246951219512195,0.5888518596058266,1,669,0
1.0,ISF_1109,0.25,2,13,0.5313588850174216,0.5376742160278746,0.4162896638657993,7855.872191973031,0.06830433333333333,0.3712979094076655,0.3826219512195122,0.8699991174733279,1,94,1
1.0,ISF_1110,0.25,1,66,0.4566637630662021,0.7663327526132404,0.16485085672216038,7855.872191973031,0.06830433333333333,0.3712979094076655,0.3826219512195122,0.8650293586851837,1,102,1
1.0,ISF_1111,0.25,49,100,0.9155052264808362,0.8253484320557491,0.8476534883872682,15600.661092538387,0.08640144444444445,0.5489982578397212,0.4453397212543554,0.03891097643529811,0,2157,0
1.0,ISF_1112,0.25,48,160,0.9122386759581882,0.8865418118466899,0.7658946264794115,15600.661092538387,0.08640144444444445,0.5489982578397212,0.4453397212543554,0.19489899985201942,0,1469,0
1.0,ISF_1113,0.25,42,174,0.8956881533101045,0.8976480836236934,0.7282392987208925,28881.98301022686,0.14906188888888888,0.664198606271777,0.6184668989547039,0.3315558279548408,0,1175,0
1.0,ISF_1114,0.25,31,155,0.8621515679442509,0.882404181184669,0.6863039060567947,28881.98301022686,0.14906188888888888,0.664198606271777,0.6184668989547039,0.2619025246927351,0,1325,0
1.0,ISF_1115,0.25,31,162,0.8621515679442509,0.8885017421602788,0.6803898436658345,39919.43974383548,0.17718366666666666,0.7449912891986062,0.6787891986062717,0.2829293159782106,0,1283,0
1.0,ISF_1116,0.25,58,164,0.929006968641115,0.8911149825783972,0.7985861707196749,39919.43974383548,0.17718366666666666,0.7449912891986062,0.6787891986062717,0.15547549304657596,0,1573,0
1.0,ISF_1117,0.25,76,227,0.9512195121951219,0.9305313588850174,0.8000605816451207,49134.311337390915,0.22284744444444443,0.7898519163763066,0.743684668989547,0.2774837996386063,0,1290,0
1.0,ISF_1118,0.25,92,432,0.9642857142857143,0.9697299651567944,0.7466307549815134,49134.311337390915,0.22284744444444443,0.7898519163763066,0.743684668989547,0.4504538141411957,0,906,0
1.0,ISF_1119,0.25,198,561,0.9908536585365854,0.9812717770034843,0.8360267358704744,68290.50649199076,0.2847281111111111,0.8652003484320557,0.8277439024390244,0.3694186648900834,0,1088,0
1.0,ISF_1120,0.25,220,624,0.992595818815331,0.9864982578397212,0.8385167672224175,77663.22149438784,0.3213513333333333,0.9102787456445993,0.8693379790940766,0.09738249222144355,0,1844,0
1.0,ISF_1121,0.25,149,536,0.9810540069686411,0.9782229965156795,0.7971105334049173,83341.57250705361,0.34230377777777776,0.9462108013937283,0.8991724738675958,0.6213129080344699,1,609,0
1.0,ISF_1122,0.25,89,439,0.9631968641114983,0.9712543554006968,0.7392765252892683,83341.57250705361,0.34230377777777776,0.9462108013937283,0.8991724738675958,0.632424368134594,1,576,0
1.0,ISF_1123,0.25,82,395,0.9564459930313589,0.962979094076655,0.7387618465683613,91262.34292724729,0.36010522222222224,0.9832317073170732,0.930095818815331,0.5109783907510949,1,807,0
1.0,ISF_1124,0.25,84,632,0.9577526132404182,0.9873693379790941,0.688732908725369,91262.34292724729,0.36010522222222224,0.9832317073170732,0.930095818815331,0.36767917057469823,0,1094,0
1.0,ISF_1125,0.25,164,845,0.9849738675958188,0.9943379790940766,0.757500305465908,89777.56104902178,0.36205644444444446,0.976698606271777,0.9314024390243902,0.6571131697382909,1,521,0
1.0,ISF_1126,0.25,192,1015,0.9902003484320557,0.9986933797909407,0.7601057872336919,93210.90927839279,0.3990835555555556,0.9888937282229965,0.9814895470383276,0.6571131697382909,1,522,0
1.0,ISF_1127,0.25,275,872,0.9960801393728222,0.9952090592334495,0.8299548658389909,93207.95157432556,0.3974482222222222,0.9869337979094077,0.9777874564459931,0.07331481973779097,0,1960,0
1.0,ISF_1128,0.25,181,734,0.9884581881533101,0.990418118466899,0.7885013331242597,84810.44113647938,0.39746844444444446,0.9549216027874564,0.9797473867595818,0.5289045620370909,1,759,0
1.0,ISF_1129,0.25,123,489,0.9743031358885017,0.9751742160278746,0.7781669524773254,84810.44113647938,0.39746844444444446,0.9549216027874564,0.9797473867595818,0.6248690304610429,1,597,0
1.0,ISF_1130,0.25,98,275,0.9679878048780488,0.9464285714285714,0.8175786674156139,81465.05182790756,0.407303,0.9331445993031359,0.9867160278745645,0.11530076562588305,0,1667,0
1.0,ISF_1131,0.25,42,212,0.8956881533101045,0.9200783972125436,0.701547313490957,81465.05182790756,0.407303,0.9331445993031359,0.9867160278745645,0.50510555745317,1,821,0
1.0,ISF_1132,0.25,34,125,0.8723867595818815,0.8554006968641115,0.7351407816775731,77794.63431767747,0.3910045555555556,0.9157229965156795,0.9653745644599303,0.6676240281165459,1,485,0
1.0,ISF_1133,0.25,32,105,0.866506968641115,0.830574912891986,0.7497701783821037,77794.63431767747,0.3910045555555556,0.9157229965156795,0.9653745644599303,0.44958791851867064,0,914,0
1.0,ISF_1134,0.25,41,129,0.89198606271777,0.8604094076655052,0.7678773835763067,83870.89914248511,0.37432055555555555,0.948170731707317,0.9420731707317073,0.34412421855950254,0,1155,0
1.0,ISF_1135,0.25,59,176,0.9309668989547039,0.9006968641114983,0.7910019558468601,83870.89914248511,0.37432055555555555,0.948170731707317,0.9420731707317073,0.3203583543779237,0,1202,0
1.0,ISF_1136,0.25,85,214,0.9586236933797909,0.9218205574912892,0.8293888496906211,90139.87088721618,0.36683622222222223,0.9780052264808362,0.9383710801393729,0.025969671180329317,0,2254,0
1.0,ISF_1137,0.25,60,284,0.9329268292682927,0.948170731707317,0.7272678873094155,90139.87088721618,0.36683622222222223,0.9780052264808362,0.9383710801393729,0.7653490589780292,1,276,1
1.0,ISF_1138,0.25,108,322,0.9706010452961672,0.9529616724738676,0.811981687332201,92185.44217593968,0.3694157777777778,0.9849738675958188,0.9401132404181185,0.3720427956723323,0,1080,0
1.0,ISF_1139,0.25,140,335,0.9786585365853658,0.9553571428571429,0.8507246559836191,92185.44217593968,0.3694157777777778,0.9849738675958188,0.9401132404181185,0.0680831863836257,0,1974,0
1.0,ISF_1140,0.25,34,309,0.8723867595818815,0.9516550522648084,0.6197687185171067,73403.76916439645,0.3097341111111111,0.8839285714285714,0.856925087108014,0.6695438153181814,1,482,0
1.0,ISF_1141,0.25,42,120,0.8956881533101045,0.8497386759581882,0.7842711394364191,73901.64050373808,0.336686,0.8893728222996515,0.8945993031358885,0.4024940991866067,0,1005,0
1.0,ISF_1142,0.25,26,80,0.8377613240418118,0.7957317073170732,0.75,49323.79573440924,0.24020644444444444,0.7915940766550522,0.773301393728223,0.29686935575565665,0,1250,0
1.0,ISF_1143,0.25,10,48,0.7158101045296167,0.7162456445993032,0.6161372029336719,49323.79573440924,0.24020644444444444,0.7915940766550522,0.773301393728223,0.04870752894354243,0,2123,0
1.0,ISF_1144,0.25,0,19,0.2062282229965157,0.5814459930313589,0.0,18966.975453259423,0.10969566666666666,0.5938588850174216,0.5372386759581882,0.8235465409605558,1,186,1
1.0,ISF_1145,0.25,0,4,0.2062282229965157,0.37630662020905925,0.0,18966.975453259423,0.10969566666666666,0.5938588850174216,0.5372386759581882,0.7127725570231335,1,402,1
1.0,ISF_1146,0.25,0,2,0.2062282229965157,0.3079268292682927,0.0,3037.301289808005,0.033241,0.22582752613240417,0.23323170731707318,0.44434150708425535,0,919,0
1.0,ISF_1147,0.25,0,3,0.2062282229965157,0.3477787456445993,0.0,3037.301289808005,0.033241,0.22582752613240417,0.23323170731707318,0.5033980602629876,1,825,0
0.9965080320996113,ISF_1148,0.2491270080249028,2,3,0.5313588850174216,0.3477787456445993,0.7924812503605781,299.84504867717624,0.003450222222222222,0.09081010452961673,0.0781794425087108,0.21630911001106007,0,1416,0
0.7226072828113671,ISF_1149,0.18065182070284178,0,0,0.2062282229965157,0.10322299651567944,0.0,391.1203092690557,0.006828777777777777,0.10278745644599303,0.10278745644599303,0.03443776562689816,0,2197,0
0.9452693509481619,ISF_1150,0.23631733773704047,0,0,0.2062282229965157,0.10322299651567944,0.0,579.4517293423414,0.010116666666666666,0.1136759581881533,0.11846689895470383,0.03443776562689816,0,2198,0
0.33701404863921924,ISF_1151,0.08425351215980481,2,36,0.5313588850174216,0.6724738675958188,0.30424737289682985,21121.273042364046,0.12987133333333334,0.6132404181184669,0.5918989547038328,0.3094105492756706,0,1221,0
1.0,ISF_1152,0.25,10,105,0.7158101045296167,0.830574912891986,0.5141903270112156,21121.273042364046,0.12987133333333334,0.6132404181184669,0.5918989547038328,0.7115673466953223,1,406,1
1.0,ISF_1153,0.25,76,174,0.9512195121951219,0.8976480836236934,0.8410426770412407,32234.990391099826,0.18783488888888888,0.6944686411149826,0.6962108013937283,0.024995499089630842,0,2257,0
1.0,ISF_1154,0.25,115,217,0.9729965156794426,0.9242160278745645,0.8828293341667723,35333.279069649056,0.16310444444444444,0.7214721254355401,0.6561411149825784,0.04449514129933885,0,2137,0
1.0,ISF_1155,0.25,34,176,0.8723867595818815,0.9006968641114983,0.6868711774536562,35333.279069649056,0.16310444444444444,0.7214721254355401,0.6561411149825784,0.25426993884936133,0,1348,0
1.0,ISF_1156,0.25,18,53,0.788109756097561,0.7321428571428571,0.738142580866548,17642.10893947445,0.10008388888888889,0.5746951219512195,0.5023954703832753,0.06464669608409447,0,1984,0
1.0,ISF_1157,0.25,2,24,0.5313588850174216,0.6162891986062717,0.3413030972429927,17642.10893947445,0.10008388888888889,0.5746951219512195,0.5023954703832753,0.4084511727392448,0,987,0
1.0,ISF_1158,0.25,3,8,0.5792682926829268,0.4649390243902439,0.6309297535714574,2624.524125194177,0.036275777777777775,0.19969512195121952,0.2502177700348432,0.7034231770295286,1,423,1
1.0,ISF_1159,0.25,2,7,0.5313588850174216,0.4479529616724739,0.5283208335737188,2624.524125194177,0.036275777777777775,0.19969512195121952,0.2502177700348432,0.8794278098336575,1,78,1
1.0,ISF_1160,0.25,0,7,0.2062282229965157,0.4479529616724739,0.0,1927.040418876335,0.025638444444444443,0.1798780487804878,0.1994773519163763,0.5956016118613476,1,655,0
1.0,ISF_1161,0.25,0,22,0.2062282229965157,0.5997386759581882,0.0,7855.872191973031,0.06830433333333333,0.3712979094076655,0.3826219512195122,0.3785975474176906,0,1059,0
1.0,ISF_1162,0.25,0,56,0.2062282229965157,0.7412891986062717,0.0,15600.661092538387,0.08640144444444445,0.5489982578397212,0.4453397212543554,0.5392425534316084,1,735,0
1.0,ISF_1163,0.25,2,86,0.5313588850174216,0.8033536585365854,0.24599975178152161,15600.661092538387,0.08640144444444445,0.5489982578397212,0.4453397212543554,0.43177782489696265,0,944,0
1.0,ISF_1164,0.25,5,50,0.6380662020905923,0.7223432055749129,0.4557067470936043,21851.583845654503,0.11230544444444444,0.616506968641115,0.547691637630662,0.18108810241032833,0,1514,0
1.0,ISF_1165,0.25,3,62,0.5792682926829268,0.7567508710801394,0.3346003576203483,21851.583845654503,0.11230544444444444,0.616506968641115,0.547691637630662,0.7698512653912402,1,270,1
1.0,ISF_1166,0.25,5,79,0.6380662020905923,0.7931184668989547,0.40888831095874917,24379.662870574743,0.11390922222222222,0.6363240418118467,0.5513937282229965,0.20724292540895106,0,1440,0
1.0,ISF_1167,0.25,27,96,0.8432055749128919,0.8194686411149826,0.7283967284126297,24379.662870574743,0.11390922222222222,0.6363240418118467,0.5513937282229965,0.5421157219551285,1,726,0
1.0,ISF_1168,0.25,41,131,0.89198606271777,0.8619337979094077,0.765476396040977,49134.311337390915,0.22284744444444443,0.7898519163763066,0.743684668989547,0.2915791973386369,0,1268,0
1.0,ISF_1169,0.25,23,268,0.8181620209059234,0.9455574912891986,0.5680460732853961,49134.311337390915,0.22284744444444443,0.7898519163763066,0.743684668989547,0.42105331556061365,0,957,0
1.0,ISF_1170,0.25,83,397,0.9570993031358885,0.9634146341463414,0.7401407035305864,68290.50649199076,0.2847281111111111,0.8652003484320557,0.8277439024390244,0.7596662834649544,1,285,1
1.0,ISF_1171,0.25,108,495,0.9706010452961672,0.9760452961672473,0.7558673151855992,68290.50649199076,0.2847281111111111,0.8652003484320557,0.8277439024390244,0.7596662834649544,1,286,1
1.0,ISF_1172,0.25,100,443,0.9690766550522648,0.9719076655052264,0.7570953641421455,75871.6104222145,0.31958455555555554,0.9013501742160279,0.8656358885017421,0.6743076738714041,1,468,0
1.0,ISF_1173,0.25,76,350,0.9512195121951219,0.9590592334494773,0.7411642834644988,75871.6104222145,0.31958455555555554,0.9013501742160279,0.8656358885017421,0.6743076738714041,1,469,0
1.0,ISF_1174,0.25,80,290,0.9549216027874564,0.9488240418118467,0.7745811313275204,88072.28248547576,0.3555811111111111,0.9651567944250871,0.9211672473867596,0.6248690304610429,1,598,0
1.0,ISF_1175,0.25,81,338,0.9557926829268293,0.9568815331010453,0.756388459670944,91262.34292724729,0.36010522222222224,0.9832317073170732,0.930095818815331,0.5109783907510949,1,808,0
1.0,ISF_1176,0.25,118,413,0.9736498257839721,0.9666811846689896,0.793101524970969,89777.56104902178,0.36205644444444446,0.976698606271777,0.9314024390243902,0.5289045620370909,1,760,0
1.0,ISF_1177,0.25,143,544,0.9795296167247387,0.9804006968641115,0.7887608723003129,93210.90927839279,0.3990835555555556,0.9888937282229965,0.9814895470383276,0.5289045620370909,1,761,0
1.0,ISF_1178,0.25,174,598,0.9873693379790941,0.9838850174216028,0.807595732353696,93210.90927839279,0.3990835555555556,0.9888937282229965,0.9814895470383276,0.4246954883771678,0,951,0
1.0,ISF_1179,0.25,152,499,0.9817073170731707,0.9764808362369338,0.8094537646983079,86190.91548025608,0.39639244444444444,0.961890243902439,0.9740853658536586,0.3720427956723323,0,1081,0
1.0,ISF_1180,0.25,80,398,0.9549216027874564,0.9638501742160279,0.7337581341364738,86190.91548025608,0.39639244444444444,0.961890243902439,0.9740853658536586,0.7198494269570385,1,386,1
1.0,ISF_1181,0.25,58,326,0.929006968641115,0.9538327526132404,0.7042427449503225,82465.96425032616,0.41520511111111114,0.9390243902439024,0.990418118466899,0.7517719030530988,1,301,1
1.0,ISF_1182,0.25,66,239,0.9412020905923345,0.9368466898954704,0.7671902269429242,81465.05182790756,0.407303,0.9331445993031359,0.9867160278745645,0.45980851463897926,0,892,0
1.0,ISF_1183,0.25,35,175,0.8763066202090593,0.8989547038327527,0.6930722427329877,77794.63431767747,0.3910045555555556,0.9157229965156795,0.9653745644599303,0.7339351378325903,1,349,1
1.0,ISF_1184,0.25,16,128,0.7741724738675958,0.8595383275261324,0.5829882119551391,77794.63431767747,0.3910045555555556,0.9157229965156795,0.9653745644599303,0.107442007558184,0,1685,0
1.0,ISF_1185,0.25,34,132,0.8723867595818815,0.8638937282229965,0.7270131371545291,80860.17990295216,0.3773387777777778,0.927918118466899,0.9488240418118467,0.6773708062020783,1,466,0
1.0,ISF_1186,0.25,60,198,0.9329268292682927,0.9157229965156795,0.7766176330846912,80860.17990295216,0.3773387777777778,0.927918118466899,0.9488240418118467,0.41608230091868637,0,965,0
1.0,ISF_1187,0.25,61,218,0.9342334494773519,0.9250871080139372,0.7658340048083979,84767.08913016878,0.3532658888888889,0.9529616724738676,0.9189895470383276,0.4504907600431411,0,904,0
1.0,ISF_1188,0.25,49,336,0.9155052264808362,0.9562282229965157,0.672159323542715,84767.08913016878,0.3532658888888889,0.9529616724738676,0.9189895470383276,0.42466104464632254,0,952,0
1.0,ISF_1189,0.25,148,406,0.9804006968641115,0.9651567944250871,0.83276782810762,92185.44217593968,0.3694157777777778,0.9849738675958188,0.9401132404181185,0.06285672316129125,0,1991,0
1.0,ISF_1190,0.25,233,405,0.9934668989547039,0.9647212543554007,0.9082584673924554,92185.44217593968,0.3694157777777778,0.9849738675958188,0.9401132404181185,0.12382123268573984,0,1638,0
1.0,ISF_1191,0.25,50,412,0.918336236933798,0.9660278745644599,0.6527533562870266,73403.76916439645,0.3097341111111111,0.8839285714285714,0.856925087108014,0.5939079968892035,1,660,0
1.0,ISF_1192,0.25,38,176,0.883493031358885,0.9006968641114983,0.7077773703250173,73403.76916439645,0.3097341111111111,0.8839285714285714,0.856925087108014,0.6691262032580173,1,483,0
1.0,ISF_1193,0.25,21,90,0.8077090592334495,0.8116289198606271,0.6852446743004696,41360.52600838989,0.20247566666666666,0.7506533101045296,0.7210365853658537,0.07709753757747977,0,1949,0
1.0,ISF_1194,0.25,9,48,0.7025261324041812,0.7162456445993032,0.5916473312274693,41360.52600838989,0.20247566666666666,0.7506533101045296,0.7210365853658537,0.08889646524793902,0,1882,0
1.0,ISF_1195,0.25,7,20,0.6757404181184669,0.5881968641114983,0.6830107460908589,14922.687318094075,0.08679833333333334,0.5413763066202091,0.44729965156794427,0.2893074880848023,0,1271,0
1.0,ISF_1196,0.25,4,14,0.6117160278745645,0.5485627177700348,0.5943161289177871,18966.975453259423,0.10969566666666666,0.5938588850174216,0.5372386759581882,0.6037300380486524,1,631,0
1.0,ISF_1197,0.25,1,8,0.4566637630662021,0.4649390243902439,0.3154648767857287,3037.301289808005,0.033241,0.22582752613240417,0.23323170731707318,0.909279313587501,1,26,1
1.0,ISF_1198,0.25,0,5,0.2062282229965157,0.40331010452961674,0.0,3037.301289808005,0.033241,0.22582752613240417,0.23323170731707318,0.6722453629863531,1,474,0
0.8167438861150722,ISF_1199,0.20418597152876805,1,2,0.4566637630662021,0.3079268292682927,0.6309297535714574,864.2960114553571,0.010066555555555556,0.13871951219512196,0.11781358885017422,0.13815156816465957,0,1596,0
0.9891406066010249,ISF_1200,0.24728515165025622,3,112,0.5792682926829268,0.8388501742160279,0.2932474369106221,21121.273042364046,0.12987133333333334,0.6132404181184669,0.5918989547038328,0.39125537741866134,0,1034,0
1.0,ISF_1201,0.25,74,171,0.9492595818815331,0.8959059233449478,0.838755268798082,32234.990391099826,0.18783488888888888,0.6944686411149826,0.6962108013937283,0.024995499089630842,0,2258,0
1.0,ISF_1202,0.25,92,186,0.9642857142857143,0.9081010452961672,0.8664701548251664,27983.420828884467,0.14683244444444443,0.6559233449477352,0.6132404181184669,0.01225409407787706,0,2293,0
1.0,ISF_1203,0.25,14,156,0.7545731707317073,0.8837108013937283,0.5355851565281371,27983.420828884467,0.14683244444444443,0.6559233449477352,0.6132404181184669,0.13351362865207794,0,1612,0
1.0,ISF_1204,0.25,12,37,0.7354094076655052,0.6772648083623694,0.7051240148919163,12270.592181378976,0.0765441111111111,0.4610191637630662,0.4100609756097561,0.713829411642577,1,399,1
1.0,ISF_1205,0.25,0,20,0.2062282229965157,0.5881968641114983,0.0,17642.10893947445,0.10008388888888889,0.5746951219512195,0.5023954703832753,0.721342510866311,1,376,1
1.0,ISF_1206,0.25,2,7,0.5313588850174216,0.4479529616724739,0.5283208335737188,2624.524125194177,0.036275777777777775,0.19969512195121952,0.2502177700348432,0.8794278098336575,1,79,1
1.0,ISF_1207,0.25,3,6,0.5792682926829268,0.429006968641115,0.7124143742160444,2624.524125194177,0.036275777777777775,0.19969512195121952,0.2502177700348432,0.9040655331853227,1,39,1
1.0,ISF_1208,0.25,1,3,0.4566637630662021,0.3477787456445993,0.5,1927.040418876335,0.025638444444444443,0.1798780487804878,0.1994773519163763,0.864397627763852,1,103,1
1.0,ISF_1209,0.25,0,1,0.2062282229965157,0.2452090592334495,0.0,1927.040418876335,0.025638444444444443,0.1798780487804878,0.1994773519163763,0.34912029583545656,0,1140,0
1.0,ISF_1210,0.25,0,0,0.2062282229965157,0.10322299651567944,0.0,2415.560265287757,0.016830777777777778,0.1909843205574913,0.15831881533101044,0.06044399473471527,0,2009,0
1.0,ISF_1211,0.25,0,2,0.2062282229965157,0.3079268292682927,0.0,2415.560265287757,0.016830777777777778,0.1909843205574913,0.15831881533101044,0.09197294992412013,0,1869,0
1.0,ISF_1212,0.25,0,5,0.2062282229965157,0.40331010452961674,0.0,21851.583845654503,0.11230544444444444,0.616506968641115,0.547691637630662,0.7107047726601413,1,411,1
1.0,ISF_1213,0.25,0,4,0.2062282229965157,0.37630662020905925,0.0,21851.583845654503,0.11230544444444444,0.616506968641115,0.547691637630662,0.7543424725085038,1,293,1
1.0,ISF_1214,0.25,0,18,0.2062282229965157,0.5760017421602788,0.0,24379.662870574743,0.11390922222222222,0.6363240418118467,0.5513937282229965,0.502316128992556,1,830,0
1.0,ISF_1215,0.25,0,39,0.2062282229965157,0.6877177700348432,0.0,24379.662870574743,0.11390922222222222,0.6363240418118467,0.5513937282229965,0.06077487693701791,0,1997,0
1.0,ISF_1216,0.25,0,53,0.2062282229965157,0.7321428571428571,0.0,30650.640301717445,0.1602681111111111,0.6792247386759582,0.6491724738675958,0.03939732227167725,0,2154,0
1.0,ISF_1217,0.25,3,101,0.5792682926829268,0.8264372822299652,0.29974108326389487,30650.640301717445,0.1602681111111111,0.6792247386759582,0.6491724738675958,0.12407477163869843,0,1637,0
1.0,ISF_1218,0.25,41,220,0.89198606271777,0.9263937282229965,0.692396621767714,49761.31479737908,0.2216877777777778,0.7950783972125436,0.7402003484320557,0.3364215590236881,0,1168,0
1.0,ISF_1219,0.25,96,308,0.9671167247386759,0.9512195121951219,0.7979136000392975,68290.50649199076,0.2847281111111111,0.8652003484320557,0.8277439024390244,0.7692853188753092,1,271,1
1.0,ISF_1220,0.25,92,336,0.9642857142857143,0.9562282229965157,0.7787860666924967,75871.6104222145,0.31958455555555554,0.9013501742160279,0.8656358885017421,0.7520309962914744,1,299,1
1.0,ISF_1221,0.25,72,278,0.9479529616724739,0.947081881533101,0.7619069584629758,75871.6104222145,0.31958455555555554,0.9013501742160279,0.8656358885017421,0.7915458227499111,1,234,1
1.0,ISF_1222,0.25,59,252,0.9309668989547039,0.9431620209059234,0.739934279082106,88072.28248547576,0.3555811111111111,0.9651567944250871,0.9211672473867596,0.39395229127034265,0,1024,0
1.0,ISF_1223,0.25,54,257,0.9224738675958188,0.9442508710801394,0.7216571854968825,88072.28248547576,0.3555811111111111,0.9651567944250871,0.9211672473867596,0.6085929290915434,1,624,0
1.0,ISF_1224,0.25,81,265,0.9557926829268293,0.9451219512195121,0.7892401111349145,88798.57678464986,0.378457,0.9714721254355401,0.9518728222996515,0.3549341011335043,0,1128,0
1.0,ISF_1225,0.25,66,382,0.9412020905923345,0.9621080139372822,0.7069044864462324,95358.30139017105,0.41840255555555556,0.9976045296167247,0.9941202090592335,0.7046555430781593,1,421,1
1.0,ISF_1226,0.25,83,367,0.9570993031358885,0.9614547038327527,0.7499584628743446,93210.90927839279,0.3990835555555556,0.9888937282229965,0.9814895470383276,0.5109783907510949,1,809,0
1.0,ISF_1227,0.25,94,344,0.9658101045296167,0.9577526132404182,0.7793004667386447,86190.91548025608,0.39639244444444444,0.961890243902439,0.9740853658536586,0.6248690304610429,1,599,0
1.0,ISF_1228,0.25,74,290,0.9492595818815331,0.9488240418118467,0.7610157063531563,86190.91548025608,0.39639244444444444,0.961890243902439,0.9740853658536586,0.6571131697382909,1,523,0
1.0,ISF_1229,0.25,60,293,0.9329268292682927,0.9499128919860628,0.7232895520877356,82465.96425032616,0.41520511111111114,0.9390243902439024,0.990418118466899,0.7603444989876014,1,282,1
1.0,ISF_1230,0.25,89,245,0.9631968641114983,0.9403310104529616,0.8173548933358096,82465.96425032616,0.41520511111111114,0.9390243902439024,0.990418118466899,0.06003746060441564,0,2026,0
1.0,ISF_1231,0.25,76,176,0.9512195121951219,0.9006968641114983,0.8391962455254819,77717.05018493533,0.39735033333333336,0.9139808362369338,0.9758275261324042,0.024028911393234768,0,2260,0
1.0,ISF_1232,0.25,15,152,0.7652439024390244,0.8797909407665505,0.5511624963005851,77717.05018493533,0.39735033333333336,0.9139808362369338,0.9758275261324042,0.11372239205853056,0,1672,0
1.0,ISF_1233,0.25,22,119,0.8125,0.8484320557491289,0.6549346472829823,80860.17990295216,0.3773387777777778,0.927918118466899,0.9488240418118467,0.10800642857814634,0,1681,0
1.0,ISF_1234,0.25,38,155,0.883493031358885,0.882404181184669,0.7254784375772821,80860.17990295216,0.3773387777777778,0.927918118466899,0.9488240418118467,0.5167205604843164,1,792,0
1.0,ISF_1235,0.25,46,172,0.9083188153310104,0.8967770034843205,0.7471239558461817,84767.08913016878,0.3532658888888889,0.9529616724738676,0.9189895470383276,0.30890933484391825,0,1225,0
1.0,ISF_1236,0.25,43,162,0.8985191637630662,0.8885017421602788,0.7429083651017889,84767.08913016878,0.3532658888888889,0.9529616724738676,0.9189895470383276,0.30890933484391825,0,1226,0
1.0,ISF_1237,0.25,30,425,0.8577961672473867,0.9686411149825784,0.567185003942785,80189.40188723803,0.33494677777777776,0.9244337979094077,0.8926393728222997,0.8196420729497516,1,190,1
1.0,ISF_1238,0.25,188,438,0.9891114982578397,0.9708188153310104,0.8614919090624757,80189.40188723803,0.33494677777777776,0.9244337979094077,0.8926393728222997,0.04697410737376826,0,2130,0
1.0,ISF_1239,0.25,160,355,0.9843205574912892,0.9599303135888502,0.8649300898646538,61068.31183613837,0.27564455555555556,0.8377613240418118,0.8159843205574913,0.22880987742748118,0,1384,0
1.0,ISF_1240,0.25,35,232,0.8763066202090593,0.9324912891986062,0.657401148236629,73403.76916439645,0.3097341111111111,0.8839285714285714,0.856925087108014,0.64970515022294,1,535,0
1.0,ISF_1241,0.25,18,78,0.788109756097561,0.7907229965156795,0.6738698065715532,41360.52600838989,0.20247566666666666,0.7506533101045296,0.7210365853658537,0.03181223735627949,0,2230,0
1.0,ISF_1242,0.25,7,35,0.6757404181184669,0.6672473867595818,0.5802792108518123,41360.52600838989,0.20247566666666666,0.7506533101045296,0.7210365853658537,0.06549463248724385,0,1981,0
1.0,ISF_1243,0.25,9,19,0.7025261324041812,0.5814459930313589,0.768621786840241,14922.687318094075,0.08679833333333334,0.5413763066202091,0.44729965156794427,0.5047359418712762,1,823,0
1.0,ISF_1244,0.25,7,14,0.6757404181184669,0.5485627177700348,0.7678740744294464,14922.687318094075,0.08679833333333334,0.5413763066202091,0.44729965156794427,0.38456020483718484,0,1049,0
1.0,ISF_1245,0.25,4,8,0.6117160278745645,0.4649390243902439,0.7324867603589634,3549.9423071183264,0.034020777777777775,0.24760452961672474,0.23671602787456447,0.8889565372805333,1,59,1
1.0,ISF_1246,0.25,0,6,0.2062282229965157,0.429006968641115,0.0,3549.9423071183264,0.034020777777777775,0.24760452961672474,0.23671602787456447,0.6650531073202747,1,498,0
0.5381933379578404,ISF_1247,0.1345483344894601,0,1,0.2062282229965157,0.2452090592334495,0.0,864.2960114553571,0.010066555555555556,0.13871951219512196,0.11781358885017422,0.051421911398404525,0,2110,0
0.7843706164886244,ISF_1248,0.1960926541221561,4,35,0.6117160278745645,0.6672473867595818,0.4491222008519636,14149.505520207807,0.12784822222222222,0.5204703832752613,0.5892857142857143,0.09905360739798826,0,1841,0
1.0,ISF_1249,0.25,14,121,0.7545731707317073,0.8508275261324042,0.5637048996842133,32234.990391099826,0.18783488888888888,0.6944686411149826,0.6962108013937283,0.06457754196947936,0,1985,0
1.0,ISF_1250,0.25,33,127,0.8693379790940766,0.8584494773519163,0.7267804058929057,32234.990391099826,0.18783488888888888,0.6944686411149826,0.6962108013937283,0.47848562103131903,0,869,0
1.0,ISF_1251,0.25,23,112,0.8181620209059234,0.8388501742160279,0.6722642508338977,27983.420828884467,0.14683244444444443,0.6559233449477352,0.6132404181184669,0.06578014871310385,0,1980,0
1.0,ISF_1252,0.25,2,38,0.5313588850174216,0.6818379790940766,0.2998754749572002,12270.592181378976,0.0765441111111111,0.4610191637630662,0.4100609756097561,0.43911142715442575,0,935,0
1.0,ISF_1253,0.25,0,3,0.2062282229965157,0.3477787456445993,0.0,12270.592181378976,0.0765441111111111,0.4610191637630662,0.4100609756097561,0.6759849889373841,1,467,0
1.0,ISF_1254,0.25,0,3,0.2062282229965157,0.3477787456445993,0.0,1105.0163042303175,0.017479,0.14743031358885017,0.16659407665505227,0.10940151180809826,0,1675,0
1.0,ISF_1255,0.25,2,3,0.5313588850174216,0.3477787456445993,0.7924812503605781,1105.0163042303175,0.017479,0.14743031358885017,0.16659407665505227,0.24111475048187178,0,1364,0
1.0,ISF_1256,0.25,0,3,0.2062282229965157,0.3477787456445993,0.0,1927.040418876335,0.025638444444444443,0.1798780487804878,0.1994773519163763,0.43546476487971447,0,939,0
1.0,ISF_1257,0.25,0,0,0.2062282229965157,0.10322299651567944,0.0,1927.040418876335,0.025638444444444443,0.1798780487804878,0.1994773519163763,0.2608480800863392,0,1331,0
1.0,ISF_1258,0.25,0,0,0.2062282229965157,0.10322299651567944,0.0,2415.560265287757,0.016830777777777778,0.1909843205574913,0.15831881533101044,0.06044399473471527,0,2010,0
1.0,ISF_1259,0.25,0,0,0.2062282229965157,0.10322299651567944,0.0,2415.560265287757,0.016830777777777778,0.1909843205574913,0.15831881533101044,0.06044399473471527,0,2011,0
1.0,ISF_1260,0.25,0,0,0.2062282229965157,0.10322299651567944,0.0,2512.8401875216514,0.01798711111111111,0.19621080139372823,0.17007839721254356,0.06044399473471527,0,2012,0
1.0,ISF_1261,0.25,0,0,0.2062282229965157,0.10322299651567944,0.0,2512.8401875216514,0.01798711111111111,0.19621080139372823,0.17007839721254356,0.06044399473471527,0,2013,0
1.0,ISF_1262,0.25,0,5,0.2062282229965157,0.40331010452961674,0.0,2558.511019926518,0.025039,0.19795296167247386,0.1957752613240418,0.34771025632893243,0,1146,0
1.0,ISF_1263,0.25,0,5,0.2062282229965157,0.40331010452961674,0.0,24379.662870574743,0.11390922222222222,0.6363240418118467,0.5513937282229965,0.32123640322794544,0,1199,0
1.0,ISF_1264,0.25,0,3,0.2062282229965157,0.3477787456445993,0.0,30650.640301717445,0.1602681111111111,0.6792247386759582,0.6491724738675958,0.2930858568420492,0,1266,0
1.0,ISF_1265,0.25,0,48,0.2062282229965157,0.7162456445993032,0.0,30650.640301717445,0.1602681111111111,0.6792247386759582,0.6491724738675958,0.03709524620813044,0,2181,0
1.0,ISF_1266,0.25,29,160,0.8538763066202091,0.8865418118466899,0.6693420041710368,49761.31479737908,0.2216877777777778,0.7950783972125436,0.7402003484320557,0.19891870580199789,0,1447,0
1.0,ISF_1267,0.25,87,253,0.9614547038327527,0.943815331010453,0.8085726088717661,49761.31479737908,0.2216877777777778,0.7950783972125436,0.7402003484320557,0.3311435960997116,0,1176,0
1.0,ISF_1268,0.25,85,291,0.9586236933797909,0.9494773519163763,0.7846645197953921,68011.5893061664,0.2868873333333333,0.8634581881533101,0.82948606271777,0.7938036784556298,1,230,1
1.0,ISF_1269,0.25,48,271,0.9122386759581882,0.945993031358885,0.6942486110077956,68011.5893061664,0.2868873333333333,0.8634581881533101,0.82948606271777,0.8966092419400279,1,48,1
1.0,ISF_1270,0.25,54,210,0.9224738675958188,0.9192073170731707,0.7487741799743265,88072.28248547576,0.3555811111111111,0.9651567944250871,0.9211672473867596,0.30890933484391825,0,1227,0
1.0,ISF_1271,0.25,31,240,0.8621515679442509,0.9377177700348432,0.6318804405752265,88072.28248547576,0.3555811111111111,0.9651567944250871,0.9211672473867596,0.48348867921239136,0,862,0
1.0,ISF_1272,0.25,49,233,0.9155052264808362,0.9329268292682927,0.7171022425087139,88798.57678464986,0.378457,0.9714721254355401,0.9518728222996515,0.5849190222802769,1,675,0
1.0,ISF_1273,0.25,43,239,0.8985191637630662,0.9368466898954704,0.6904650510365555,95358.30139017105,0.41840255555555556,0.9976045296167247,0.9941202090592335,0.5601091475763833,1,702,0
1.0,ISF_1274,0.25,32,234,0.866506968641115,0.9337979094076655,0.6404346176844508,95358.30139017105,0.41840255555555556,0.9976045296167247,0.9941202090592335,0.48348867921239136,0,863,0
1.0,ISF_1275,0.25,39,247,0.8854529616724739,0.9414198606271778,0.6690717562423997,94388.21041822433,0.4179793333333333,0.9941202090592335,0.9923780487804879,0.26564422857697284,0,1315,0
1.0,ISF_1276,0.25,63,244,0.9366289198606271,0.939677700348432,0.7559876166852136,94388.21041822433,0.4179793333333333,0.9941202090592335,0.9923780487804879,0.39395229127034265,0,1025,0
1.0,ISF_1277,0.25,66,251,0.9412020905923345,0.9425087108013938,0.7604207510116259,82465.96425032616,0.41520511111111114,0.9390243902439024,0.990418118466899,0.48432717706146583,0,861,0
1.0,ISF_1278,0.25,76,229,0.9512195121951219,0.9318379790940766,0.798775666019812,82465.96425032616,0.41520511111111114,0.9390243902439024,0.990418118466899,0.32507406900979335,0,1190,0
1.0,ISF_1279,0.25,48,170,0.9122386759581882,0.8950348432055749,0.7569185061104674,77717.05018493533,0.39735033333333336,0.9139808362369338,0.9758275261324042,0.30890933484391825,0,1228,0
1.0,ISF_1280,0.25,29,126,0.8538763066202091,0.8571428571428571,0.7021193279611021,77717.05018493533,0.39735033333333336,0.9139808362369338,0.9758275261324042,0.5381882727264901,1,736,0
1.0,ISF_1281,0.25,22,121,0.8125,0.8508275261324042,0.6526811990898029,79103.43221136928,0.3921406666666667,0.9192073170731707,0.9671167247386759,0.10800642857814634,0,1682,0
1.0,ISF_1282,0.25,42,132,0.8956881533101045,0.8638937282229965,0.7691066664316507,79103.43221136928,0.3921406666666667,0.9192073170731707,0.9671167247386759,0.3541808290040995,0,1129,0
1.0,ISF_1283,0.25,28,126,0.8486498257839721,0.8571428571428571,0.695120929453652,74957.59571609087,0.3266225555555556,0.8943815331010453,0.8821864111498258,0.7400346516686764,1,333,1
1.0,ISF_1284,0.25,26,146,0.8377613240418118,0.8752177700348432,0.6604310966420152,84767.08913016878,0.3532658888888889,0.9529616724738676,0.9189895470383276,0.22348064334315026,0,1401,0
1.0,ISF_1285,0.25,44,283,0.9017857142857143,0.9477351916376306,0.6738679146480625,80189.40188723803,0.33494677777777776,0.9244337979094077,0.8926393728222997,0.5486067250596903,1,719,0
1.0,ISF_1286,0.25,99,297,0.9686411149825784,0.9503484320557491,0.8083367767961452,80189.40188723803,0.33494677777777776,0.9244337979094077,0.8926393728222997,0.46054433066187667,0,890,0
1.0,ISF_1287,0.25,64,278,0.9383710801393729,0.947081881533101,0.7412946682934856,61068.31183613837,0.27564455555555556,0.8377613240418118,0.8159843205574913,0.8004914749301519,1,223,1
1.0,ISF_1288,0.25,31,148,0.8621515679442509,0.8769599303135889,0.6926005378358873,61068.31183613837,0.27564455555555556,0.8377613240418118,0.8159843205574913,0.8807703811975269,1,70,1
1.0,ISF_1289,0.25,8,62,0.688588850174216,0.7567508710801394,0.5303290195561404,32388.119956595823,0.18706933333333334,0.6962108013937283,0.6944686411149826,0.3717387308183445,0,1084,0
1.0,ISF_1290,0.25,6,32,0.6596254355400697,0.6539634146341463,0.5565296556198991,32388.119956595823,0.18706933333333334,0.6962108013937283,0.6944686411149826,0.012780316735964138,0,2291,0
1.0,ISF_1291,0.25,3,24,0.5792682926829268,0.6162891986062717,0.43067655807339306,14922.687318094075,0.08679833333333334,0.5413763066202091,0.44729965156794427,0.22697390323901503,0,1393,0
1.0,ISF_1292,0.25,2,13,0.5313588850174216,0.5376742160278746,0.4162896638657993,14922.687318094075,0.08679833333333334,0.5413763066202091,0.44729965156794427,0.7019424026443241,1,427,1
1.0,ISF_1293,0.25,3,5,0.5792682926829268,0.40331010452961674,0.7737056144690831,3549.9423071183264,0.034020777777777775,0.24760452961672474,0.23671602787456447,0.8429263278405058,1,138,1
1.0,ISF_1294,0.25,0,4,0.2062282229965157,0.37630662020905925,0.0,3549.9423071183264,0.034020777777777775,0.24760452961672474,0.23671602787456447,0.6722453629863531,1,475,0
0.25927390696499486,ISF_1295,0.06481847674124872,0,1,0.2062282229965157,0.2452090592334495,0.0,8375.505038240924,0.04019866666666667,0.3780487804878049,0.27047038327526135,0.6007151682589686,1,648,0
0.5066967540717138,ISF_1296,0.12667418851792844,3,13,0.5792682926829268,0.5376742160278746,0.5252990700743871,14149.505520207807,0.12784822222222222,0.5204703832752613,0.5892857142857143,0.5352123242357538,1,742,0
1.0,ISF_1297,0.25,10,41,0.7158101045296167,0.6957752613240418,0.6415482152485357,14149.505520207807,0.12784822222222222,0.5204703832752613,0.5892857142857143,0.15766225309645496,0,1570,0
1.0,ISF_1298,0.25,14,42,0.7545731707317073,0.6990418118466899,0.7199963091043476,14149.505520207807,0.12784822222222222,0.5204703832752613,0.5892857142857143,0.12466072136044695,0,1634,0
1.0,ISF_1299,0.25,3,32,0.5792682926829268,0.6539634146341463,0.39647972634112105,9790.288924345747,0.07575166666666666,0.4104965156794425,0.40831881533101044,0.41854532828299335,0,961,0
1.0,ISF_1300,0.25,0,7,0.2062282229965157,0.4479529616724739,0.0,3207.602943731472,0.032759666666666666,0.23279616724738675,0.23148954703832753,0.6650531073202747,1,499,0
1.0,ISF_1301,0.25,0,2,0.2062282229965157,0.3079268292682927,0.0,12270.592181378976,0.0765441111111111,0.4610191637630662,0.4100609756097561,0.6540505250239877,1,529,0
1.0,ISF_1302,0.25,0,1,0.2062282229965157,0.2452090592334495,0.0,1105.0163042303175,0.017479,0.14743031358885017,0.16659407665505227,0.08554580473727798,0,1898,0
1.0,ISF_1303,0.25,0,2,0.2062282229965157,0.3079268292682927,0.0,1105.0163042303175,0.017479,0.14743031358885017,0.16659407665505227,0.08834420514968425,0,1884,0
1.0,ISF_1304,0.25,0,0,0.2062282229965157,0.10322299651567944,0.0,676.7749211993068,0.011277222222222221,0.1247822299651568,0.12652439024390244,0.05797977861097548,0,2044,0
1.0,ISF_1305,0.25,0,0,0.2062282229965157,0.10322299651567944,0.0,676.7749211993068,0.011277222222222221,0.1247822299651568,0.12652439024390244,0.05797977861097548,0,2045,0
1.0,ISF_1306,0.25,0,0,0.2062282229965157,0.10322299651567944,0.0,33.12999917380512,0.0005782222222222223,0.03941637630662021,0.03636759581881533,0.09930901560430255,0,1784,0
1.0,ISF_1307,0.25,0,0,0.2062282229965157,0.10322299651567944,0.0,33.12999917380512,0.0005782222222222223,0.03941637630662021,0.03636759581881533,0.09930901560430255,0,1785,0
1.0,ISF_1308,0.25,0,0,0.2062282229965157,0.10322299651567944,0.0,2512.8401875216514,0.01798711111111111,0.19621080139372823,0.17007839721254356,0.06044399473471527,0,2014,0
1.0,ISF_1309,0.25,0,2,0.2062282229965157,0.3079268292682927,0.0,2512.8401875216514,0.01798711111111111,0.19621080139372823,0.17007839721254356,0.09197294992412013,0,1870,0
1.0,ISF_1310,0.25,2,5,0.5313588850174216,0.40331010452961674,0.6131471927654585,2558.511019926518,0.025039,0.19795296167247386,0.1957752613240418,0.5572735703462504,1,710,0
1.0,ISF_1311,0.25,5,5,0.6380662020905923,0.40331010452961674,1.0,2558.511019926518,0.025039,0.19795296167247386,0.1957752613240418,0.18009495040031545,0,1515,0
1.0,ISF_1312,0.25,1,5,0.4566637630662021,0.40331010452961674,0.3868528072345416,16721.970080949366,0.09167588888888889,0.5672909407665505,0.4701655052264808,0.6877201891868291,1,452,1
1.0,ISF_1313,0.25,0,39,0.2062282229965157,0.6877177700348432,0.0,16721.970080949366,0.09167588888888889,0.5672909407665505,0.4701655052264808,0.12745104640914431,0,1630,0
1.0,ISF_1314,0.25,20,113,0.802918118466899,0.8403745644599303,0.6428198629969724,43414.55538162589,0.18317944444444445,0.7558797909407665,0.6883710801393729,0.07261027107152508,0,1961,0
1.0,ISF_1315,0.25,67,204,0.9431620209059234,0.9174651567944251,0.7926920523750518,49761.31479737908,0.2216877777777778,0.7950783972125436,0.7402003484320557,0.16792869976260572,0,1542,0
1.0,ISF_1316,0.25,77,239,0.9531794425087108,0.9368466898954704,0.7949271768542183,68011.5893061664,0.2868873333333333,0.8634581881533101,0.82948606271777,0.6052618674479672,1,629,0
1.0,ISF_1317,0.25,62,221,0.935322299651568,0.9270470383275261,0.7668669501334806,68011.5893061664,0.2868873333333333,0.8634581881533101,0.82948606271777,0.712640317340361,1,403,1
1.0,ISF_1318,0.25,41,201,0.89198606271777,0.9163763066202091,0.7041222921205044,82919.72504201345,0.33296722222222225,0.9427264808362369,0.8874128919860628,0.6269452107213128,1,592,0
1.0,ISF_1319,0.25,57,194,0.9274825783972126,0.9128919860627178,0.7700442538349838,82919.72504201345,0.33296722222222225,0.9427264808362369,0.8874128919860628,0.565491529971133,1,695,0
1.0,ISF_1320,0.25,79,194,0.9540505226480837,0.9128919860627178,0.8310311021280367,88632.29296500981,0.37502066666666667,0.9706010452961672,0.9435975609756098,0.022104097458543498,0,2265,0
1.0,ISF_1321,0.25,61,180,0.9342334494773519,0.9046167247386759,0.7939091549389884,95247.08320474625,0.41475844444444443,0.9958623693379791,0.9884581881533101,0.3203583543779237,0,1203,0
1.0,ISF_1322,0.25,28,190,0.8486498257839721,0.9094076655052264,0.6411120586383492,95358.30139017105,0.41840255555555556,0.9976045296167247,0.9941202090592335,0.3008038671882162,0,1247,0
1.0,ISF_1323,0.25,58,195,0.929006968641115,0.9137630662020906,0.7725367308523331,94388.21041822433,0.4179793333333333,0.9941202090592335,0.9923780487804879,0.4414619190644048,0,928,0
1.0,ISF_1324,0.25,47,203,0.9107142857142857,0.9168118466898955,0.7279266010148041,94388.21041822433,0.4179793333333333,0.9941202090592335,0.9923780487804879,0.5236251483439421,1,777,0
1.0,ISF_1325,0.25,44,193,0.9017857142857143,0.9113675958188153,0.722620536625682,89726.23459172249,0.4271837777777778,0.9736498257839721,0.9976045296167247,0.5167205604843164,1,793,0
1.0,ISF_1326,0.25,32,193,0.866506968641115,0.9113675958188153,0.6637436802376224,89726.23459172249,0.4271837777777778,0.9736498257839721,0.9976045296167247,0.4152844210302605,0,969,0
1.0,ISF_1327,0.25,31,141,0.8621515679442509,0.8721689895470384,0.6993254329736893,80891.70642015338,0.4066363333333333,0.9314024390243902,0.9849738675958188,0.6609581806888757,1,508,0
1.0,ISF_1328,0.25,26,125,0.8377613240418118,0.8554006968641115,0.6814815449998944,80891.70642015338,0.4066363333333333,0.9314024390243902,0.9849738675958188,0.21589452908192636,0,1430,0
1.0,ISF_1329,0.25,33,132,0.8693379790940766,0.8638937282229965,0.7210856387053963,79103.43221136928,0.3921406666666667,0.9192073170731707,0.9671167247386759,0.6712957437389577,1,478,0
1.0,ISF_1330,0.25,35,131,0.8763066202090593,0.8619337979094077,0.7339062684234294,79103.43221136928,0.3921406666666667,0.9192073170731707,0.9671167247386759,0.6676240281165459,1,486,0
1.0,ISF_1331,0.25,29,100,0.8538763066202091,0.8253484320557491,0.7369682696802135,74957.59571609087,0.3266225555555556,0.8943815331010453,0.8821864111498258,0.7597571409409484,1,284,1
1.0,ISF_1332,0.25,20,111,0.802918118466899,0.837979094076655,0.645231146762527,74957.59571609087,0.3266225555555556,0.8943815331010453,0.8821864111498258,0.23377461378223516,0,1371,0
1.0,ISF_1333,0.25,46,100,0.9083188153310104,0.8253484320557491,0.8342463837423744,61603.18724346906,0.26287266666666664,0.8429878048780488,0.7963850174216028,0.11854825743091123,0,1658,0
1.0,ISF_1334,0.25,49,154,0.9155052264808362,0.8808797909407665,0.7756679071737239,61603.18724346906,0.26287266666666664,0.8429878048780488,0.7963850174216028,0.5309698878822512,1,752,0
1.0,ISF_1335,0.25,23,136,0.8181620209059234,0.8684668989547039,0.6459484047314715,39350.96604976617,0.1773722222222222,0.7406358885017421,0.6805313588850174,0.07564738573366919,0,1951,0
1.0,ISF_1336,0.25,13,68,0.7441202090592335,0.7728658536585366,0.6232855330280079,61068.31183613837,0.27564455555555556,0.8377613240418118,0.8159843205574913,0.18159432208678533,0,1507,0
1.0,ISF_1337,0.25,13,39,0.7441202090592335,0.6877177700348432,0.7154089371698258,32388.119956595823,0.18706933333333334,0.6962108013937283,0.6944686411149826,0.03112328847936797,0,2236,0
1.0,ISF_1338,0.25,6,23,0.6596254355400697,0.6071428571428571,0.6122961576274708,32388.119956595823,0.18706933333333334,0.6962108013937283,0.6944686411149826,0.012399421821446288,0,2292,0
1.0,ISF_1339,0.25,4,17,0.6117160278745645,0.5701219512195121,0.5568273036287807,16920.87133505009,0.12124511111111111,0.5712108013937283,0.5677264808362369,0.5257387095683299,1,773,0
1.0,ISF_1340,0.25,0,10,0.2062282229965157,0.49869337979094075,0.0,16920.87133505009,0.12124511111111111,0.5712108013937283,0.5677264808362369,0.6843051598998102,1,458,1
1.0,ISF_1341,0.25,0,4,0.2062282229965157,0.37630662020905925,0.0,11502.982224168256,0.08774488888888889,0.44947735191637633,0.45252613240418116,0.44315024797580127,0,924,0
0.9531578869656845,ISF_1342,0.23828947174142112,0,1,0.2062282229965157,0.2452090592334495,0.0,11502.982224168256,0.08774488888888889,0.44947735191637633,0.45252613240418116,0.3984174797370974,0,1015,0
0.12300549218027602,ISF_1343,0.030751373045069006,0,11,0.2062282229965157,0.5145905923344948,0.0,14149.505520207807,0.12784822222222222,0.5204703832752613,0.5892857142857143,0.5218100403841858,1,782,0
0.9754042857403222,ISF_1344,0.24385107143508056,0,12,0.2062282229965157,0.525479094076655,0.0,14149.505520207807,0.12784822222222222,0.5204703832752613,0.5892857142857143,0.5218100403841858,1,783,0
1.0,ISF_1345,0.25,2,19,0.5313588850174216,0.5814459930313589,0.36672579134208466,14149.505520207807,0.12784822222222222,0.5204703832752613,0.5892857142857143,0.7910624550989919,1,239,1
1.0,ISF_1346,0.25,2,8,0.5313588850174216,0.4649390243902439,0.5,9790.288924345747,0.07575166666666666,0.4104965156794425,0.40831881533101044,0.865157720059169,1,101,1
1.0,ISF_1347,0.25,0,3,0.2062282229965157,0.3477787456445993,0.0,3207.602943731472,0.032759666666666666,0.23279616724738675,0.23148954703832753,0.5033980602629876,1,826,0
1.0,ISF_1348,0.25,0,1,0.2062282229965157,0.2452090592334495,0.0,3207.602943731472,0.032759666666666666,0.23279616724738675,0.23148954703832753,0.41344864277507015,0,973,0
1.0,ISF_1349,0.25,0,0,0.2062282229965157,0.10322299651567944,0.0,304.3093254547566,0.004970111111111111,0.09255226480836237,0.08819686411149825,0.03859424390577145,0,2160,0
1.0,ISF_1350,0.25,0,0,0.2062282229965157,0.10322299651567944,0.0,304.3093254547566,0.004970111111111111,0.09255226480836237,0.08819686411149825,0.03859424390577145,0,2161,0
1.0,ISF_1351,0.25,0,0,0.2062282229965157,0.10322299651567944,0.0,676.7749211993068,0.011277222222222221,0.1247822299651568,0.12652439024390244,0.05797977861097548,0,2046,0
1.0,ISF_1352,0.25,0,0,0.2062282229965157,0.10322299651567944,0.0,676.7749211993068,0.011277222222222221,0.1247822299651568,0.12652439024390244,0.05797977861097548,0,2047,0
1.0,ISF_1353,0.25,0,0,0.2062282229965157,0.10322299651567944,0.0,33.12999917380512,0.0005782222222222223,0.03941637630662021,0.03636759581881533,0.09930901560430255,0,1786,0
1.0,ISF_1354,0.25,0,0,0.2062282229965157,0.10322299651567944,0.0,33.12999917380512,0.0005782222222222223,0.03941637630662021,0.03636759581881533,0.09930901560430255,0,1787,0
1.0,ISF_1355,0.25,0,0,0.2062282229965157,0.10322299651567944,0.0,218.11431252211332,0.0038072222222222223,0.08384146341463415,0.08079268292682927,0.08241391036737568,0,1928,0
1.0,ISF_1356,0.25,0,3,0.2062282229965157,0.3477787456445993,0.0,218.11431252211332,0.0038072222222222223,0.08384146341463415,0.08079268292682927,0.1615993233383711,0,1561,0
1.0,ISF_1357,0.25,2,5,0.5313588850174216,0.40331010452961674,0.6131471927654585,1158.0507747065276,0.019599333333333333,0.15527003484320556,0.17399825783972125,0.36391270363057165,0,1099,0
1.0,ISF_1358,0.25,5,5,0.6380662020905923,0.40331010452961674,1.0,2558.511019926518,0.025039,0.19795296167247386,0.1957752613240418,0.18009495040031545,0,1516,0
1.0,ISF_1359,0.25,1,5,0.4566637630662021,0.40331010452961674,0.3868528072345416,16721.970080949366,0.09167588888888889,0.5672909407665505,0.4701655052264808,0.6877201891868291,1,453,1
1.0,ISF_1360,0.25,0,26,0.2062282229965157,0.6287020905923345,0.0,16721.970080949366,0.09167588888888889,0.5672909407665505,0.4701655052264808,0.2941957349947672,0,1258,0
1.0,ISF_1361,0.25,14,91,0.7545731707317073,0.813588850174216,0.5988891685133824,43414.55538162589,0.18317944444444445,0.7558797909407665,0.6883710801393729,0.07748661814869472,0,1948,0
1.0,ISF_1362,0.25,39,166,0.8854529616724739,0.8922038327526133,0.7207666889249362,43414.55538162589,0.18317944444444445,0.7558797909407665,0.6883710801393729,0.35941886881411733,0,1119,0
1.0,ISF_1363,0.25,44,182,0.9017857142857143,0.9065766550522648,0.7307174600500749,69455.71221647039,0.26844077777777775,0.8682491289198606,0.8068379790940766,0.7396434173400548,1,335,1
1.0,ISF_1364,0.25,41,176,0.89198606271777,0.9006968641114983,0.722094570557336,69455.71221647039,0.26844077777777775,0.8682491289198606,0.8068379790940766,0.734280957910585,1,346,1
1.0,ISF_1365,0.25,28,180,0.8486498257839721,0.9046167247386759,0.6477441094482154,82919.72504201345,0.33296722222222225,0.9427264808362369,0.8874128919860628,0.4146532135217945,0,972,0
1.0,ISF_1366,0.25,46,224,0.9083188153310104,0.9287891986062717,0.7108707955530146,82919.72504201345,0.33296722222222225,0.9427264808362369,0.8874128919860628,0.6988253874371287,1,438,1
1.0,ISF_1367,0.25,59,216,0.9309668989547039,0.9235627177700348,0.7610451079568741,88632.29296500981,0.37502066666666667,0.9706010452961672,0.9435975609756098,0.4504907600431411,0,905,0
1.0,ISF_1368,0.25,41,184,0.89198606271777,0.9076655052264808,0.7159798572211866,95247.08320474625,0.41475844444444443,0.9958623693379791,0.9884581881533101,0.5167205604843164,1,794,0
1.0,ISF_1369,0.25,43,196,0.8985191637630662,0.9146341463414634,0.7162679745500179,95247.08320474625,0.41475844444444443,0.9958623693379791,0.9884581881533101,0.5167205604843164,1,795,0
1.0,ISF_1370,0.25,68,175,0.9444686411149826,0.8989547038327527,0.8188994509335131,97533.28723478317,0.424582,0.9993466898954704,0.9958623693379791,0.0420729899105225,0,2145,0
1.0,ISF_1371,0.25,49,179,0.9155052264808362,0.9028745644599303,0.7533324689107558,97533.28723478317,0.424582,0.9993466898954704,0.9958623693379791,0.30890933484391825,0,1229,0
1.0,ISF_1372,0.25,36,147,0.8793554006968641,0.876088850174216,0.7225864571737166,89726.23459172249,0.4271837777777778,0.9736498257839721,0.9976045296167247,0.41699616686947244,0,963,0
1.0,ISF_1373,0.25,23,116,0.8181620209059234,0.8447299651567944,0.6673535813392993,89726.23459172249,0.4271837777777778,0.9736498257839721,0.9976045296167247,0.10800642857814634,0,1683,0
1.0,ISF_1374,0.25,25,123,0.8310104529616724,0.8523519163763066,0.6759141543244122,80891.70642015338,0.4066363333333333,0.9314024390243902,0.9849738675958188,0.21589452908192636,0,1431,0
1.0,ISF_1375,0.25,27,118,0.8432055749128919,0.8469076655052264,0.6972417672357981,80891.70642015338,0.4066363333333333,0.9314024390243902,0.9849738675958188,0.5304620743472753,1,754,0
1.0,ISF_1376,0.25,40,146,0.8880662020905923,0.8752177700348432,0.7441383090802102,73457.07850024104,0.40475777777777777,0.885670731707317,0.9832317073170732,0.2598603500684843,0,1339,0
1.0,ISF_1377,0.25,44,127,0.9017857142857143,0.8584494773519163,0.7845504423328107,73457.07850024104,0.40475777777777777,0.885670731707317,0.9832317073170732,0.3080633746991064,0,1233,0
1.0,ISF_1378,0.25,18,109,0.788109756097561,0.8347125435540069,0.6264123557656985,61216.45251883753,0.3341496666666667,0.8395034843205574,0.890897212543554,0.11511889719646065,0,1669,0
1.0,ISF_1379,0.25,12,80,0.7354094076655052,0.7957317073170732,0.5836793798681982,74957.59571609087,0.3266225555555556,0.8943815331010453,0.8821864111498258,0.5955212198003296,1,656,0
1.0,ISF_1380,0.25,18,68,0.788109756097561,0.7728658536585366,0.6954097578720472,61603.18724346906,0.26287266666666664,0.8429878048780488,0.7963850174216028,0.47223522444788585,0,874,0
1.0,ISF_1381,0.25,12,79,0.7354094076655052,0.7931184668989547,0.5853340409128812,61603.18724346906,0.26287266666666664,0.8429878048780488,0.7963850174216028,0.6967954847228691,1,443,1
1.0,ISF_1382,0.25,4,57,0.6117160278745645,0.7447735191637631,0.3963700286529859,39350.96604976617,0.1773722222222222,0.7406358885017421,0.6805313588850174,0.23143183543428933,0,1377,0
1.0,ISF_1383,0.25,6,31,0.6596254355400697,0.648301393728223,0.5614709844115208,39350.96604976617,0.1773722222222222,0.7406358885017421,0.6805313588850174,0.03681347001780659,0,2182,0
1.0,ISF_1384,0.25,4,26,0.6117160278745645,0.6287020905923345,0.4883245069059757,18363.61038888432,0.11114233333333333,0.5851480836236934,0.5450783972125436,0.28148117851620175,0,1287,0
1.0,ISF_1385,0.25,4,20,0.6117160278745645,0.5881968641114983,0.5286339468194481,18363.61038888432,0.11114233333333333,0.5851480836236934,0.5450783972125436,0.6901816895037478,1,449,1
1.0,ISF_1386,0.25,7,10,0.6757404181184669,0.49869337979094075,0.8671944789536634,16920.87133505009,0.12124511111111111,0.5712108013937283,0.5677264808362369,0.3678655109309607,0,1090,0
1.0,ISF_1387,0.25,2,12,0.5313588850174216,0.525479094076655,0.42831734103139474,16920.87133505009,0.12124511111111111,0.5712108013937283,0.5677264808362369,0.712603137261499,1,405,1
1.0,ISF_1388,0.25,0,5,0.2062282229965157,0.40331010452961674,0.0,11502.982224168256,0.08774488888888889,0.44947735191637633,0.45252613240418116,0.44315024797580127,0,925,0
0.6970113877677359,ISF_1389,0.17425284694193396,0,3,0.2062282229965157,0.3477787456445993,0.0,11502.982224168256,0.08774488888888889,0.44947735191637633,0.45252613240418116,0.39912959010310856,0,1013,0
0.5770882271304727,ISF_1390,0.14427205678261817,0,2,0.2062282229965157,0.3079268292682927,0.0,6426.463885080069,0.08543466666666667,0.3336236933797909,0.44294425087108014,0.7884627952271188,1,244,1
1.0,ISF_1391,0.25,0,3,0.2062282229965157,0.3477787456445993,0.0,6426.463885080069,0.08543466666666667,0.3336236933797909,0.44294425087108014,0.8109371251217684,1,205,1
1.0,ISF_1392,0.25,1,3,0.4566637630662021,0.3477787456445993,0.5,2703.126420930028,0.04217511111111111,0.2031794425087108,0.2850609756097561,0.8508409580151151,1,131,1
1.0,ISF_1393,0.25,1,2,0.4566637630662021,0.3079268292682927,0.6309297535714574,1280.6490744017065,0.020136333333333332,0.16071428571428573,0.17770034843205576,0.2319396517560153,0,1375,0
1.0,ISF_1394,0.25,0,1,0.2062282229965157,0.2452090592334495,0.0,3207.602943731472,0.032759666666666666,0.23279616724738675,0.23148954703832753,0.41344864277507015,0,974,0
1.0,ISF_1395,0.25,0,0,0.2062282229965157,0.10322299651567944,0.0,304.3093254547566,0.004970111111111111,0.09255226480836237,0.08819686411149825,0.03859424390577145,0,2162,0
1.0,ISF_1396,0.25,0,0,0.2062282229965157,0.10322299651567944,0.0,304.3093254547566,0.004970111111111111,0.09255226480836237,0.08819686411149825,0.03859424390577145,0,2163,0
1.0,ISF_1397,0.25,0,0,0.2062282229965157,0.10322299651567944,0.0,198.42619460821152,0.0033702222222222224,0.0781794425087108,0.07643728222996515,0.08241391036737568,0,1929,0
1.0,ISF_1398,0.25,0,0,0.2062282229965157,0.10322299651567944,0.0,198.42619460821152,0.0033702222222222224,0.0781794425087108,0.07643728222996515,0.08241391036737568,0,1930,0
1.0,ISF_1399,0.25,0,0,0.2062282229965157,0.10322299651567944,0.0,12.113219449296594,0.00021133333333333334,0.02613240418118467,0.024825783972125436,0.09930901560430255,0,1788,0
1.0,ISF_1400,0.25,0,0,0.2062282229965157,0.10322299651567944,0.0,12.113219449296594,0.00021133333333333334,0.02613240418118467,0.024825783972125436,0.09930901560430255,0,1789,0
1.0,ISF_1401,0.25,0,0,0.2062282229965157,0.10322299651567944,0.0,218.11431252211332,0.0038072222222222223,0.08384146341463415,0.08079268292682927,0.08241391036737568,0,1931,0
1.0,ISF_1402,0.25,0,0,0.2062282229965157,0.10322299651567944,0.0,218.11431252211332,0.0038072222222222223,0.08384146341463415,0.08079268292682927,0.08241391036737568,0,1932,0
1.0,ISF_1403,0.25,0,5,0.2062282229965157,0.40331010452961674,0.0,1158.0507747065276,0.019599333333333333,0.15527003484320556,0.17399825783972125,0.1950309841874439,0,1466,0
1.0,ISF_1404,0.25,0,5,0.2062282229965157,0.40331010452961674,0.0,1158.0507747065276,0.019599333333333333,0.15527003484320556,0.17399825783972125,0.1950309841874439,0,1467,0
1.0,ISF_1405,0.25,0,4,0.2062282229965157,0.37630662020905925,0.0,14165.457142526284,0.082127,0.5228658536585366,0.4335801393728223,0.6715281018380586,1,476,0
1.0,ISF_1406,0.25,0,23,0.2062282229965157,0.6071428571428571,0.0,14165.457142526284,0.082127,0.5228658536585366,0.4335801393728223,0.4062057337616747,0,1001,0
1.0,ISF_1407,0.25,20,71,0.802918118466899,0.7796167247386759,0.7118915419153378,34034.09239565395,0.15452722222222223,0.7112369337979094,0.6315331010452961,0.3746153482766721,0,1075,0
1.0,ISF_1408,0.25,41,109,0.89198606271777,0.8347125435540069,0.7951675844630965,43414.55538162589,0.18317944444444445,0.7558797909407665,0.6883710801393729,0.11516623376309344,0,1668,0
1.0,ISF_1409,0.25,23,126,0.8181620209059234,0.8571428571428571,0.6560551385869998,69455.71221647039,0.26844077777777775,0.8682491289198606,0.8068379790940766,0.30614464465911323,0,1236,0
1.0,ISF_1410,0.25,25,139,0.8310104529616724,0.8710801393728222,0.6593145070786264,69455.71221647039,0.26844077777777775,0.8682491289198606,0.8068379790940766,0.5118891528809733,1,802,0
1.0,ISF_1411,0.25,40,152,0.8880662020905923,0.8797909407665505,0.7382204342313767,82499.43276874162,0.32551433333333335,0.9409843205574913,0.8769599303135889,0.33537202346131983,0,1169,0
1.0,ISF_1412,0.25,65,196,0.939677700348432,0.9146341463414634,0.7930140416953442,82499.43276874162,0.32551433333333335,0.9409843205574913,0.8769599303135889,0.36975678895665237,0,1086,0
1.0,ISF_1413,0.25,42,198,0.8956881533101045,0.9157229965156795,0.71055800492074,85962.69110675901,0.36612133333333335,0.9601480836236934,0.9344512195121951,0.5167205604843164,1,796,0
1.0,ISF_1414,0.25,31,179,0.8621515679442509,0.9028745644599303,0.6673916233687957,87882.93285991438,0.390069,0.9634146341463414,0.9616724738675958,0.4152844210302605,0,970,0
1.0,ISF_1415,0.25,43,167,0.8985191637630662,0.8932926829268293,0.7385277588073464,95247.08320474625,0.41475844444444443,0.9958623693379791,0.9884581881533101,0.30890933484391825,0,1230,0
1.0,ISF_1416,0.25,50,154,0.918336236933798,0.8808797909407665,0.7795943315454763,97533.28723478317,0.424582,0.9993466898954704,0.9958623693379791,0.3228071755322027,0,1194,0
1.0,ISF_1417,0.25,18,168,0.788109756097561,0.8943815331010453,0.573976045687014,97533.28723478317,0.424582,0.9993466898954704,0.9958623693379791,0.16094062215339752,0,1564,0
1.0,ISF_1418,0.25,25,113,0.8310104529616724,0.8403745644599303,0.6879138561277834,93267.87109327316,0.435322,0.9923780487804879,0.9993466898954704,0.21589452908192636,0,1432,0
1.0,ISF_1419,0.25,28,105,0.8486498257839721,0.830574912891986,0.7220627871473504,93267.87109327316,0.435322,0.9923780487804879,0.9993466898954704,0.5420215528331187,1,728,0
1.0,ISF_1420,0.25,24,106,0.8240418118466899,0.8318815331010453,0.6888495039940548,77560.10765655152,0.39034555555555556,0.9081010452961672,0.9634146341463414,0.21589452908192636,0,1433,0
1.0,ISF_1421,0.25,20,137,0.802918118466899,0.8691202090592335,0.6178943955929654,77560.10765655152,0.39034555555555556,0.9081010452961672,0.9634146341463414,0.11234472676684382,0,1674,0
1.0,ISF_1422,0.25,51,138,0.9189895470383276,0.8699912891986062,0.8007426469622769,73457.07850024104,0.40475777777777777,0.885670731707317,0.9832317073170732,0.2634090462961877,0,1321,0
1.0,ISF_1423,0.25,45,127,0.9050522648083623,0.8584494773519163,0.7890802794367162,73457.07850024104,0.40475777777777777,0.885670731707317,0.9832317073170732,0.2615643699073346,0,1326,0
1.0,ISF_1424,0.25,16,99,0.7741724738675958,0.8238240418118467,0.6152244606891369,61216.45251883753,0.3341496666666667,0.8395034843205574,0.890897212543554,0.10753497749541588,0,1684,0
1.0,ISF_1425,0.25,6,66,0.6596254355400697,0.7663327526132404,0.4627948640243698,61216.45251883753,0.3341496666666667,0.8395034843205574,0.890897212543554,0.29650813221583067,0,1251,0
1.0,ISF_1426,0.25,7,48,0.6757404181184669,0.7162456445993032,0.5343107806620332,47532.714135311544,0.2626016666666667,0.7828832752613241,0.7946428571428571,0.14955333235746102,0,1577,0
1.0,ISF_1427,0.25,4,25,0.6117160278745645,0.6232578397212544,0.49398103882196526,47532.714135311544,0.2626016666666667,0.7828832752613241,0.7946428571428571,0.06434806968600999,0,1988,0
1.0,ISF_1428,0.25,2,17,0.5313588850174216,0.5701219512195121,0.3800937667159343,25519.654605139047,0.15407555555555555,0.6463414634146342,0.6293554006968641,0.39901142525110667,0,1014,0
1.0,ISF_1429,0.25,4,9,0.6117160278745645,0.4817073170731707,0.6989700043360187,39350.96604976617,0.1773722222222222,0.7406358885017421,0.6805313588850174,0.08733882145768641,0,1893,0
1.0,ISF_1430,0.25,3,10,0.5792682926829268,0.49869337979094075,0.5781296526357756,18363.61038888432,0.11114233333333333,0.5851480836236934,0.5450783972125436,0.5264719290357309,1,771,0
1.0,ISF_1431,0.25,1,12,0.4566637630662021,0.525479094076655,0.27023815442731974,18363.61038888432,0.11114233333333333,0.5851480836236934,0.5450783972125436,0.7774913784034169,1,258,1
0.8736982599822688,ISF_1432,0.2184245649955672,4,10,0.6117160278745645,0.49869337979094075,0.6711877414712396,13383.299496397376,0.09716911111111111,0.49869337979094075,0.4856271777003484,0.22053964019818656,0,1409,0
0.689591833514344,ISF_1433,0.172397958378586,3,11,0.5792682926829268,0.5145905923344948,0.5578858913022596,13383.299496397376,0.09716911111111111,0.49869337979094075,0.4856271777003484,0.4534237617727083,0,900,0
0.6859300838107011,ISF_1434,0.17148252095267527,3,5,0.5792682926829268,0.40331010452961674,0.7737056144690831,11872.637056784704,0.08298566666666667,0.45339721254355403,0.43510452961672474,0.7030254859058834,1,426,1
0.35973300742701,ISF_1435,0.0899332518567525,2,3,0.5313588850174216,0.3477787456445993,0.7924812503605781,11502.982224168256,0.08774488888888889,0.44947735191637633,0.45252613240418116,0.35168572147665944,0,1137,0
0.9580672800971282,ISF_1436,0.23951682002428204,0,1,0.2062282229965157,0.2452090592334495,0.0,6426.463885080069,0.08543466666666667,0.3336236933797909,0.44294425087108014,0.7933115443055945,1,232,1
1.0,ISF_1437,0.25,1,1,0.4566637630662021,0.2452090592334495,1.0,2703.126420930028,0.04217511111111111,0.2031794425087108,0.2850609756097561,0.6347752521223695,1,567,0
1.0,ISF_1438,0.25,1,1,0.4566637630662021,0.2452090592334495,1.0,1280.6490744017065,0.020136333333333332,0.16071428571428573,0.17770034843205576,0.19240651315107024,0,1473,0
1.0,ISF_1439,0.25,0,1,0.2062282229965157,0.2452090592334495,0.0,1280.6490744017065,0.020136333333333332,0.16071428571428573,0.17770034843205576,0.08554580473727798,0,1899,0
1.0,ISF_1440,0.25,0,0,0.2062282229965157,0.10322299651567944,0.0,130.67717798426747,0.0020325555555555557,0.06119337979094076,0.05945121951219512,0.09930901560430255,0,1790,0
1.0,ISF_1441,0.25,0,0,0.2062282229965157,0.10322299651567944,0.0,130.67717798426747,0.0020325555555555557,0.06119337979094076,0.05945121951219512,0.09930901560430255,0,1791,0
1.0,ISF_1442,0.25,0,0,0.2062282229965157,0.10322299651567944,0.0,198.42619460821152,0.0033702222222222224,0.0781794425087108,0.07643728222996515,0.08241391036737568,0,1933,0
1.0,ISF_1443,0.25,0,0,0.2062282229965157,0.10322299651567944,0.0,198.42619460821152,0.0033702222222222224,0.0781794425087108,0.07643728222996515,0.08241391036737568,0,1934,0
1.0,ISF_1444,0.25,0,0,0.2062282229965157,0.10322299651567944,0.0,12.113219449296594,0.00021133333333333334,0.02613240418118467,0.024825783972125436,0.09930901560430255,0,1792,0
1.0,ISF_1445,0.25,0,0,0.2062282229965157,0.10322299651567944,0.0,12.113219449296594,0.00021133333333333334,0.02613240418118467,0.024825783972125436,0.09930901560430255,0,1793,0
1.0,ISF_1446,0.25,0,0,0.2062282229965157,0.10322299651567944,0.0,5017.217237195,0.011922222222222223,0.30727351916376305,0.12826655052264807,0.4079576504961662,0,988,0
1.0,ISF_1447,0.25,0,0,0.2062282229965157,0.10322299651567944,0.0,5017.217237195,0.011922222222222223,0.30727351916376305,0.12826655052264807,0.4079576504961662,0,989,0
1.0,ISF_1448,0.25,0,0,0.2062282229965157,0.10322299651567944,0.0,6247.621525354683,0.03123888888888889,0.3268728222996516,0.2188588850174216,0.7907926772877975,1,240,1
1.0,ISF_1449,0.25,0,0,0.2062282229965157,0.10322299651567944,0.0,1158.0507747065276,0.019599333333333333,0.15527003484320556,0.17399825783972125,0.05797977861097548,0,2048,0
1.0,ISF_1450,0.25,0,0,0.2062282229965157,0.10322299651567944,0.0,14165.457142526284,0.082127,0.5228658536585366,0.4335801393728223,0.5248884422362999,1,774,0
1.0,ISF_1451,0.25,0,25,0.2062282229965157,0.6232578397212544,0.0,14165.457142526284,0.082127,0.5228658536585366,0.4335801393728223,0.4062057337616747,0,1002,0
1.0,ISF_1452,0.25,17,64,0.7813588850174216,0.7632839721254355,0.6924062313864872,34034.09239565395,0.15452722222222223,0.7112369337979094,0.6315331010452961,0.16730898765325092,0,1544,0
1.0,ISF_1453,0.25,36,87,0.8793554006968641,0.8053135888501742,0.8064878882838847,34034.09239565395,0.15452722222222223,0.7112369337979094,0.6315331010452961,0.2525794359942862,0,1349,0
1.0,ISF_1454,0.25,22,118,0.8125,0.8469076655052264,0.6560814384580242,58270.38962406851,0.23759766666666668,0.8229529616724739,0.7654616724738676,0.28422650450902887,0,1279,0
1.0,ISF_1455,0.25,15,143,0.7652439024390244,0.872822299651568,0.5578858913022596,58270.38962406851,0.23759766666666668,0.8229529616724739,0.7654616724738676,0.28273207637695563,0,1284,0
1.0,ISF_1456,0.25,42,150,0.8956881533101045,0.8784843205574913,0.7496492597632848,82499.43276874162,0.32551433333333335,0.9409843205574913,0.8769599303135889,0.33537202346131983,0,1170,0
1.0,ISF_1457,0.25,56,171,0.9261759581881533,0.8959059233449478,0.7854406228207153,82499.43276874162,0.32551433333333335,0.9409843205574913,0.8769599303135889,0.4222677033654382,0,956,0
1.0,ISF_1458,0.25,45,166,0.9050522648083623,0.8922038327526133,0.7480746434668278,85962.69110675901,0.36612133333333335,0.9601480836236934,0.9344512195121951,0.30890933484391825,0,1231,0
1.0,ISF_1459,0.25,25,147,0.8310104529616724,0.876088850174216,0.6519828175254488,85962.69110675901,0.36612133333333335,0.9601480836236934,0.9344512195121951,0.22348064334315026,0,1402,0
1.0,ISF_1460,0.25,37,125,0.8815331010452961,0.8554006968641115,0.752145187090493,87882.93285991438,0.390069,0.9634146341463414,0.9616724738675958,0.22243991459491902,0,1407,0
1.0,ISF_1461,0.25,44,138,0.9017857142857143,0.8699912891986062,0.7714424154137078,89763.63043663092,0.38874233333333336,0.9753919860627178,0.9601480836236934,0.34586732284573224,0,1151,0
1.0,ISF_1462,0.25,31,132,0.8621515679442509,0.8638937282229965,0.7086888506179005,89763.63043663092,0.38874233333333336,0.9753919860627178,0.9601480836236934,0.6609581806888757,1,509,0
1.0,ISF_1463,0.25,25,96,0.8310104529616724,0.8194686411149826,0.712197241165904,93267.87109327316,0.435322,0.9923780487804879,0.9993466898954704,0.5420215528331187,1,729,0
1.0,ISF_1464,0.25,26,98,0.8377613240418118,0.8225174216027874,0.7172472043156383,93267.87109327316,0.435322,0.9923780487804879,0.9993466898954704,0.5420215528331187,1,730,0
1.0,ISF_1465,0.25,27,108,0.8432055749128919,0.8327526132404182,0.7102872338241247,77560.10765655152,0.39034555555555556,0.9081010452961672,0.9634146341463414,0.5420215528331187,1,731,0
1.0,ISF_1466,0.25,36,110,0.8793554006968641,0.836890243902439,0.7667257153671133,77560.10765655152,0.39034555555555556,0.9081010452961672,0.9634146341463414,0.34412421855950254,0,1156,0
1.0,ISF_1467,0.25,35,117,0.8763066202090593,0.8458188153310104,0.7511540209718804,63689.185855299234,0.35899644444444445,0.8525696864111498,0.9266114982578397,0.39085520302237287,0,1035,0
1.0,ISF_1468,0.25,24,114,0.8240418118466899,0.8423344947735192,0.6783818477881035,63689.185855299234,0.35899644444444445,0.8525696864111498,0.9266114982578397,0.17782745319330923,0,1519,0
1.0,ISF_1469,0.25,24,93,0.8240418118466899,0.8155487804878049,0.7084893186833735,49910.01041678898,0.29521555555555556,0.7985627177700348,0.8399390243902439,0.6369140686961776,1,560,0
1.0,ISF_1470,0.25,23,62,0.8181620209059234,0.7567508710801394,0.7670650462085926,61216.45251883753,0.3341496666666667,0.8395034843205574,0.890897212543554,0.5743656738598035,1,685,0
1.0,ISF_1471,0.25,8,44,0.688588850174216,0.706663763066202,0.5772049881597967,47532.714135311544,0.2626016666666667,0.7828832752613241,0.7946428571428571,0.10851903335563033,0,1679,0
1.0,ISF_1472,0.25,3,24,0.5792682926829268,0.6162891986062717,0.43067655807339306,47532.714135311544,0.2626016666666667,0.7828832752613241,0.7946428571428571,0.06663447890389013,0,1976,0
1.0,ISF_1473,0.25,0,8,0.2062282229965157,0.4649390243902439,0.0,25519.654605139047,0.15407555555555555,0.6463414634146342,0.6293554006968641,0.2632818786394638,0,1322,0
1.0,ISF_1474,0.25,1,5,0.4566637630662021,0.40331010452961674,0.3868528072345416,25519.654605139047,0.15407555555555555,0.6463414634146342,0.6293554006968641,0.28479826839673295,0,1278,0
1.0,ISF_1475,0.25,2,6,0.5313588850174216,0.429006968641115,0.5645750340535797,12689.833310961723,0.09307066666666666,0.47452090592334495,0.4719076655052265,0.3624234892445928,0,1104,0
1.0,ISF_1476,0.25,0,5,0.2062282229965157,0.40331010452961674,0.0,12689.833310961723,0.09307066666666666,0.47452090592334495,0.4719076655052265,0.39517774966530883,0,1022,0
0.3786911297349537,ISF_1477,0.09467278243373843,1,6,0.4566637630662021,0.429006968641115,0.3562071871080222,13383.299496397376,0.09716911111111111,0.49869337979094075,0.4856271777003484,0.630481893277523,1,585,0
0.5364425603825961,ISF_1478,0.13411064009564902,0,1,0.2062282229965157,0.2452090592334495,0.0,672.674393767491,0.012647,0.12325783972125436,0.13501742160278746,0.08554580473727798,0,1900,0
1.0,ISF_1479,0.25,0,2,0.2062282229965157,0.3079268292682927,0.0,672.674393767491,0.012647,0.12325783972125436,0.13501742160278746,0.08834420514968425,0,1885,0
1.0,ISF_1480,0.25,0,2,0.2062282229965157,0.3079268292682927,0.0,1280.6490744017065,0.020136333333333332,0.16071428571428573,0.17770034843205576,0.08834420514968425,0,1886,0
1.0,ISF_1481,0.25,0,0,0.2062282229965157,0.10322299651567944,0.0,1280.6490744017065,0.020136333333333332,0.16071428571428573,0.17770034843205576,0.05797977861097548,0,2049,0
1.0,ISF_1482,0.25,0,0,0.2062282229965157,0.10322299651567944,0.0,130.67717798426747,0.0020325555555555557,0.06119337979094076,0.05945121951219512,0.09930901560430255,0,1794,0
1.0,ISF_1483,0.25,0,0,0.2062282229965157,0.10322299651567944,0.0,130.67717798426747,0.0020325555555555557,0.06119337979094076,0.05945121951219512,0.09930901560430255,0,1795,0
1.0,ISF_1484,0.25,0,0,0.2062282229965157,0.10322299651567944,0.0,8.397039484232664,0.00010822222222222223,0.01676829268292683,0.015897212543554008,0.09930901560430255,0,1796,0
1.0,ISF_1485,0.25,0,0,0.2062282229965157,0.10322299651567944,0.0,8.397039484232664,0.00010822222222222223,0.01676829268292683,0.015897212543554008,0.09930901560430255,0,1797,0
1.0,ISF_1486,0.25,0,0,0.2062282229965157,0.10322299651567944,0.0,2722.081507574767,0.014678333333333333,0.2062282229965157,0.1413327526132404,0.06044399473471527,0,2015,0
1.0,ISF_1487,0.25,0,0,0.2062282229965157,0.10322299651567944,0.0,12.113219449296594,0.00021133333333333334,0.02613240418118467,0.024825783972125436,0.09930901560430255,0,1798,0
1.0,ISF_1488,0.25,0,0,0.2062282229965157,0.10322299651567944,0.0,5017.217237195,0.011922222222222223,0.30727351916376305,0.12826655052264807,0.4079576504961662,0,990,0
1.0,ISF_1489,0.25,0,0,0.2062282229965157,0.10322299651567944,0.0,5017.217237195,0.011922222222222223,0.30727351916376305,0.12826655052264807,0.4079576504961662,0,991,0
1.0,ISF_1490,0.25,0,0,0.2062282229965157,0.10322299651567944,0.0,6247.621525354683,0.03123888888888889,0.3268728222996516,0.2188588850174216,0.7907926772877975,1,241,1
1.0,ISF_1491,0.25,0,1,0.2062282229965157,0.2452090592334495,0.0,6247.621525354683,0.03123888888888889,0.3268728222996516,0.2188588850174216,0.8686334024865661,1,97,1
1.0,ISF_1492,0.25,0,5,0.2062282229965157,0.40331010452961674,0.0,13598.240837657824,0.06997777777777778,0.5037020905923345,0.39002613240418116,0.7126352530932913,1,404,1
1.0,ISF_1493,0.25,2,20,0.5313588850174216,0.5881968641114983,0.3608488067145302,13598.240837657824,0.06997777777777778,0.5037020905923345,0.39002613240418116,0.9320802678658746,1,12,1
1.0,ISF_1494,0.25,9,61,0.7025261324041812,0.7526132404181185,0.5579137673194251,34034.09239565395,0.15452722222222223,0.7112369337979094,0.6315331010452961,0.35221604736946743,0,1134,0
1.0,ISF_1495,0.25,26,81,0.8377613240418118,0.7974738675958188,0.7479116959970676,34034.09239565395,0.15452722222222223,0.7112369337979094,0.6315331010452961,0.19560884564976322,0,1464,0
1.0,ISF_1496,0.25,31,89,0.8621515679442509,0.8092334494773519,0.7701961097713179,58270.38962406851,0.23759766666666668,0.8229529616724739,0.7654616724738676,0.8328549609340067,1,158,1
1.0,ISF_1497,0.25,29,98,0.8538763066202091,0.8225174216027874,0.7401759894385639,58270.38962406851,0.23759766666666668,0.8229529616724739,0.7654616724738676,0.5966645362894134,1,653,0
1.0,ISF_1498,0.25,40,125,0.8880662020905923,0.8554006968641115,0.7678568243440417,73031.11765382998,0.3055478888888889,0.8804442508710801,0.8490853658536586,0.5097097797867985,1,810,0
1.0,ISF_1499,0.25,29,163,0.8538763066202091,0.889808362369338,0.6669189144063992,73031.11765382998,0.3055478888888889,0.8804442508710801,0.8490853658536586,0.5279030282752688,1,764,0
1.0,ISF_1500,0.25,44,145,0.9017857142857143,0.8745644599303136,0.7638368713109682,82237.99179764092,0.36292955555555556,0.9370644599303136,0.9327090592334495,0.3541808290040995,0,1130,0
1.0,ISF_1501,0.25,30,159,0.8577961672473867,0.8854529616724739,0.6766245510996225,85962.69110675901,0.36612133333333335,0.9601480836236934,0.9344512195121951,0.4152844210302605,0,971,0
1.0,ISF_1502,0.25,28,155,0.8486498257839721,0.882404181184669,0.6668102665011455,87882.93285991438,0.390069,0.9634146341463414,0.9616724738675958,0.3008038671882162,0,1248,0
1.0,ISF_1503,0.25,31,125,0.8621515679442509,0.8554006968641115,0.7166116387504659,89763.63043663092,0.38874233333333336,0.9753919860627178,0.9601480836236934,0.6614571617940596,1,506,0
1.0,ISF_1504,0.25,30,108,0.8577961672473867,0.8327526132404182,0.7319830655690899,89763.63043663092,0.38874233333333336,0.9753919860627178,0.9601480836236934,0.6676240281165459,1,487,0
1.0,ISF_1505,0.25,27,87,0.8432055749128919,0.8053135888501742,0.7442380701402609,84402.43500980921,0.3869226666666667,0.9501306620209059,0.9584059233449478,0.30424987985182345,0,1239,0
1.0,ISF_1506,0.25,24,89,0.8240418118466899,0.8092334494773519,0.7153359943403895,84402.43500980921,0.3869226666666667,0.9501306620209059,0.9584059233449478,0.5420215528331187,1,732,0
1.0,ISF_1507,0.25,21,96,0.8077090592334495,0.8194686411149826,0.6756803802214301,70068.53318471648,0.34837711111111114,0.8752177700348432,0.9083188153310104,0.1354109259597447,0,1607,0
1.0,ISF_1508,0.25,26,97,0.8377613240418118,0.8214285714285714,0.7188353857113876,77560.10765655152,0.39034555555555556,0.9081010452961672,0.9634146341463414,0.5420215528331187,1,733,0
1.0,ISF_1509,0.25,19,87,0.7959494773519163,0.8053135888501742,0.6690879863821718,63689.185855299234,0.35899644444444445,0.8525696864111498,0.9266114982578397,0.08774002041097342,0,1890,0
1.0,ISF_1510,0.25,14,83,0.7545731707317073,0.7996515679442509,0.6111853240714353,63689.185855299234,0.35899644444444445,0.8525696864111498,0.9266114982578397,0.03606246265920945,0,2186,0
1.0,ISF_1511,0.25,14,70,0.7545731707317073,0.7776567944250871,0.6352928859818208,49910.01041678898,0.29521555555555556,0.7985627177700348,0.8399390243902439,0.08765056127903018,0,1891,0
1.0,ISF_1512,0.25,30,62,0.8577961672473867,0.7567508710801394,0.8288379285884292,49910.01041678898,0.29521555555555556,0.7985627177700348,0.8399390243902439,0.3937558261773078,0,1026,0
1.0,ISF_1513,0.25,15,71,0.7652439024390244,0.7796167247386759,0.6483060975724891,44523.97511397302,0.2686351111111111,0.7645905923344948,0.8085801393728222,0.0824224402517932,0,1914,0
1.0,ISF_1514,0.25,0,51,0.2062282229965157,0.7253919860627178,0.0,44523.97511397302,0.2686351111111111,0.7645905923344948,0.8085801393728222,0.06661984454279031,0,1977,0
1.0,ISF_1515,0.25,0,13,0.2062282229965157,0.5376742160278746,0.0,25519.654605139047,0.15407555555555555,0.6463414634146342,0.6293554006968641,0.38258998952379375,0,1054,0
1.0,ISF_1516,0.25,0,11,0.2062282229965157,0.5145905923344948,0.0,25519.654605139047,0.15407555555555555,0.6463414634146342,0.6293554006968641,0.38258998952379375,0,1055,0
1.0,ISF_1517,0.25,0,3,0.2062282229965157,0.3477787456445993,0.0,12689.833310961723,0.09307066666666666,0.47452090592334495,0.4719076655052265,0.3289972429884163,0,1179,0
1.0,ISF_1518,0.25,0,2,0.2062282229965157,0.3079268292682927,0.0,12689.833310961723,0.09307066666666666,0.47452090592334495,0.4719076655052265,0.3172714952971041,0,1209,0
0.23843788564810528,ISF_1519,0.05960947141202632,0,1,0.2062282229965157,0.2452090592334495,0.0,9440.068547630683,0.08563055555555556,0.39743031358885017,0.44403310104529614,0.36078391607325183,0,1118,0
0.9518378305729271,ISF_1520,0.2379594576432318,1,1,0.4566637630662021,0.2452090592334495,1.0,672.674393767491,0.012647,0.12325783972125436,0.13501742160278746,0.1888669900772723,0,1493,0
1.0,ISF_1521,0.25,0,1,0.2062282229965157,0.2452090592334495,0.0,342.5630700774491,0.006176,0.09995644599303136,0.09821428571428571,0.051421911398404525,0,2111,0
1.0,ISF_1522,0.25,0,0,0.2062282229965157,0.10322299651567944,0.0,342.5630700774491,0.006176,0.09995644599303136,0.09821428571428571,0.03443776562689816,0,2199,0
1.0,ISF_1523,0.25,0,0,0.2062282229965157,0.10322299651567944,0.0,23.256668776273727,0.0004058888888888889,0.031794425087108016,0.03048780487804878,0.09930901560430255,0,1799,0
1.0,ISF_1524,0.25,0,0,0.2062282229965157,0.10322299651567944,0.0,23.256668776273727,0.0004058888888888889,0.031794425087108016,0.03048780487804878,0.09930901560430255,0,1800,0
1.0,ISF_1525,0.25,0,0,0.2062282229965157,0.10322299651567944,0.0,8.397039484232664,0.00010822222222222223,0.01676829268292683,0.015897212543554008,0.09930901560430255,0,1801,0
1.0,ISF_1526,0.25,0,0,0.2062282229965157,0.10322299651567944,0.0,8.397039484232664,0.00010822222222222223,0.01676829268292683,0.015897212543554008,0.09930901560430255,0,1802,0
1.0,ISF_1527,0.25,0,0,0.2062282229965157,0.10322299651567944,0.0,2722.081507574767,0.014678333333333333,0.2062282229965157,0.1413327526132404,0.06044399473471527,0,2016,0
1.0,ISF_1528,0.25,0,0,0.2062282229965157,0.10322299651567944,0.0,2722.081507574767,0.014678333333333333,0.2062282229965157,0.1413327526132404,0.06044399473471527,0,2017,0
1.0,ISF_1529,0.25,0,2,0.2062282229965157,0.3079268292682927,0.0,10284.164253460243,0.03969166666666667,0.42835365853658536,0.2654616724738676,0.6508030141622541,1,533,0
1.0,ISF_1530,0.25,0,4,0.2062282229965157,0.37630662020905925,0.0,10284.164253460243,0.03969166666666667,0.42835365853658536,0.2654616724738676,0.7788161767924366,1,256,1
1.0,ISF_1531,0.25,0,5,0.2062282229965157,0.40331010452961674,0.0,12423.991604942828,0.06435922222222222,0.46602787456445993,0.3693379790940767,0.6437991699018654,1,545,0
1.0,ISF_1532,0.25,0,6,0.2062282229965157,0.429006968641115,0.0,6247.621525354683,0.03123888888888889,0.3268728222996516,0.2188588850174216,0.9264848501755366,1,18,1
1.0,ISF_1533,0.25,3,7,0.5792682926829268,0.4479529616724739,0.6666666666666667,13598.240837657824,0.06997777777777778,0.5037020905923345,0.39002613240418116,0.39186511684634334,0,1032,0
1.0,ISF_1534,0.25,6,19,0.6596254355400697,0.5814459930313589,0.6495607655709434,13598.240837657824,0.06997777777777778,0.5037020905923345,0.39002613240418116,0.4986327991022516,0,837,0
1.0,ISF_1535,0.25,7,44,0.6757404181184669,0.706663763066202,0.5462637014098147,24132.167843615636,0.12691033333333335,0.6343641114982579,0.586890243902439,0.11673107685794043,0,1659,0
1.0,ISF_1536,0.25,15,58,0.7652439024390244,0.7482578397212544,0.679966465147656,24132.167843615636,0.12691033333333335,0.6343641114982579,0.586890243902439,0.08752117376688741,0,1892,0
1.0,ISF_1537,0.25,18,72,0.788109756097561,0.7817944250871081,0.6862759150983437,41332.92692014389,0.19334822222222223,0.7486933797909407,0.7012195121951219,0.05557569911897399,0,2084,0
1.0,ISF_1538,0.25,26,68,0.8377613240418118,0.7728658536585366,0.7784019751099348,41332.92692014389,0.19334822222222223,0.7486933797909407,0.7012195121951219,0.3937187691751845,0,1027,0
1.0,ISF_1539,0.25,25,85,0.8310104529616724,0.8020470383275261,0.731441964743482,73031.11765382998,0.3055478888888889,0.8804442508710801,0.8490853658536586,0.7540437545844036,1,294,1
1.0,ISF_1540,0.25,22,115,0.8125,0.8438588850174216,0.6596054960302301,73031.11765382998,0.3055478888888889,0.8804442508710801,0.8490853658536586,0.23377461378223516,0,1372,0
1.0,ISF_1541,0.25,46,133,0.9083188153310104,0.8660714285714286,0.7860909623358132,82237.99179764092,0.36292955555555556,0.9370644599303136,0.9327090592334495,0.23973200130742023,0,1366,0
1.0,ISF_1542,0.25,59,139,0.9309668989547039,0.8710801393728222,0.8285392207840465,82237.99179764092,0.36292955555555556,0.9370644599303136,0.9327090592334495,0.021737316397663787,0,2267,0
1.0,ISF_1543,0.25,49,124,0.9155052264808362,0.8536585365853658,0.8102255193577976,76661.1917032469,0.35324266666666665,0.9026567944250871,0.9174651567944251,0.18659252799789264,0,1501,0
1.0,ISF_1544,0.25,27,109,0.8432055749128919,0.8347125435540069,0.7089072288069124,66515.79375743121,0.30807866666666667,0.8597560975609756,0.8549651567944251,0.8088343233848906,1,210,1
1.0,ISF_1545,0.25,25,81,0.8310104529616724,0.7974738675958188,0.7393474272372014,66515.79375743121,0.30807866666666667,0.8597560975609756,0.8549651567944251,0.6344020437469794,1,568,0
1.0,ISF_1546,0.25,13,85,0.7441202090592335,0.8020470383275261,0.5924677969845177,84402.43500980921,0.3869226666666667,0.9501306620209059,0.9584059233449478,0.107442007558184,0,1686,0
1.0,ISF_1547,0.25,19,79,0.7959494773519163,0.7931184668989547,0.6836408181204355,84402.43500980921,0.3869226666666667,0.9501306620209059,0.9584059233449478,0.1035860629806819,0,1698,0
1.0,ISF_1548,0.25,26,89,0.8377613240418118,0.8092334494773519,0.7324391713133125,70068.53318471648,0.34837711111111114,0.8752177700348432,0.9083188153310104,0.6251137514116093,1,596,0
1.0,ISF_1549,0.25,17,89,0.7813588850174216,0.8092334494773519,0.6423320028298052,70068.53318471648,0.34837711111111114,0.8752177700348432,0.9083188153310104,0.05397508160308885,0,2091,0
1.0,ISF_1550,0.25,10,68,0.7158101045296167,0.7728658536585366,0.5663285205969221,50423.76720918156,0.2871867777777778,0.8011759581881533,0.8312282229965157,0.5962522845352475,1,654,0
1.0,ISF_1551,0.25,10,39,0.7158101045296167,0.6877177700348432,0.6500335135983297,50423.76720918156,0.2871867777777778,0.8011759581881533,0.8312282229965157,0.07252417745717257,0,1962,0
1.0,ISF_1552,0.25,7,52,0.6757404181184669,0.7282229965156795,0.5237502901441348,38428.64577271044,0.2377418888888889,0.7369337979094077,0.7674216027874564,0.09502499157378061,0,1850,0
1.0,ISF_1553,0.25,10,66,0.7158101045296167,0.7663327526132404,0.5702902661040885,49910.01041678898,0.29521555555555556,0.7985627177700348,0.8399390243902439,0.5815380238541984,1,680,0
1.0,ISF_1554,0.25,28,64,0.8486498257839721,0.7632839721254355,0.8066563096026927,44523.97511397302,0.2686351111111111,0.7645905923344948,0.8085801393728222,0.7401300715498825,1,332,1
1.0,ISF_1555,0.25,22,64,0.8125,0.7632839721254355,0.7511268153152306,44523.97511397302,0.2686351111111111,0.7645905923344948,0.8085801393728222,0.293255432277298,0,1264,0
1.0,ISF_1556,0.25,9,51,0.7025261324041812,0.7253919860627178,0.5827494472602966,26806.92912123166,0.1697801111111111,0.6517857142857143,0.6687717770034843,0.130968654821063,0,1623,0
1.0,ISF_1557,0.25,8,23,0.688588850174216,0.6071428571428571,0.6913742480868107,26806.92912123166,0.1697801111111111,0.6517857142857143,0.6687717770034843,0.2653379114425563,0,1316,0
1.0,ISF_1558,0.25,0,10,0.2062282229965157,0.49869337979094075,0.0,13953.301380254328,0.09960188888888889,0.5178571428571429,0.4969512195121951,0.48976569849726803,0,849,0
1.0,ISF_1559,0.25,0,1,0.2062282229965157,0.2452090592334495,0.0,13953.301380254328,0.09960188888888889,0.5178571428571429,0.4969512195121951,0.3193539477427774,0,1205,0
0.1143779157736027,ISF_1560,0.028594478943400677,0,0,0.2062282229965157,0.10322299651567944,0.0,9440.068547630683,0.08563055555555556,0.39743031358885017,0.44403310104529614,0.2935732140531086,0,1261,0
0.527265097274445,ISF_1561,0.13181627431861126,1,1,0.4566637630662021,0.2452090592334495,1.0,4120.7803769577295,0.039552555555555556,0.2761324041811847,0.2643728222996516,0.7820150985316181,1,251,1
1.0,ISF_1562,0.25,1,1,0.4566637630662021,0.2452090592334495,1.0,342.5630700774491,0.006176,0.09995644599303136,0.09821428571428571,0.18108892457700476,0,1512,0
1.0,ISF_1563,0.25,0,1,0.2062282229965157,0.2452090592334495,0.0,342.5630700774491,0.006176,0.09995644599303136,0.09821428571428571,0.051421911398404525,0,2112,0
1.0,ISF_1564,0.25,0,0,0.2062282229965157,0.10322299651567944,0.0,23.256668776273727,0.0004058888888888889,0.031794425087108016,0.03048780487804878,0.09930901560430255,0,1803,0
1.0,ISF_1565,0.25,0,0,0.2062282229965157,0.10322299651567944,0.0,23.256668776273727,0.0004058888888888889,0.031794425087108016,0.03048780487804878,0.09930901560430255,0,1804,0
1.0,ISF_1566,0.25,0,0,0.2062282229965157,0.10322299651567944,0.0,1108.0656069591641,0.015960444444444444,0.14917247386759583,0.15047909407665505,0.05797977861097548,0,2050,0
1.0,ISF_1567,0.25,0,0,0.2062282229965157,0.10322299651567944,0.0,1108.0656069591641,0.015960444444444444,0.14917247386759583,0.15047909407665505,0.05797977861097548,0,2051,0
1.0,ISF_1568,0.25,0,0,0.2062282229965157,0.10322299651567944,0.0,4975.608698910102,0.04063933333333333,0.3055313588850174,0.2719947735191638,0.7274445389757861,1,365,1
1.0,ISF_1569,0.25,0,4,0.2062282229965157,0.37630662020905925,0.0,2722.081507574767,0.014678333333333333,0.2062282229965157,0.1413327526132404,0.20207057896383407,0,1444,0
1.0,ISF_1570,0.25,1,23,0.4566637630662021,0.6071428571428571,0.21810429198553155,10284.164253460243,0.03969166666666667,0.42835365853658536,0.2654616724738676,0.7956358132396307,1,227,1
1.0,ISF_1571,0.25,3,51,0.5792682926829268,0.7253919860627178,0.350850127163909,10284.164253460243,0.03969166666666667,0.42835365853658536,0.2654616724738676,0.4656096122447775,0,881,0
1.0,ISF_1572,0.25,4,53,0.6117160278745645,0.7321428571428571,0.40347063153093193,12423.991604942828,0.06435922222222222,0.46602787456445993,0.3693379790940767,0.30174820011506903,0,1243,0
1.0,ISF_1573,0.25,2,34,0.5313588850174216,0.6628919860627178,0.3090027388789262,12423.991604942828,0.06435922222222222,0.46602787456445993,0.3693379790940767,0.36147579334063795,0,1114,0
1.0,ISF_1574,0.25,1,10,0.4566637630662021,0.49869337979094075,0.2890648263178878,12902.500667020679,0.079688,0.48236062717770034,0.42835365853658536,0.8938082342609721,1,53,1
1.0,ISF_1575,0.25,3,15,0.5792682926829268,0.5546602787456446,0.5,12902.500667020679,0.079688,0.48236062717770034,0.42835365853658536,0.8168192277016441,1,196,1
1.0,ISF_1576,0.25,9,23,0.7025261324041812,0.6071428571428571,0.7245267751622539,24132.167843615636,0.12691033333333335,0.6343641114982579,0.586890243902439,0.3930936535225707,0,1029,0
1.0,ISF_1577,0.25,10,33,0.7158101045296167,0.6585365853658537,0.6799915255571827,24132.167843615636,0.12691033333333335,0.6343641114982579,0.586890243902439,0.06037042006294463,0,2025,0
1.0,ISF_1578,0.25,5,40,0.6380662020905923,0.6925087108013938,0.4824894837218527,41332.92692014389,0.19334822222222223,0.7486933797909407,0.7012195121951219,0.021530792012356945,0,2268,0
1.0,ISF_1579,0.25,1,44,0.4566637630662021,0.706663763066202,0.18208790046993825,41332.92692014389,0.19334822222222223,0.7486933797909407,0.7012195121951219,0.046938134575480274,0,2131,0
1.0,ISF_1580,0.25,1,49,0.4566637630662021,0.7195121951219512,0.17718382013555792,59468.47586712614,0.2758171111111111,0.8299216027874564,0.8177264808362369,0.1936504578142026,0,1470,0
1.0,ISF_1581,0.25,10,64,0.7158101045296167,0.7632839721254355,0.5744304775197151,59468.47586712614,0.2758171111111111,0.8299216027874564,0.8177264808362369,0.7624524688782967,1,278,1
1.0,ISF_1582,0.25,17,114,0.7813588850174216,0.8423344947735192,0.6091492311594328,69763.90057479031,0.33328344444444447,0.8699912891986062,0.8891550522648084,0.10684876997994243,0,1687,0
1.0,ISF_1583,0.25,45,110,0.9050522648083623,0.836890243902439,0.8129561193645654,82237.99179764092,0.36292955555555556,0.9370644599303136,0.9327090592334495,0.13733342065262572,0,1604,0
1.0,ISF_1584,0.25,35,109,0.8763066202090593,0.8347125435540069,0.7623729192733247,76661.1917032469,0.35324266666666665,0.9026567944250871,0.9174651567944251,0.7115472005379059,1,407,1
1.0,ISF_1585,0.25,10,102,0.7158101045296167,0.827308362369338,0.5173755097413612,66515.79375743121,0.30807866666666667,0.8597560975609756,0.8549651567944251,0.754933619925408,1,291,1
1.0,ISF_1586,0.25,13,57,0.7441202090592335,0.7447735191637631,0.6499432014587287,66515.79375743121,0.30807866666666667,0.8597560975609756,0.8549651567944251,0.17088215366488313,0,1528,0
1.0,ISF_1587,0.25,8,63,0.688588850174216,0.760670731707317,0.5283208335737188,57437.214401744306,0.28321644444444444,0.8194686411149826,0.8238240418118467,0.738302113768427,1,336,1
1.0,ISF_1588,0.25,16,68,0.7741724738675958,0.7728658536585366,0.6691407835348502,57437.214401744306,0.28321644444444444,0.8194686411149826,0.8238240418118467,0.18159432208678533,0,1508,0
1.0,ISF_1589,0.25,29,77,0.8538763066202091,0.789198606271777,0.7806804441063661,45160.98946173489,0.24509744444444445,0.7719947735191638,0.7767857142857143,0.48289401604436794,0,864,0
1.0,ISF_1590,0.25,26,79,0.8377613240418118,0.7931184668989547,0.7521261600569006,70068.53318471648,0.34837711111111114,0.8752177700348432,0.9083188153310104,0.37473001879525686,0,1074,0
1.0,ISF_1591,0.25,12,62,0.7354094076655052,0.7567508710801394,0.6190842265212751,50423.76720918156,0.2871867777777778,0.8011759581881533,0.8312282229965157,0.3485611936782627,0,1145,0
1.0,ISF_1592,0.25,3,31,0.5792682926829268,0.648301393728223,0.39999999999999997,50423.76720918156,0.2871867777777778,0.8011759581881533,0.8312282229965157,0.11894784540942291,0,1656,0
1.0,ISF_1593,0.25,3,20,0.5792682926829268,0.5881968641114983,0.455340497393906,38428.64577271044,0.2377418888888889,0.7369337979094077,0.7674216027874564,0.1907875155537026,0,1483,0
1.0,ISF_1594,0.25,5,44,0.6380662020905923,0.706663763066202,0.4706903945498366,38428.64577271044,0.2377418888888889,0.7369337979094077,0.7674216027874564,0.017670981025174406,0,2281,0
1.0,ISF_1595,0.25,29,55,0.8538763066202091,0.7378048780487805,0.8449441546909893,36207.03191145137,0.22680155555555556,0.7249564459930313,0.7523954703832753,0.10937951008305437,0,1677,0
1.0,ISF_1596,0.25,32,63,0.866506968641115,0.760670731707317,0.8407323532264089,36207.03191145137,0.22680155555555556,0.7249564459930313,0.7523954703832753,0.2637704216639199,0,1320,0
1.0,ISF_1597,0.25,24,59,0.8240418118466899,0.7506533101045296,0.7861760963081325,26806.92912123166,0.1697801111111111,0.6517857142857143,0.6687717770034843,0.45009508942920307,0,907,0
1.0,ISF_1598,0.25,13,40,0.7441202090592335,0.6925087108013938,0.7106519766445111,26806.92912123166,0.1697801111111111,0.6517857142857143,0.6687717770034843,0.050107101678021876,0,2121,0
1.0,ISF_1599,0.25,2,20,0.5313588850174216,0.5881968641114983,0.3608488067145302,13953.301380254328,0.09960188888888889,0.5178571428571429,0.4969512195121951,0.7440149191401977,1,322,1
0.9994583296923741,ISF_1600,0.24986458242309353,1,6,0.4566637630662021,0.429006968641115,0.3562071871080222,13953.301380254328,0.09960188888888889,0.5178571428571429,0.4969512195121951,0.5883137770042025,1,672,0
0.942378081286107,ISF_1601,0.23559452032152675,0,1,0.2062282229965157,0.2452090592334495,0.0,5463.662740828469,0.05081688888888889,0.3194686411149826,0.3316637630662021,0.7717231108526117,1,265,1
1.0,ISF_1602,0.25,0,0,0.2062282229965157,0.10322299651567944,0.0,5463.662740828469,0.05081688888888889,0.3194686411149826,0.3316637630662021,0.6590014013812193,1,515,0
1.0,ISF_1603,0.25,0,0,0.2062282229965157,0.10322299651567944,0.0,5868.25291663222,0.049672666666666664,0.322081881533101,0.3229529616724739,0.6590014013812193,1,516,0
1.0,ISF_1604,0.25,0,0,0.2062282229965157,0.10322299651567944,0.0,23.256668776273727,0.0004058888888888889,0.031794425087108016,0.03048780487804878,0.09930901560430255,0,1805,0
1.0,ISF_1605,0.25,0,0,0.2062282229965157,0.10322299651567944,0.0,1108.0656069591641,0.015960444444444444,0.14917247386759583,0.15047909407665505,0.05797977861097548,0,2052,0
1.0,ISF_1606,0.25,0,0,0.2062282229965157,0.10322299651567944,0.0,1108.0656069591641,0.015960444444444444,0.14917247386759583,0.15047909407665505,0.05797977861097548,0,2053,0
1.0,ISF_1607,0.25,0,0,0.2062282229965157,0.10322299651567944,0.0,4975.608698910102,0.04063933333333333,0.3055313588850174,0.2719947735191638,0.7274445389757861,1,366,1
1.0,ISF_1608,0.25,0,10,0.2062282229965157,0.49869337979094075,0.0,4975.608698910102,0.04063933333333333,0.3055313588850174,0.2719947735191638,0.9413001375781864,1,7,1
1.0,ISF_1609,0.25,6,33,0.6596254355400697,0.6585365853658537,0.5518182657364911,12710.789071427658,0.06720011111111111,0.4762630662020906,0.3756533101045296,0.12544733590975232,0,1632,0
1.0,ISF_1610,0.25,30,62,0.8577961672473867,0.7567508710801394,0.8288379285884292,12710.789071427658,0.06720011111111111,0.4762630662020906,0.3756533101045296,0.8234184214970319,1,187,1
1.0,ISF_1611,0.25,38,61,0.883493031358885,0.7526132404181185,0.8876768489547547,12423.991604942828,0.06435922222222222,0.46602787456445993,0.3693379790940767,0.347537164019079,0,1147,0
1.0,ISF_1612,0.25,23,50,0.8181620209059234,0.7223432055749129,0.8082896158713685,12423.991604942828,0.06435922222222222,0.46602787456445993,0.3693379790940767,0.4354811520394216,0,938,0
1.0,ISF_1613,0.25,1,30,0.4566637630662021,0.6428571428571429,0.20184908658209985,12902.500667020679,0.079688,0.48236062717770034,0.42835365853658536,0.6485467621912007,1,536,0
1.0,ISF_1614,0.25,0,18,0.2062282229965157,0.5760017421602788,0.0,12902.500667020679,0.079688,0.48236062717770034,0.42835365853658536,0.7955031158607128,1,228,1
1.0,ISF_1615,0.25,6,17,0.6596254355400697,0.5701219512195121,0.6732387083908185,12409.93875107728,0.09944288888888889,0.46276132404181186,0.49455574912891986,0.16576199142846315,0,1547,0
1.0,ISF_1616,0.25,5,17,0.6380662020905923,0.5701219512195121,0.6199062332840658,12409.93875107728,0.09944288888888889,0.46276132404181186,0.49455574912891986,0.22279709308368026,0,1406,0
1.0,ISF_1617,0.25,5,13,0.6380662020905923,0.5376742160278746,0.6789391989029928,23092.87955570966,0.14775611111111112,0.6234756097560976,0.616506968641115,0.24410018685177431,0,1360,0
1.0,ISF_1618,0.25,0,8,0.2062282229965157,0.4649390243902439,0.0,41332.92692014389,0.19334822222222223,0.7486933797909407,0.7012195121951219,0.23114457849771894,0,1379,0
1.0,ISF_1619,0.25,1,13,0.4566637630662021,0.5376742160278746,0.26264953503719357,59468.47586712614,0.2758171111111111,0.8299216027874564,0.8177264808362369,0.5557429801336943,1,713,0
1.0,ISF_1620,0.25,8,35,0.688588850174216,0.6672473867595818,0.6131471927654585,59468.47586712614,0.2758171111111111,0.8299216027874564,0.8177264808362369,0.12616435636833634,0,1631,0
1.0,ISF_1621,0.25,15,68,0.7652439024390244,0.7728658536585366,0.6548226217808625,69763.90057479031,0.33328344444444447,0.8699912891986062,0.8891550522648084,0.13654661143274285,0,1605,0
1.0,ISF_1622,0.25,11,99,0.7264808362369338,0.8238240418118467,0.5395906230238123,69763.90057479031,0.33328344444444447,0.8699912891986062,0.8891550522648084,0.6337675351908025,1,571,0
1.0,ISF_1623,0.25,15,79,0.7652439024390244,0.7931184668989547,0.6327183637591292,59880.254079155624,0.2965877777777778,0.8329703832752613,0.8412456445993032,0.1475902659170217,0,1583,0
1.0,ISF_1624,0.25,9,58,0.7025261324041812,0.7482578397212544,0.5646999260388119,44340.24308352359,0.22640444444444444,0.7628484320557491,0.7506533101045296,0.38286585476986995,0,1053,0
1.0,ISF_1625,0.25,10,51,0.7158101045296167,0.7253919860627178,0.6068710116568717,66515.79375743121,0.30807866666666667,0.8597560975609756,0.8549651567944251,0.1917852034385328,0,1481,0
1.0,ISF_1626,0.25,10,55,0.7158101045296167,0.7378048780487805,0.5956983282522684,57437.214401744306,0.28321644444444444,0.8194686411149826,0.8238240418118467,0.46025378581895815,0,891,0
1.0,ISF_1627,0.25,14,75,0.7545731707317073,0.7857142857142857,0.6253098466975029,57437.214401744306,0.28321644444444444,0.8194686411149826,0.8238240418118467,0.18159432208678533,0,1509,0
1.0,ISF_1628,0.25,18,84,0.788109756097561,0.8005226480836237,0.6627661747846801,45160.98946173489,0.24509744444444445,0.7719947735191638,0.7767857142857143,0.06466954839103727,0,1983,0
1.0,ISF_1629,0.25,29,90,0.8538763066202091,0.8116289198606271,0.7540020647392004,45160.98946173489,0.24509744444444445,0.7719947735191638,0.7767857142857143,0.37565622048803843,0,1073,0
1.0,ISF_1630,0.25,22,74,0.8125,0.7841898954703833,0.7262311171393061,32798.564341256395,0.200242,0.7014372822299652,0.7175522648083623,0.3746153482766721,0,1076,0
1.0,ISF_1631,0.25,1,48,0.4566637630662021,0.7162456445993032,0.1781035935540111,32798.564341256395,0.200242,0.7014372822299652,0.7175522648083623,0.040803547045669304,0,2150,0
1.0,ISF_1632,0.25,3,13,0.5792682926829268,0.5376742160278746,0.5252990700743871,38428.64577271044,0.2377418888888889,0.7369337979094077,0.7674216027874564,0.13098445866902195,0,1622,0
1.0,ISF_1633,0.25,3,20,0.5792682926829268,0.5881968641114983,0.455340497393906,38428.64577271044,0.2377418888888889,0.7369337979094077,0.7674216027874564,0.1907875155537026,0,1484,0
1.0,ISF_1634,0.25,5,47,0.6380662020905923,0.7131968641114983,0.46284330474687585,36207.03191145137,0.22680155555555556,0.7249564459930313,0.7523954703832753,0.017670981025174406,0,2282,0
1.0,ISF_1635,0.25,6,56,0.6596254355400697,0.7412891986062717,0.4812974212166097,36207.03191145137,0.22680155555555556,0.7249564459930313,0.7523954703832753,0.1140261691869638,0,1671,0
1.0,ISF_1636,0.25,16,49,0.7741724738675958,0.7195121951219512,0.7242322808748767,25811.32123083435,0.1666761111111111,0.648301393728223,0.6591898954703833,0.05434000702209584,0,2090,0
1.0,ISF_1637,0.25,14,33,0.7545731707317073,0.6585365853658537,0.7679447924278748,25811.32123083435,0.1666761111111111,0.648301393728223,0.6591898954703833,0.026708786569490123,0,2251,0
1.0,ISF_1638,0.25,3,23,0.5792682926829268,0.6071428571428571,0.4362085839710631,13678.500051295385,0.09801888888888889,0.5082752613240418,0.4912891986062718,0.22697390323901503,0,1394,0
0.9443077304558273,ISF_1639,0.23607693261395682,3,4,0.5792682926829268,0.37630662020905925,0.8613531161467861,13953.301380254328,0.09960188888888889,0.5178571428571429,0.4969512195121951,0.3397587361957769,0,1162,0
0.4513616552465105,ISF_1640,0.11284041381162763,0,0,0.2062282229965157,0.10322299651567944,0.0,5463.662740828469,0.05081688888888889,0.3194686411149826,0.3316637630662021,0.6590014013812193,1,517,0
1.0,ISF_1641,0.25,0,0,0.2062282229965157,0.10322299651567944,0.0,5463.662740828469,0.05081688888888889,0.3194686411149826,0.3316637630662021,0.6590014013812193,1,518,0
1.0,ISF_1642,0.25,0,1,0.2062282229965157,0.2452090592334495,0.0,5868.25291663222,0.049672666666666664,0.322081881533101,0.3229529616724739,0.7717231108526117,1,266,1
1.0,ISF_1643,0.25,0,1,0.2062282229965157,0.2452090592334495,0.0,5868.25291663222,0.049672666666666664,0.322081881533101,0.3229529616724739,0.7717231108526117,1,267,1
1.0,ISF_1644,0.25,0,1,0.2062282229965157,0.2452090592334495,0.0,4830.799819605425,0.050007333333333334,0.29507839721254353,0.3281794425087108,0.77723122961917,1,259,1
1.0,ISF_1645,0.25,0,1,0.2062282229965157,0.2452090592334495,0.0,4830.799819605425,0.050007333333333334,0.29507839721254353,0.3281794425087108,0.77723122961917,1,260,1
1.0,ISF_1646,0.25,0,4,0.2062282229965157,0.37630662020905925,0.0,8992.137478588149,0.07409088888888889,0.39002613240418116,0.4030923344947735,0.737359544385663,1,339,1
1.0,ISF_1647,0.25,1,13,0.4566637630662021,0.5376742160278746,0.26264953503719357,4975.608698910102,0.04063933333333333,0.3055313588850174,0.2719947735191638,0.9605364298554169,1,1,1
1.0,ISF_1648,0.25,7,36,0.6757404181184669,0.6724738675958188,0.5758761600196804,12710.789071427658,0.06720011111111111,0.4762630662020906,0.3756533101045296,0.39282771966287156,0,1031,0
1.0,ISF_1649,0.25,24,62,0.8240418118466899,0.7567508710801394,0.7769179709180454,12710.789071427658,0.06720011111111111,0.4762630662020906,0.3756533101045296,0.8965012735452651,1,49,1
1.0,ISF_1650,0.25,34,62,0.8723867595818815,0.7567508710801394,0.8581299659028823,14227.260319601744,0.07937077777777778,0.5280923344947736,0.4266114982578397,0.8617754679389309,1,106,1
1.0,ISF_1651,0.25,14,44,0.7545731707317073,0.706663763066202,0.7113975059201018,14227.260319601744,0.07937077777777778,0.5280923344947736,0.4266114982578397,0.2696234726763879,0,1297,0
1.0,ISF_1652,0.25,3,25,0.5792682926829268,0.6232578397212544,0.4254921071067263,12506.582403026521,0.07890344444444444,0.4679878048780488,0.4213850174216028,0.5899297372014978,1,666,0
1.0,ISF_1653,0.25,2,11,0.5313588850174216,0.5145905923344948,0.4421141086977403,12506.582403026521,0.07890344444444444,0.4679878048780488,0.4213850174216028,0.8369281018721653,1,148,1
1.0,ISF_1654,0.25,3,13,0.5792682926829268,0.5376742160278746,0.5252990700743871,12409.93875107728,0.09944288888888889,0.46276132404181186,0.49455574912891986,0.530192406244098,1,756,0
1.0,ISF_1655,0.25,2,13,0.5313588850174216,0.5376742160278746,0.4162896638657993,12409.93875107728,0.09944288888888889,0.46276132404181186,0.49455574912891986,0.6554662489467387,1,524,0
1.0,ISF_1656,0.25,2,6,0.5313588850174216,0.429006968641115,0.5645750340535797,23092.87955570966,0.14775611111111112,0.6234756097560976,0.616506968641115,0.4011649311752633,0,1009,0
1.0,ISF_1657,0.25,0,4,0.2062282229965157,0.37630662020905925,0.0,23092.87955570966,0.14775611111111112,0.6234756097560976,0.616506968641115,0.6833338103712278,1,460,1
1.0,ISF_1658,0.25,0,12,0.2062282229965157,0.525479094076655,0.0,44924.08549653366,0.24280155555555555,0.768074912891986,0.7750435540069687,0.40946285271656524,0,984,0
1.0,ISF_1659,0.25,4,37,0.6117160278745645,0.6772648083623694,0.44244667803419396,44924.08549653366,0.24280155555555555,0.768074912891986,0.7750435540069687,0.02854390756637909,0,2246,0
1.0,ISF_1660,0.25,14,64,0.7545731707317073,0.7632839721254355,0.6487299874239779,62893.96156018041,0.32560144444444444,0.8490853658536586,0.8787020905923345,0.17088215366488313,0,1529,0
1.0,ISF_1661,0.25,19,76,0.7959494773519163,0.7872386759581882,0.6896561845248552,69763.90057479031,0.33328344444444447,0.8699912891986062,0.8891550522648084,0.30505016328985124,0,1237,0
1.0,ISF_1662,0.25,23,52,0.8181620209059234,0.7282229965156795,0.8004584800175611,59880.254079155624,0.2965877777777778,0.8329703832752613,0.8412456445993032,0.18509045655668588,0,1502,0
1.0,ISF_1663,0.25,4,58,0.6117160278745645,0.7482578397212544,0.39470830975189775,44340.24308352359,0.22640444444444444,0.7628484320557491,0.7506533101045296,0.2280020995190838,0,1386,0
1.0,ISF_1664,0.25,21,36,0.8077090592334495,0.6724738675958188,0.8560267854703983,44340.24308352359,0.22640444444444444,0.7628484320557491,0.7506533101045296,0.04122513163657618,0,2148,0
1.0,ISF_1665,0.25,22,43,0.8125,0.7025261324041812,0.8285774549523743,29579.107819778845,0.161213,0.6735627177700348,0.6509146341463414,0.012851945178156715,0,2289,0
1.0,ISF_1666,0.25,9,57,0.7025261324041812,0.7447735191637631,0.5670773083167061,29579.107819778845,0.161213,0.6735627177700348,0.6509146341463414,0.34719034566896745,0,1148,0
1.0,ISF_1667,0.25,19,67,0.7959494773519163,0.7689459930313589,0.7099719879357252,25488.367446871474,0.14715033333333333,0.6443815331010453,0.6147648083623694,0.4917618756289369,0,845,0
1.0,ISF_1668,0.25,33,77,0.8693379790940766,0.789198606271777,0.8094092731222612,45160.98946173489,0.24509744444444445,0.7719947735191638,0.7767857142857143,0.6658620959261866,1,496,0
1.0,ISF_1669,0.25,36,61,0.8793554006968641,0.7526132404181185,0.8749213317910346,32798.564341256395,0.200242,0.7014372822299652,0.7175522648083623,0.04263198628156088,0,2142,0
1.0,ISF_1670,0.25,9,43,0.7025261324041812,0.7025261324041812,0.6084750807294722,32798.564341256395,0.200242,0.7014372822299652,0.7175522648083623,0.02825026247018823,0,2249,0
1.0,ISF_1671,0.25,3,20,0.5792682926829268,0.5881968641114983,0.455340497393906,23449.54122529365,0.16745177777777778,0.6291376306620209,0.6609320557491289,0.46608755498680937,0,880,0
1.0,ISF_1672,0.25,3,10,0.5792682926829268,0.49869337979094075,0.5781296526357756,23449.54122529365,0.16745177777777778,0.6291376306620209,0.6609320557491289,0.27901251352826084,0,1289,0
1.0,ISF_1673,0.25,1,10,0.4566637630662021,0.49869337979094075,0.2890648263178878,23376.821167068556,0.15997377777777777,0.6252177700348432,0.6456881533101045,0.7345890403827874,1,344,1
1.0,ISF_1674,0.25,1,23,0.4566637630662021,0.6071428571428571,0.21810429198553155,23376.821167068556,0.15997377777777777,0.6252177700348432,0.6456881533101045,0.4637320769104058,0,885,0
1.0,ISF_1675,0.25,6,20,0.6596254355400697,0.5881968641114983,0.6391511932854698,25811.32123083435,0.1666761111111111,0.648301393728223,0.6591898954703833,0.07911730497031194,0,1943,0
1.0,ISF_1676,0.25,6,20,0.6596254355400697,0.5881968641114983,0.6391511932854698,25811.32123083435,0.1666761111111111,0.648301393728223,0.6591898954703833,0.07911730497031194,0,1944,0
0.608642185278896,ISF_1677,0.152160546319724,2,15,0.5313588850174216,0.5546602787456446,0.3962406251802891,13678.500051295385,0.09801888888888889,0.5082752613240418,0.4912891986062718,0.7397756261881211,1,334,1
0.20251740860245845,ISF_1678,0.050629352150614614,2,4,0.5313588850174216,0.37630662020905925,0.6826061944859854,13678.500051295385,0.09801888888888889,0.5082752613240418,0.4912891986062718,0.19305708753663314,0,1472,0
0.2803482928770946,ISF_1679,0.07008707321927365,0,1,0.2062282229965157,0.2452090592334495,0.0,8366.185136118904,0.07602888888888888,0.37761324041811845,0.40897212543554007,0.6817448094001642,1,462,0
0.6479302471017139,ISF_1680,0.16198256177542847,1,1,0.4566637630662021,0.2452090592334495,1.0,11767.08289488405,0.0973171111111111,0.4527439024390244,0.48671602787456447,0.7914333188692853,1,235,1
0.9958995044568655,ISF_1681,0.24897487611421637,1,1,0.4566637630662021,0.2452090592334495,1.0,5868.25291663222,0.049672666666666664,0.322081881533101,0.3229529616724739,0.7820150985316181,1,252,1
1.0,ISF_1682,0.25,0,1,0.2062282229965157,0.2452090592334495,0.0,4830.799819605425,0.050007333333333334,0.29507839721254353,0.3281794425087108,0.77723122961917,1,261,1
1.0,ISF_1683,0.25,0,2,0.2062282229965157,0.3079268292682927,0.0,4830.799819605425,0.050007333333333334,0.29507839721254353,0.3281794425087108,0.7877134623900208,1,246,1
1.0,ISF_1684,0.25,2,7,0.5313588850174216,0.4479529616724739,0.5283208335737188,8992.137478588149,0.07409088888888889,0.39002613240418116,0.4030923344947735,0.8490136802294638,1,134,1
1.0,ISF_1685,0.25,6,11,0.6596254355400697,0.5145905923344948,0.783091851446946,8992.137478588149,0.07409088888888889,0.39002613240418116,0.4030923344947735,0.59826712638816,1,649,0
1.0,ISF_1686,0.25,4,28,0.6117160278745645,0.6374128919860628,0.4779615435334546,14304.299699703231,0.10009877777777777,0.5298344947735192,0.5058797909407665,0.1633100796264093,0,1559,0
1.0,ISF_1687,0.25,1,42,0.4566637630662021,0.6990418118466899,0.18428883314870617,14304.299699703231,0.10009877777777777,0.5298344947735192,0.5058797909407665,0.1825441481502328,0,1506,0
1.0,ISF_1688,0.25,4,51,0.6117160278745645,0.7253919860627178,0.407324383678342,14227.260319601744,0.07937077777777778,0.5280923344947736,0.4266114982578397,0.37204262907022906,0,1082,0
1.0,ISF_1689,0.25,1,31,0.4566637630662021,0.648301393728223,0.19999999999999998,14227.260319601744,0.07937077777777778,0.5280923344947736,0.4266114982578397,0.6485467621912007,1,537,0
1.0,ISF_1690,0.25,2,13,0.5313588850174216,0.5376742160278746,0.4162896638657993,12506.582403026521,0.07890344444444444,0.4679878048780488,0.4213850174216028,0.8766567063855215,1,84,1
1.0,ISF_1691,0.25,3,10,0.5792682926829268,0.49869337979094075,0.5781296526357756,12506.582403026521,0.07890344444444444,0.4679878048780488,0.4213850174216028,0.7553042332101205,1,290,1
1.0,ISF_1692,0.25,4,6,0.6117160278745645,0.429006968641115,0.8270874753469162,9473.988541454077,0.08805388888888889,0.4009146341463415,0.45448606271777003,0.41249296976789723,0,979,0
1.0,ISF_1693,0.25,0,6,0.2062282229965157,0.429006968641115,0.0,9473.988541454077,0.08805388888888889,0.4009146341463415,0.45448606271777003,0.4496536933931517,0,909,0
1.0,ISF_1694,0.25,1,2,0.4566637630662021,0.3079268292682927,0.6309297535714574,14776.911213373765,0.10949811111111112,0.5394163763066202,0.5337543554006968,0.19170126884303085,0,1482,0
1.0,ISF_1695,0.25,0,3,0.2062282229965157,0.3477787456445993,0.0,23092.87955570966,0.14775611111111112,0.6234756097560976,0.616506968641115,0.6735257333926395,1,472,0
1.0,ISF_1696,0.25,0,17,0.2062282229965157,0.5701219512195121,0.0,44924.08549653366,0.24280155555555555,0.768074912891986,0.7750435540069687,0.4239770269667493,0,953,0
1.0,ISF_1697,0.25,10,38,0.7158101045296167,0.6818379790940766,0.6545257059702043,44924.08549653366,0.24280155555555555,0.768074912891986,0.7750435540069687,0.06437168811400808,0,1987,0
1.0,ISF_1698,0.25,20,71,0.802918118466899,0.7796167247386759,0.7118915419153378,62893.96156018041,0.32560144444444444,0.8490853658536586,0.8787020905923345,0.7204089053955999,1,383,1
1.0,ISF_1699,0.25,26,80,0.8377613240418118,0.7957317073170732,0.75,62893.96156018041,0.32560144444444444,0.8490853658536586,0.8787020905923345,0.6344020437469794,1,569,0
1.0,ISF_1700,0.25,24,55,0.8240418118466899,0.7378048780487805,0.7996508310756663,53847.570418672636,0.28297266666666665,0.8107578397212544,0.8225174216027874,0.3610701068697043,0,1115,0
1.0,ISF_1701,0.25,5,61,0.6380662020905923,0.7526132404181185,0.4341412956458598,30765.70955108665,0.17790833333333333,0.6827090592334495,0.6822735191637631,0.11597098121376558,0,1662,0
1.0,ISF_1702,0.25,8,35,0.688588850174216,0.6672473867595818,0.6131471927654585,44340.24308352359,0.22640444444444444,0.7628484320557491,0.7506533101045296,0.025059510540590448,0,2256,0
1.0,ISF_1703,0.25,19,33,0.7959494773519163,0.6585365853658537,0.8495252407239533,29579.107819778845,0.161213,0.6735627177700348,0.6509146341463414,0.0288187337090714,0,2244,0
1.0,ISF_1704,0.25,2,39,0.5313588850174216,0.6877177700348432,0.2978173459810155,29579.107819778845,0.161213,0.6735627177700348,0.6509146341463414,0.03812583835810828,0,2175,0
1.0,ISF_1705,0.25,12,36,0.7354094076655052,0.6724738675958188,0.7103316717558003,25488.367446871474,0.14715033333333333,0.6443815331010453,0.6147648083623694,0.2027036523455412,0,1443,0
1.0,ISF_1706,0.25,7,53,0.6757404181184669,0.7321428571428571,0.5212960286143199,25488.367446871474,0.14715033333333333,0.6443815331010453,0.6147648083623694,0.15655081362033763,0,1572,0
1.0,ISF_1707,0.25,15,51,0.7652439024390244,0.7253919860627178,0.701700254327818,19058.32479703985,0.12650533333333333,0.5973432055749129,0.5851480836236934,0.2564926608377892,0,1344,0
1.0,ISF_1708,0.25,11,34,0.7264808362369338,0.6628919860627178,0.6989207826664988,19058.32479703985,0.12650533333333333,0.5973432055749129,0.5851480836236934,0.5898556410067198,1,667,0
1.0,ISF_1709,0.25,3,17,0.5792682926829268,0.5701219512195121,0.4796249331362629,23449.54122529365,0.16745177777777778,0.6291376306620209,0.6609320557491289,0.41695567139820494,0,964,0
1.0,ISF_1710,0.25,4,10,0.6117160278745645,0.49869337979094075,0.6711877414712396,23449.54122529365,0.16745177777777778,0.6291376306620209,0.6609320557491289,0.1161631364104587,0,1661,0
1.0,ISF_1711,0.25,0,14,0.2062282229965157,0.5485627177700348,0.0,23376.821167068556,0.15997377777777777,0.6252177700348432,0.6456881533101045,0.7291307852689123,1,356,1
1.0,ISF_1712,0.25,1,10,0.4566637630662021,0.49869337979094075,0.2890648263178878,23376.821167068556,0.15997377777777777,0.6252177700348432,0.6456881533101045,0.7345890403827874,1,345,1
1.0,ISF_1713,0.25,1,13,0.4566637630662021,0.5376742160278746,0.26264953503719357,18456.028693640605,0.12512422222222222,0.5884146341463414,0.580574912891986,0.7741904228425874,1,264,1
0.682936522834522,ISF_1714,0.1707341307086305,0,9,0.2062282229965157,0.4817073170731707,0.0,18456.028693640605,0.12512422222222222,0.5884146341463414,0.580574912891986,0.643362576559628,1,547,0
0.4319000997376975,ISF_1715,0.10797502493442437,1,1,0.4566637630662021,0.2452090592334495,1.0,11767.08289488405,0.0973171111111111,0.4527439024390244,0.48671602787456447,0.7914333188692853,1,236,1
0.753909185634454,ISF_1716,0.1884772964086135,0,1,0.2062282229965157,0.2452090592334495,0.0,9707.619202924892,0.0909588888888889,0.40744773519163763,0.4649390243902439,0.41258640193634866,0,978,0
0.8015077107717858,ISF_1717,0.20037692769294646,0,2,0.2062282229965157,0.3079268292682927,0.0,9707.619202924892,0.0909588888888889,0.40744773519163763,0.4649390243902439,0.40036874997379984,0,1012,0
0.996829902126143,ISF_1718,0.24920747553153574,2,6,0.5313588850174216,0.429006968641115,0.5645750340535797,9764.98582537286,0.088446,0.4094076655052265,0.45818815331010454,0.5530962106426327,1,716,0
1.0,ISF_1719,0.25,5,12,0.6380662020905923,0.525479094076655,0.6985554954587144,8992.137478588149,0.07409088888888889,0.39002613240418116,0.4030923344947735,0.8272803108303063,1,171,1
1.0,ISF_1720,0.25,5,13,0.6380662020905923,0.5376742160278746,0.6789391989029928,14304.299699703231,0.10009877777777777,0.5298344947735192,0.5058797909407665,0.1709716648834162,0,1525,0
1.0,ISF_1721,0.25,0,11,0.2062282229965157,0.5145905923344948,0.0,14304.299699703231,0.10009877777777777,0.5298344947735192,0.5058797909407665,0.48976569849726803,0,850,0
1.0,ISF_1722,0.25,0,6,0.2062282229965157,0.429006968641115,0.0,19427.265088604763,0.12227022222222222,0.6012630662020906,0.5694686411149826,0.6962399846178977,1,445,1
1.0,ISF_1723,0.25,0,11,0.2062282229965157,0.5145905923344948,0.0,19427.265088604763,0.12227022222222222,0.6012630662020906,0.5694686411149826,0.8122824568176806,1,203,1
1.0,ISF_1724,0.25,3,13,0.5792682926829268,0.5376742160278746,0.5252990700743871,17672.398337390274,0.11923944444444444,0.578397212543554,0.5648954703832753,0.6087031524358523,1,623,0
1.0,ISF_1725,0.25,4,11,0.6117160278745645,0.5145905923344948,0.647685462377997,17672.398337390274,0.11923944444444444,0.578397212543554,0.5648954703832753,0.2797676341511509,0,1288,0
1.0,ISF_1726,0.25,0,8,0.2062282229965157,0.4649390243902439,0.0,9473.988541454077,0.08805388888888889,0.4009146341463415,0.45448606271777003,0.4496536933931517,0,910,0
1.0,ISF_1727,0.25,0,3,0.2062282229965157,0.3477787456445993,0.0,9473.988541454077,0.08805388888888889,0.4009146341463415,0.45448606271777003,0.41330643814933254,0,975,0
1.0,ISF_1728,0.25,0,1,0.2062282229965157,0.2452090592334495,0.0,14776.911213373765,0.10949811111111112,0.5394163763066202,0.5337543554006968,0.5335266794490505,1,748,0
1.0,ISF_1729,0.25,0,1,0.2062282229965157,0.2452090592334495,0.0,14776.911213373765,0.10949811111111112,0.5394163763066202,0.5337543554006968,0.5335266794490505,1,749,0
1.0,ISF_1730,0.25,1,16,0.4566637630662021,0.5620644599303136,0.244650542118226,33394.74136316776,0.19616777777777777,0.7049216027874564,0.706663763066202,0.27739473095085726,0,1291,0
1.0,ISF_1731,0.25,12,43,0.7354094076655052,0.7025261324041812,0.6778067712229614,33394.74136316776,0.19616777777777777,0.7049216027874564,0.706663763066202,0.03850111594592867,0,2172,0
1.0,ISF_1732,0.25,25,77,0.8310104529616724,0.789198606271777,0.7478343556177288,45931.10662563518,0.25767355555555554,0.7791811846689896,0.789198606271777,0.40214774865880987,0,1006,0
1.0,ISF_1733,0.25,27,115,0.8432055749128919,0.8438588850174216,0.7009869122520334,62893.96156018041,0.32560144444444444,0.8490853658536586,0.8787020905923345,0.8088343233848906,1,211,1
1.0,ISF_1734,0.25,17,91,0.7813588850174216,0.813588850174216,0.6392098411161113,53847.570418672636,0.28297266666666665,0.8107578397212544,0.8225174216027874,0.1344332957493067,0,1610,0
1.0,ISF_1735,0.25,1,39,0.4566637630662021,0.6877177700348432,0.18790182470910757,30765.70955108665,0.17790833333333333,0.6827090592334495,0.6822735191637631,0.03759622792725071,0,2179,0
1.0,ISF_1736,0.25,4,25,0.6117160278745645,0.6232578397212544,0.49398103882196526,30765.70955108665,0.17790833333333333,0.6827090592334495,0.6822735191637631,0.04327172186045206,0,2140,0
1.0,ISF_1737,0.25,3,23,0.5792682926829268,0.6071428571428571,0.4362085839710631,9873.699355307966,0.07356344444444445,0.4135452961672474,0.39743031358885017,0.6287766285252612,1,586,0
1.0,ISF_1738,0.25,0,16,0.2062282229965157,0.5620644599303136,0.0,9873.699355307966,0.07356344444444445,0.4135452961672474,0.39743031358885017,0.8400201507092857,1,140,1
1.0,ISF_1739,0.25,1,14,0.4566637630662021,0.5485627177700348,0.2559580248098155,8649.098420569673,0.06876366666666667,0.3832752613240418,0.384581881533101,0.9284722354856705,1,17,1
1.0,ISF_1740,0.25,1,22,0.4566637630662021,0.5997386759581882,0.22106472945750374,25488.367446871474,0.14715033333333333,0.6443815331010453,0.6147648083623694,0.1504655049668249,0,1576,0
1.0,ISF_1741,0.25,1,16,0.4566637630662021,0.5620644599303136,0.244650542118226,19058.32479703985,0.12650533333333333,0.5973432055749129,0.5851480836236934,0.8580898458754125,1,117,1
1.0,ISF_1742,0.25,2,13,0.5313588850174216,0.5376742160278746,0.4162896638657993,19058.32479703985,0.12650533333333333,0.5973432055749129,0.5851480836236934,0.8279510496977323,1,168,1
1.0,ISF_1743,0.25,1,8,0.4566637630662021,0.4649390243902439,0.3154648767857287,13077.575945744291,0.10902422222222222,0.4875871080139373,0.5289634146341463,0.633254366125917,1,573,0
1.0,ISF_1744,0.25,2,13,0.5313588850174216,0.5376742160278746,0.4162896638657993,13077.575945744291,0.10902422222222222,0.4875871080139373,0.5289634146341463,0.7002768800799739,1,432,1
1.0,ISF_1745,0.25,8,11,0.688588850174216,0.5145905923344948,0.8842282173954806,10246.712203936651,0.08966733333333333,0.4229094076655052,0.4616724738675958,0.6076785634061967,1,627,0
1.0,ISF_1746,0.25,7,9,0.6757404181184669,0.4817073170731707,0.9030899869919434,10246.712203936651,0.08966733333333333,0.4229094076655052,0.4616724738675958,0.6330764439454151,1,575,0
0.8370145105105439,ISF_1747,0.20925362762763597,0,8,0.2062282229965157,0.4649390243902439,0.0,18456.028693640605,0.12512422222222222,0.5884146341463414,0.580574912891986,0.643362576559628,1,548,0
0.2922574984480513,ISF_1748,0.07306437461201283,0,8,0.2062282229965157,0.4649390243902439,0.0,9764.98582537286,0.088446,0.4094076655052265,0.45818815331010454,0.4496536933931517,0,911,0
0.9117564031888984,ISF_1749,0.2279391007972246,1,10,0.4566637630662021,0.49869337979094075,0.2890648263178878,9764.98582537286,0.088446,0.4094076655052265,0.45818815331010454,0.7913449813157791,1,237,1
1.0,ISF_1750,0.25,4,7,0.6117160278745645,0.4479529616724739,0.7739760316291208,13002.496375314891,0.10009277777777778,0.48584494773519166,0.5041376306620209,0.19358052082355034,0,1471,0
1.0,ISF_1751,0.25,2,6,0.5313588850174216,0.429006968641115,0.5645750340535797,13002.496375314891,0.10009277777777778,0.48584494773519166,0.5041376306620209,0.3225349159921751,0,1196,0
1.0,ISF_1752,0.25,0,10,0.2062282229965157,0.49869337979094075,0.0,19427.265088604763,0.12227022222222222,0.6012630662020906,0.5694686411149826,0.8122824568176806,1,204,1
1.0,ISF_1753,0.25,2,14,0.5313588850174216,0.5485627177700348,0.40568387108221293,19427.265088604763,0.12227022222222222,0.6012630662020906,0.5694686411149826,0.8379072806083513,1,145,1
1.0,ISF_1754,0.25,8,15,0.688588850174216,0.5546602787456446,0.7924812503605781,17672.398337390274,0.11923944444444444,0.578397212543554,0.5648954703832753,0.49367969778768067,0,844,0
1.0,ISF_1755,0.25,4,14,0.6117160278745645,0.5485627177700348,0.5943161289177871,17672.398337390274,0.11923944444444444,0.578397212543554,0.5648954703832753,0.5198161475202424,1,786,0
1.0,ISF_1756,0.25,0,8,0.2062282229965157,0.4649390243902439,0.0,16778.664706584066,0.12483688888888889,0.5690331010452961,0.577308362369338,0.5555737476203059,1,714,0
1.0,ISF_1757,0.25,0,5,0.2062282229965157,0.40331010452961674,0.0,16778.664706584066,0.12483688888888889,0.5690331010452961,0.577308362369338,0.5425562489156073,1,724,0
1.0,ISF_1758,0.25,0,0,0.2062282229965157,0.10322299651567944,0.0,18683.91710710153,0.136093,0.5916811846689896,0.6043118466898955,0.7199138422685607,1,384,1
1.0,ISF_1759,0.25,0,1,0.2062282229965157,0.2452090592334495,0.0,14776.911213373765,0.10949811111111112,0.5394163763066202,0.5337543554006968,0.5335266794490505,1,750,0
1.0,ISF_1760,0.25,1,12,0.4566637630662021,0.525479094076655,0.27023815442731974,33394.74136316776,0.19616777777777777,0.7049216027874564,0.706663763066202,0.23142181419922758,0,1378,0
1.0,ISF_1761,0.25,8,32,0.688588850174216,0.6539634146341463,0.628405498546863,33394.74136316776,0.19616777777777777,0.7049216027874564,0.706663763066202,0.021154338995511043,0,2270,0
1.0,ISF_1762,0.25,20,96,0.802918118466899,0.8194686411149826,0.6655114283786817,45931.10662563518,0.25767355555555554,0.7791811846689896,0.789198606271777,0.14950525741327597,0,1580,0
1.0,ISF_1763,0.25,45,109,0.9050522648083623,0.8347125435540069,0.8145213038973422,45931.10662563518,0.25767355555555554,0.7791811846689896,0.789198606271777,0.09204958316129049,0,1868,0
1.0,ISF_1764,0.25,32,92,0.866506968641115,0.8148954703832753,0.7714133063704722,39543.78735394962,0.22760944444444445,0.7419425087108014,0.7537020905923345,0.5622711261776686,1,699,0
1.0,ISF_1765,0.25,5,56,0.6380662020905923,0.7412891986062717,0.44317010854718086,20486.7301886864,0.13378777777777778,0.6099738675958188,0.5973432055749129,0.6203788971554157,1,610,0
1.0,ISF_1766,0.25,2,15,0.5313588850174216,0.5546602787456446,0.3962406251802891,30765.70955108665,0.17790833333333333,0.6827090592334495,0.6822735191637631,0.2651008201185039,0,1319,0
1.0,ISF_1767,0.25,2,6,0.5313588850174216,0.429006968641115,0.5645750340535797,9873.699355307966,0.07356344444444445,0.4135452961672474,0.39743031358885017,0.8244807398638418,1,180,1
1.0,ISF_1768,0.25,1,5,0.4566637630662021,0.40331010452961674,0.3868528072345416,9873.699355307966,0.07356344444444445,0.4135452961672474,0.39743031358885017,0.9296491141994798,1,16,1
1.0,ISF_1769,0.25,0,2,0.2062282229965157,0.3079268292682927,0.0,8649.098420569673,0.06876366666666667,0.3832752613240418,0.384581881533101,0.6304894607280268,1,582,0
1.0,ISF_1770,0.25,0,1,0.2062282229965157,0.2452090592334495,0.0,8649.098420569673,0.06876366666666667,0.3832752613240418,0.384581881533101,0.6422084849007549,1,549,0
1.0,ISF_1771,0.25,0,2,0.2062282229965157,0.3079268292682927,0.0,10191.941815661266,0.07883144444444444,0.4209494773519164,0.41964285714285715,0.6663896855173378,1,490,0
1.0,ISF_1772,0.25,0,6,0.2062282229965157,0.429006968641115,0.0,10191.941815661266,0.07883144444444444,0.4209494773519164,0.41964285714285715,0.718823551157195,1,389,1
1.0,ISF_1773,0.25,1,7,0.4566637630662021,0.4479529616724739,0.33333333333333337,13077.575945744291,0.10902422222222222,0.4875871080139373,0.5289634146341463,0.613289575544437,1,617,0
1.0,ISF_1774,0.25,2,13,0.5313588850174216,0.5376742160278746,0.4162896638657993,13077.575945744291,0.10902422222222222,0.4875871080139373,0.5289634146341463,0.7002768800799739,1,433,1
1.0,ISF_1775,0.25,2,13,0.5313588850174216,0.5376742160278746,0.4162896638657993,10246.712203936651,0.08966733333333333,0.4229094076655052,0.4616724738675958,0.7356051759468258,1,342,1
1.0,ISF_1776,0.25,4,10,0.6117160278745645,0.49869337979094075,0.6711877414712396,10246.712203936651,0.08966733333333333,0.4229094076655052,0.4616724738675958,0.29399479284090646,0,1259,0
0.5086660317624919,ISF_1777,0.12716650794062298,0,7,0.2062282229965157,0.4479529616724739,0.0,7202.959700277075,0.067038,0.3512630662020906,0.3743466898954704,0.8343900090877303,1,152,1
0.7156554423038398,ISF_1778,0.17891386057595995,2,5,0.5313588850174216,0.40331010452961674,0.6131471927654585,13002.496375314891,0.10009277777777778,0.48584494773519166,0.5041376306620209,0.17739315585571536,0,1520,0
1.0,ISF_1779,0.25,2,10,0.5313588850174216,0.49869337979094075,0.45815690999132624,13002.496375314891,0.10009277777777778,0.48584494773519166,0.5041376306620209,0.5462072697614181,1,722,0
1.0,ISF_1780,0.25,0,24,0.2062282229965157,0.6162891986062717,0.0,17988.362724259496,0.11590855555555556,0.5834059233449478,0.555095818815331,0.3846808234263344,0,1048,0
1.0,ISF_1781,0.25,7,22,0.6757404181184669,0.5997386759581882,0.6631941883725112,17988.362724259496,0.11590855555555556,0.5834059233449478,0.555095818815331,0.3415441557473597,0,1159,0
1.0,ISF_1782,0.25,9,25,0.7025261324041812,0.6232578397212544,0.7067270923753285,17922.339451359585,0.11292788888888888,0.581663763066202,0.5494337979094077,0.7005649664996473,1,429,1
1.0,ISF_1783,0.25,4,21,0.6117160278745645,0.5942944250871081,0.5206780355557714,17672.398337390274,0.11923944444444444,0.578397212543554,0.5648954703832753,0.7067571013180954,1,417,1
1.0,ISF_1784,0.25,1,16,0.4566637630662021,0.5620644599303136,0.244650542118226,16778.664706584066,0.12483688888888889,0.5690331010452961,0.577308362369338,0.7566931510301306,1,289,1
1.0,ISF_1785,0.25,4,13,0.6117160278745645,0.5376742160278746,0.6098533345119623,16778.664706584066,0.12483688888888889,0.5690331010452961,0.577308362369338,0.22951914005307686,0,1383,0
1.0,ISF_1786,0.25,0,16,0.2062282229965157,0.5620644599303136,0.0,18683.91710710153,0.136093,0.5916811846689896,0.6043118466898955,0.8005199789171789,1,221,1
1.0,ISF_1787,0.25,0,8,0.2062282229965157,0.4649390243902439,0.0,18683.91710710153,0.136093,0.5916811846689896,0.6043118466898955,0.6866483379796232,1,455,1
1.0,ISF_1788,0.25,0,10,0.2062282229965157,0.49869337979094075,0.0,31379.70389737375,0.19551344444444443,0.6909843205574913,0.7049216027874564,0.2739717457384359,0,1293,0
1.0,ISF_1789,0.25,3,27,0.5792682926829268,0.633493031358885,0.4160291953530189,31379.70389737375,0.19551344444444443,0.6909843205574913,0.7049216027874564,0.07245922150802393,0,1964,0
1.0,ISF_1790,0.25,11,85,0.7264808362369338,0.8020470383275261,0.5578610028629835,45931.10662563518,0.25767355555555554,0.7791811846689896,0.789198606271777,0.4808749803200284,0,865,0
1.0,ISF_1791,0.25,47,96,0.9107142857142857,0.8194686411149826,0.8462176144238854,45931.10662563518,0.25767355555555554,0.7791811846689896,0.789198606271777,0.05054831542561999,0,2118,0
1.0,ISF_1792,0.25,38,82,0.883493031358885,0.7989982578397212,0.8290775728967598,39543.78735394962,0.22760944444444445,0.7419425087108014,0.7537020905923345,0.07128331275249601,0,1969,0
1.0,ISF_1793,0.25,8,53,0.688588850174216,0.7321428571428571,0.5508231047523734,20486.7301886864,0.13378777777777778,0.6099738675958188,0.5973432055749129,0.47187780709275257,0,875,0
1.0,ISF_1794,0.25,1,15,0.4566637630662021,0.5546602787456446,0.25,20486.7301886864,0.13378777777777778,0.6099738675958188,0.5973432055749129,0.8513051145853258,1,130,1
1.0,ISF_1795,0.25,1,8,0.4566637630662021,0.4649390243902439,0.3154648767857287,3551.011068319902,0.04345011111111111,0.24934668989547037,0.28985191637630664,0.9064423088768753,1,34,1
1.0,ISF_1796,0.25,2,2,0.5313588850174216,0.3079268292682927,1.0,3551.011068319902,0.04345011111111111,0.24934668989547037,0.28985191637630664,0.5350337557435751,1,743,0
1.0,ISF_1797,0.25,0,2,0.2062282229965157,0.3079268292682927,0.0,8649.098420569673,0.06876366666666667,0.3832752613240418,0.384581881533101,0.6304894607280268,1,583,0
1.0,ISF_1798,0.25,0,0,0.2062282229965157,0.10322299651567944,0.0,8649.098420569673,0.06876366666666667,0.3832752613240418,0.384581881533101,0.5590408039769171,1,703,0
1.0,ISF_1799,0.25,0,0,0.2062282229965157,0.10322299651567944,0.0,10191.941815661266,0.07883144444444444,0.4209494773519164,0.41964285714285715,0.5974506450317772,1,651,0
1.0,ISF_1800,0.25,0,5,0.2062282229965157,0.40331010452961674,0.0,10191.941815661266,0.07883144444444444,0.4209494773519164,0.41964285714285715,0.7253380460559131,1,374,1
1.0,ISF_1801,0.25,3,6,0.5792682926829268,0.429006968641115,0.7124143742160444,10393.974732797593,0.089917,0.430095818815331,0.4636324041811847,0.592146018838359,1,663,0
1.0,ISF_1802,0.25,3,8,0.5792682926829268,0.4649390243902439,0.6309297535714574,10393.974732797593,0.089917,0.430095818815331,0.4636324041811847,0.2524867708838752,0,1350,0
1.0,ISF_1803,0.25,3,8,0.5792682926829268,0.4649390243902439,0.6309297535714574,9885.433327287436,0.08806088888888888,0.4155052264808362,0.4564459930313589,0.2524867708838752,0,1351,0
1.0,ISF_1804,0.25,2,9,0.5313588850174216,0.4817073170731707,0.47712125471966244,10246.712203936651,0.08966733333333333,0.4229094076655052,0.4616724738675958,0.5584078488032149,1,705,0
0.21862786110823204,ISF_1805,0.05465696527705801,0,5,0.2062282229965157,0.40331010452961674,0.0,7202.959700277075,0.067038,0.3512630662020906,0.3743466898954704,0.838827326048485,1,144,1
0.26983729825495384,ISF_1806,0.06745932456373846,0,8,0.2062282229965157,0.4649390243902439,0.0,11162.371303711087,0.086951,0.4394599303135889,0.45034843205574915,0.4496536933931517,0,912,0
0.9795162420693829,ISF_1807,0.24487906051734573,3,18,0.5792682926829268,0.5760017421602788,0.4708178267332765,11162.371303711087,0.086951,0.4394599303135889,0.45034843205574915,0.7173289987885157,1,395,1
1.0,ISF_1808,0.25,12,24,0.7354094076655052,0.6162891986062717,0.7968463205835412,17988.362724259496,0.11590855555555556,0.5834059233449478,0.555095818815331,0.5703501733688798,1,689,0
1.0,ISF_1809,0.25,9,32,0.7025261324041812,0.6539634146341463,0.6585385709929116,17988.362724259496,0.11590855555555556,0.5834059233449478,0.555095818815331,0.16653904319999194,0,1545,0
1.0,ISF_1810,0.25,5,24,0.6380662020905923,0.6162891986062717,0.5566413762796892,17922.339451359585,0.11292788888888888,0.581663763066202,0.5494337979094077,0.22043871459815675,0,1410,0
1.0,ISF_1811,0.25,3,18,0.5792682926829268,0.5760017421602788,0.4708178267332765,17922.339451359585,0.11292788888888888,0.581663763066202,0.5494337979094077,0.7198202168824382,1,387,1
1.0,ISF_1812,0.25,5,16,0.6380662020905923,0.5620644599303136,0.6324124771567161,15226.879584293813,0.09978155555555555,0.5463850174216028,0.5006533101045296,0.19932500975704887,0,1445,0
1.0,ISF_1813,0.25,8,17,0.688588850174216,0.5701219512195121,0.7601875334318686,15226.879584293813,0.09978155555555555,0.5463850174216028,0.5006533101045296,0.3804140817977558,0,1058,0
1.0,ISF_1814,0.25,10,17,0.7158101045296167,0.5701219512195121,0.8296148293891938,14691.602019799873,0.10833355555555556,0.5357142857142857,0.524390243902439,0.36242880351840556,0,1103,0
1.0,ISF_1815,0.25,8,17,0.688588850174216,0.5701219512195121,0.7601875334318686,18683.91710710153,0.136093,0.5916811846689896,0.6043118466898955,0.6706632927981495,1,479,0
1.0,ISF_1816,0.25,5,10,0.6380662020905923,0.49869337979094075,0.7472217363092141,31379.70389737375,0.19551344444444443,0.6909843205574913,0.7049216027874564,0.04809801891853742,0,2126,0
1.0,ISF_1817,0.25,0,37,0.2062282229965157,0.6772648083623694,0.0,31379.70389737375,0.19551344444444443,0.6909843205574913,0.7049216027874564,0.03015914595446839,0,2240,0
1.0,ISF_1818,0.25,21,67,0.8077090592334495,0.7689459930313589,0.7325599736591326,36064.56476974115,0.21711755555555556,0.7232142857142857,0.7349738675958188,0.381118535150307,0,1057,0
1.0,ISF_1819,0.25,28,76,0.8486498257839721,0.7872386759581882,0.7751949046901616,36064.56476974115,0.21711755555555556,0.7232142857142857,0.7349738675958188,0.38948375731763646,0,1036,0
1.0,ISF_1820,0.25,2,71,0.5313588850174216,0.7796167247386759,0.2568852134103166,29050.751004794613,0.1837088888888889,0.6679006968641115,0.6914198606271778,0.21856174051108007,0,1415,0
1.0,ISF_1821,0.25,4,21,0.6117160278745645,0.5942944250871081,0.5206780355557714,12594.072967674583,0.09102288888888889,0.47038327526132406,0.46646341463414637,0.6200549585827588,1,611,0
1.0,ISF_1822,0.25,1,7,0.4566637630662021,0.4479529616724739,0.33333333333333337,20486.7301886864,0.13378777777777778,0.6099738675958188,0.5973432055749129,0.758125129137815,1,288,1
1.0,ISF_1823,0.25,1,3,0.4566637630662021,0.3477787456445993,0.5,3551.011068319902,0.04345011111111111,0.24934668989547037,0.28985191637630664,0.8518587404261854,1,126,1
1.0,ISF_1824,0.25,1,2,0.4566637630662021,0.3079268292682927,0.6309297535714574,3551.011068319902,0.04345011111111111,0.24934668989547037,0.28985191637630664,0.65545950362752,1,525,0
1.0,ISF_1825,0.25,0,1,0.2062282229965157,0.2452090592334495,0.0,3223.1167268790305,0.041279777777777776,0.2345383275261324,0.2776567944250871,0.35929648471284475,0,1120,0
1.0,ISF_1826,0.25,0,0,0.2062282229965157,0.10322299651567944,0.0,3223.1167268790305,0.041279777777777776,0.2345383275261324,0.2776567944250871,0.26951671835632984,0,1302,0
1.0,ISF_1827,0.25,0,4,0.2062282229965157,0.37630662020905925,0.0,2877.545072980225,0.04089522222222222,0.21297909407665505,0.2739547038327526,0.5130042600506401,1,799,0
1.0,ISF_1828,0.25,1,8,0.4566637630662021,0.4649390243902439,0.3154648767857287,2877.545072980225,0.04089522222222222,0.21297909407665505,0.2739547038327526,0.8997814469505926,1,45,1
1.0,ISF_1829,0.25,2,8,0.5313588850174216,0.4649390243902439,0.5,10393.974732797593,0.089917,0.430095818815331,0.4636324041811847,0.6283137728327272,1,588,0
1.0,ISF_1830,0.25,1,10,0.4566637630662021,0.49869337979094075,0.2890648263178878,10393.974732797593,0.089917,0.430095818815331,0.4636324041811847,0.7913449813157791,1,238,1
1.0,ISF_1831,0.25,2,5,0.5313588850174216,0.40331010452961674,0.6131471927654585,9885.433327287436,0.08806088888888888,0.4155052264808362,0.4564459930313589,0.3592145980575937,0,1121,0
0.6555337313458288,ISF_1832,0.1638834328364572,2,2,0.5313588850174216,0.3079268292682927,1.0,9885.433327287436,0.08806088888888888,0.4155052264808362,0.4564459930313589,0.7265359046622308,1,371,1
0.15113083069274236,ISF_1833,0.03778270767318559,0,8,0.2062282229965157,0.4649390243902439,0.0,6210.793105319142,0.07083988888888888,0.32534843205574915,0.3915505226480836,0.8915957511367849,1,56,1
0.4589079745465691,ISF_1834,0.11472699363664228,0,9,0.2062282229965157,0.4817073170731707,0.0,4688.141804218292,0.058888444444444445,0.289198606271777,0.35627177700348434,0.8761950869652363,1,86,1
0.7136874787543663,ISF_1835,0.17842186968859158,0,1,0.2062282229965157,0.2452090592334495,0.0,8376.94168517366,0.08226388888888889,0.3784843205574913,0.4346689895470383,0.5643930433809972,1,698,0
0.9998032270913304,ISF_1836,0.2499508067728326,0,6,0.2062282229965157,0.429006968641115,0.0,11162.371303711087,0.086951,0.4394599303135889,0.45034843205574915,0.4496536933931517,0,913,0
1.0,ISF_1837,0.25,6,16,0.6596254355400697,0.5620644599303136,0.686820903599663,11162.371303711087,0.086951,0.4394599303135889,0.45034843205574915,0.23267021112301944,0,1373,0
1.0,ISF_1838,0.25,14,22,0.7545731707317073,0.5997386759581882,0.8636757125382628,16042.255252286792,0.10192833333333333,0.5542247386759582,0.508493031358885,0.07235889599428169,0,1966,0
1.0,ISF_1839,0.25,10,26,0.7158101045296167,0.6287020905923345,0.7275527795480461,16042.255252286792,0.10192833333333333,0.5542247386759582,0.508493031358885,0.6702988370561919,1,481,0
1.0,ISF_1840,0.25,3,19,0.5792682926829268,0.5814459930313589,0.46275642631951835,16083.868851393461,0.09796966666666666,0.5559668989547039,0.48976480836236935,0.6336679515289956,1,572,0
1.0,ISF_1841,0.25,4,9,0.6117160278745645,0.4817073170731707,0.6989700043360187,17922.339451359585,0.11292788888888888,0.581663763066202,0.5494337979094077,0.4122166681486791,0,980,0
1.0,ISF_1842,0.25,3,15,0.5792682926829268,0.5546602787456446,0.5,15226.879584293813,0.09978155555555555,0.5463850174216028,0.5006533101045296,0.533924484554231,1,747,0
1.0,ISF_1843,0.25,5,16,0.6380662020905923,0.5620644599303136,0.6324124771567161,15226.879584293813,0.09978155555555555,0.5463850174216028,0.5006533101045296,0.19932500975704887,0,1446,0
1.0,ISF_1844,0.25,8,19,0.688588850174216,0.5814459930313589,0.7334515826841693,14691.602019799873,0.10833355555555556,0.5357142857142857,0.524390243902439,0.6010556330891961,1,643,0
1.0,ISF_1845,0.25,7,16,0.6757404181184669,0.5620644599303136,0.733951626354678,14691.602019799873,0.10833355555555556,0.5357142857142857,0.524390243902439,0.5524168460448886,1,717,0
1.0,ISF_1846,0.25,3,16,0.5792682926829268,0.5620644599303136,0.489301084236452,20877.27524230443,0.14327055555555557,0.6117160278745645,0.6108449477351916,0.6887548379011184,1,451,1
1.0,ISF_1847,0.25,1,28,0.4566637630662021,0.6374128919860628,0.20584683246043445,20877.27524230443,0.14327055555555557,0.6117160278745645,0.6108449477351916,0.5061112419715719,1,815,0
1.0,ISF_1848,0.25,17,40,0.7813588850174216,0.6925087108013938,0.778326556204762,36064.56476974115,0.21711755555555556,0.7232142857142857,0.7349738675958188,0.017044965503507575,0,2284,0
1.0,ISF_1849,0.25,15,42,0.7652439024390244,0.6990418118466899,0.7371553325948247,36064.56476974115,0.21711755555555556,0.7232142857142857,0.7349738675958188,0.03265942208189471,0,2225,0
1.0,ISF_1850,0.25,2,32,0.5313588850174216,0.6539634146341463,0.3142027492734315,29050.751004794613,0.1837088888888889,0.6679006968641115,0.6914198606271778,0.03367952776422935,0,2220,0
1.0,ISF_1851,0.25,0,8,0.2062282229965157,0.4649390243902439,0.0,12594.072967674583,0.09102288888888889,0.47038327526132406,0.46646341463414637,0.40781159203686124,0,992,0
1.0,ISF_1852,0.25,2,6,0.5313588850174216,0.429006968641115,0.5645750340535797,12594.072967674583,0.09102288888888889,0.47038327526132406,0.46646341463414637,0.3624234892445928,0,1105,0
1.0,ISF_1853,0.25,1,3,0.4566637630662021,0.3477787456445993,0.5,2964.6946058217436,0.03947411111111111,0.22147212543554007,0.26328397212543553,0.8518587404261854,1,127,1
1.0,ISF_1854,0.25,0,2,0.2062282229965157,0.3079268292682927,0.0,2964.6946058217436,0.03947411111111111,0.22147212543554007,0.26328397212543553,0.3888253624333407,0,1041,0
1.0,ISF_1855,0.25,0,0,0.2062282229965157,0.10322299651567944,0.0,3223.1167268790305,0.041279777777777776,0.2345383275261324,0.2776567944250871,0.26951671835632984,0,1303,0
1.0,ISF_1856,0.25,0,0,0.2062282229965157,0.10322299651567944,0.0,3223.1167268790305,0.041279777777777776,0.2345383275261324,0.2776567944250871,0.26951671835632984,0,1304,0
1.0,ISF_1857,0.25,0,4,0.2062282229965157,0.37630662020905925,0.0,2877.545072980225,0.04089522222222222,0.21297909407665505,0.2739547038327526,0.5130042600506401,1,800,0
1.0,ISF_1858,0.25,4,5,0.6117160278745645,0.40331010452961674,0.8982444017039272,2877.545072980225,0.04089522222222222,0.21297909407665505,0.2739547038327526,0.4748877794351807,0,871,0
1.0,ISF_1859,0.25,4,7,0.6117160278745645,0.4479529616724739,0.7739760316291208,4270.924212984741,0.05152855555555556,0.2776567944250871,0.33340592334494773,0.730303475398666,1,354,1
0.9254744005241217,ISF_1860,0.23136860013103042,0,8,0.2062282229965157,0.4649390243902439,0.0,4270.924212984741,0.05152855555555556,0.2776567944250871,0.33340592334494773,0.8761950869652363,1,87,1
0.34569617110851686,ISF_1861,0.08642404277712921,0,3,0.2062282229965157,0.3477787456445993,0.0,9885.433327287436,0.08806088888888888,0.4155052264808362,0.4564459930313589,0.41330643814933254,0,976,0
0.10830819056303807,ISF_1862,0.02707704764075952,2,2,0.5313588850174216,0.3079268292682927,1.0,9885.433327287436,0.08806088888888888,0.4155052264808362,0.4564459930313589,0.7265359046622308,1,372,1
0.22071491775586846,ISF_1863,0.055178729438967115,0,5,0.2062282229965157,0.40331010452961674,0.0,6210.793105319142,0.07083988888888888,0.32534843205574915,0.3915505226480836,0.89469375574557,1,52,1
0.9205483402452698,ISF_1864,0.23013708506131744,0,11,0.2062282229965157,0.5145905923344948,0.0,6210.793105319142,0.07083988888888888,0.32534843205574915,0.3915505226480836,0.9330040398215083,1,11,1
1.0,ISF_1865,0.25,3,14,0.5792682926829268,0.5485627177700348,0.511916049619631,4688.141804218292,0.058888444444444445,0.289198606271777,0.35627177700348434,0.8952451423478187,1,51,1
1.0,ISF_1866,0.25,0,13,0.2062282229965157,0.5376742160278746,0.0,4688.141804218292,0.058888444444444445,0.289198606271777,0.35627177700348434,0.9229779344008048,1,21,1
1.0,ISF_1867,0.25,0,6,0.2062282229965157,0.429006968641115,0.0,4834.404010547325,0.048525,0.2968205574912892,0.31424216027874563,0.8761950869652363,1,88,1
1.0,ISF_1868,0.25,0,19,0.2062282229965157,0.5814459930313589,0.0,11162.371303711087,0.086951,0.4394599303135889,0.45034843205574915,0.5902234114652272,1,665,0
1.0,ISF_1869,0.25,6,21,0.6596254355400697,0.5942944250871081,0.6295320036582305,16042.255252286792,0.10192833333333333,0.5542247386759582,0.508493031358885,0.2252354786347332,0,1396,0
1.0,ISF_1870,0.25,2,26,0.5313588850174216,0.6287020905923345,0.33333333333333337,16042.255252286792,0.10192833333333333,0.5542247386759582,0.508493031358885,0.34619980162661795,0,1149,0
1.0,ISF_1871,0.25,0,7,0.2062282229965157,0.4479529616724739,0.0,16083.868851393461,0.09796966666666666,0.5559668989547039,0.48976480836236935,0.5466692227088248,1,720,0
1.0,ISF_1872,0.25,0,6,0.2062282229965157,0.429006968641115,0.0,16083.868851393461,0.09796966666666666,0.5559668989547039,0.48976480836236935,0.5466692227088248,1,721,0
1.0,ISF_1873,0.25,0,6,0.2062282229965157,0.429006968641115,0.0,12869.464812595397,0.08104177777777778,0.4788763066202091,0.4318379790940767,0.6643279658227874,1,500,0
1.0,ISF_1874,0.25,0,9,0.2062282229965157,0.4817073170731707,0.0,12869.464812595397,0.08104177777777778,0.4788763066202091,0.4318379790940767,0.6830196770404403,1,461,0
1.0,ISF_1875,0.25,0,10,0.2062282229965157,0.49869337979094075,0.0,14691.602019799873,0.10833355555555556,0.5357142857142857,0.524390243902439,0.6479458000220553,1,539,0
1.0,ISF_1876,0.25,1,19,0.4566637630662021,0.5814459930313589,0.23137821315975918,14691.602019799873,0.10833355555555556,0.5357142857142857,0.524390243902439,0.7611273532579141,1,281,1
1.0,ISF_1877,0.25,3,24,0.5792682926829268,0.6162891986062717,0.43067655807339306,20877.27524230443,0.14327055555555557,0.6117160278745645,0.6108449477351916,0.351618411783125,0,1138,0
1.0,ISF_1878,0.25,4,39,0.6117160278745645,0.6877177700348432,0.43629452587267725,20877.27524230443,0.14327055555555557,0.6117160278745645,0.6108449477351916,0.1615701855559496,0,1562,0
1.0,ISF_1879,0.25,10,31,0.7158101045296167,0.648301393728223,0.6918863237274595,19454.52298360318,0.1417541111111111,0.6030052264808362,0.6077961672473867,0.7881352843332962,1,245,1
1.0,ISF_1880,0.25,1,24,0.4566637630662021,0.6162891986062717,0.21533827903669653,19454.52298360318,0.1417541111111111,0.6030052264808362,0.6077961672473867,0.558789974170157,1,704,0
1.0,ISF_1881,0.25,1,8,0.4566637630662021,0.4649390243902439,0.3154648767857287,14439.181746255606,0.10916922222222222,0.5320121951219512,0.5320121951219512,0.633254366125917,1,574,0
1.0,ISF_1882,0.25,1,4,0.4566637630662021,0.37630662020905925,0.43067655807339306,12594.072967674583,0.09102288888888889,0.47038327526132406,0.46646341463414637,0.514670431526569,1,797,0
1.0,ISF_1883,0.25,1,5,0.4566637630662021,0.40331010452961674,0.3868528072345416,12594.072967674583,0.09102288888888889,0.47038327526132406,0.46646341463414637,0.6889389031865942,1,450,1
1.0,ISF_1884,0.25,1,3,0.4566637630662021,0.3477787456445993,0.5,2964.6946058217436,0.03947411111111111,0.22147212543554007,0.26328397212543553,0.8518587404261854,1,128,1
1.0,ISF_1885,0.25,0,2,0.2062282229965157,0.3079268292682927,0.0,2964.6946058217436,0.03947411111111111,0.22147212543554007,0.26328397212543553,0.3888253624333407,0,1042,0
1.0,ISF_1886,0.25,0,0,0.2062282229965157,0.10322299651567944,0.0,2432.6063467524946,0.037008,0.19272648083623695,0.2567508710801394,0.19192429768289132,0,1475,0
1.0,ISF_1887,0.25,0,0,0.2062282229965157,0.10322299651567944,0.0,2432.6063467524946,0.037008,0.19272648083623695,0.2567508710801394,0.19192429768289132,0,1476,0
1.0,ISF_1888,0.25,0,3,0.2062282229965157,0.3477787456445993,0.0,3920.0761071294546,0.05167666666666667,0.26807491289198604,0.3360191637630662,0.39425865811158156,0,1023,0
1.0,ISF_1889,0.25,0,4,0.2062282229965157,0.37630662020905925,0.0,2877.545072980225,0.04089522222222222,0.21297909407665505,0.2739547038327526,0.5130042600506401,1,801,0
1.0,ISF_1890,0.25,0,4,0.2062282229965157,0.37630662020905925,0.0,4270.924212984741,0.05152855555555556,0.2776567944250871,0.33340592334494773,0.8796738183419497,1,76,1
0.7889553329264745,ISF_1891,0.19723883323161862,0,4,0.2062282229965157,0.37630662020905925,0.0,4270.924212984741,0.05152855555555556,0.2776567944250871,0.33340592334494773,0.8796738183419497,1,77,1
0.18021399434301746,ISF_1892,0.045053498585754366,0,0,0.2062282229965157,0.10322299651567944,0.0,2750.9098928309977,0.042152555555555554,0.20753484320557491,0.28244773519163763,0.18671890028981303,0,1499,0
0.8973067590736951,ISF_1893,0.22432668976842376,0,3,0.2062282229965157,0.3477787456445993,0.0,1486.286196315661,0.032585555555555555,0.1672473867595819,0.22952961672473868,0.36946578536744124,0,1087,0
1.0,ISF_1894,0.25,2,22,0.5313588850174216,0.5997386759581882,0.350379306422211,1486.286196315661,0.032585555555555555,0.1672473867595819,0.22952961672473868,0.6367185523939715,1,561,0
1.0,ISF_1895,0.25,13,22,0.7441202090592335,0.5997386759581882,0.8416718857933595,4688.141804218292,0.058888444444444445,0.289198606271777,0.35627177700348434,0.2450849458989571,0,1359,0
1.0,ISF_1896,0.25,11,23,0.7264808362369338,0.6071428571428571,0.7818957080144684,4688.141804218292,0.058888444444444445,0.289198606271777,0.35627177700348434,0.810517164290482,1,206,1
1.0,ISF_1897,0.25,1,15,0.4566637630662021,0.5546602787456446,0.25,4834.404010547325,0.048525,0.2968205574912892,0.31424216027874563,0.9479351551153282,1,3,1
1.0,ISF_1898,0.25,4,8,0.6117160278745645,0.4649390243902439,0.7324867603589634,4834.404010547325,0.048525,0.2968205574912892,0.31424216027874563,0.8466046406882958,1,137,1
1.0,ISF_1899,0.25,6,11,0.6596254355400697,0.5145905923344948,0.783091851446946,5415.00114640221,0.04204444444444445,0.31772648083623695,0.2811411149825784,0.7527162465935102,1,296,1
1.0,ISF_1900,0.25,3,9,0.5792682926829268,0.4817073170731707,0.6020599913279623,5415.00114640221,0.04204444444444445,0.31772648083623695,0.2811411149825784,0.6651682766671386,1,497,0
1.0,ISF_1901,0.25,0,4,0.2062282229965157,0.37630662020905925,0.0,5067.276147568598,0.03506466666666667,0.30923344947735193,0.2421602787456446,0.9031461501517506,1,42,1
1.0,ISF_1902,0.25,0,2,0.2062282229965157,0.3079268292682927,0.0,16083.868851393461,0.09796966666666666,0.5559668989547039,0.48976480836236935,0.46977305630418825,0,876,0
1.0,ISF_1903,0.25,2,2,0.5313588850174216,0.3079268292682927,1.0,12869.464812595397,0.08104177777777778,0.4788763066202091,0.4318379790940767,0.8498917372845024,1,132,1
1.0,ISF_1904,0.25,2,2,0.5313588850174216,0.3079268292682927,1.0,12869.464812595397,0.08104177777777778,0.4788763066202091,0.4318379790940767,0.8498917372845024,1,133,1
1.0,ISF_1905,0.25,0,8,0.2062282229965157,0.4649390243902439,0.0,13079.708958053961,0.09962833333333333,0.4893292682926829,0.498911149825784,0.3563243353997094,0,1125,0
1.0,ISF_1906,0.25,1,23,0.4566637630662021,0.6071428571428571,0.21810429198553155,13079.708958053961,0.09962833333333333,0.4893292682926829,0.498911149825784,0.35911093496583746,0,1122,0
1.0,ISF_1907,0.25,12,30,0.7354094076655052,0.6428571428571429,0.7469303770589025,16439.733836619183,0.12383822222222222,0.563588850174216,0.5753484320557491,0.4412048659999519,0,929,0
1.0,ISF_1908,0.25,15,33,0.7652439024390244,0.6585365853658537,0.7862465289312903,16439.733836619183,0.12383822222222222,0.563588850174216,0.5753484320557491,0.06156188685155771,0,1995,0
1.0,ISF_1909,0.25,6,30,0.6596254355400697,0.6428571428571429,0.5666620267290895,19454.52298360318,0.1417541111111111,0.6030052264808362,0.6077961672473867,0.25656454772410203,0,1343,0
1.0,ISF_1910,0.25,0,16,0.2062282229965157,0.5620644599303136,0.0,19454.52298360318,0.1417541111111111,0.6030052264808362,0.6077961672473867,0.8005199789171789,1,222,1
1.0,ISF_1911,0.25,2,4,0.5313588850174216,0.37630662020905925,0.6826061944859854,14439.181746255606,0.10916922222222222,0.5320121951219512,0.5320121951219512,0.20307743058752595,0,1442,0
1.0,ISF_1912,0.25,1,5,0.4566637630662021,0.40331010452961674,0.3868528072345416,14439.181746255606,0.10916922222222222,0.5320121951219512,0.5320121951219512,0.6639599062454099,1,501,0
1.0,ISF_1913,0.25,1,3,0.4566637630662021,0.3477787456445993,0.5,5200.931360872462,0.051603555555555555,0.31293554006968644,0.334712543554007,0.8999944613370902,1,44,1
1.0,ISF_1914,0.25,1,3,0.4566637630662021,0.3477787456445993,0.5,2897.042312866077,0.03650433333333333,0.21689895470383275,0.25217770034843207,0.8560881306713786,1,123,1
1.0,ISF_1915,0.25,1,1,0.4566637630662021,0.2452090592334495,1.0,2897.042312866077,0.03650433333333333,0.21689895470383275,0.25217770034843207,0.6360356545603973,1,563,0
1.0,ISF_1916,0.25,0,1,0.2062282229965157,0.2452090592334495,0.0,2432.6063467524946,0.037008,0.19272648083623695,0.2567508710801394,0.2652421674954131,0,1317,0
1.0,ISF_1917,0.25,0,1,0.2062282229965157,0.2452090592334495,0.0,2432.6063467524946,0.037008,0.19272648083623695,0.2567508710801394,0.2652421674954131,0,1318,0
1.0,ISF_1918,0.25,0,2,0.2062282229965157,0.3079268292682927,0.0,3920.0761071294546,0.05167666666666667,0.26807491289198604,0.3360191637630662,0.3392588470348211,0,1163,0
1.0,ISF_1919,0.25,0,2,0.2062282229965157,0.3079268292682927,0.0,3920.0761071294546,0.05167666666666667,0.26807491289198604,0.3360191637630662,0.3392588470348211,0,1164,0
1.0,ISF_1920,0.25,0,1,0.2062282229965157,0.2452090592334495,0.0,3826.9756130352616,0.04652788888888889,0.26371951219512196,0.3094512195121951,0.377199040472418,0,1066,0
0.6772754626148381,ISF_1921,0.16931886565370952,0,0,0.2062282229965157,0.10322299651567944,0.0,3826.9756130352616,0.04652788888888889,0.26371951219512196,0.3094512195121951,0.26951671835632984,0,1305,0
0.20116204321493292,ISF_1922,0.05029051080373323,0,0,0.2062282229965157,0.10322299651567944,0.0,2750.9098928309977,0.042152555555555554,0.20753484320557491,0.28244773519163763,0.18671890028981303,0,1500,0
1.0,ISF_1923,0.25,0,1,0.2062282229965157,0.2452090592334495,0.0,1486.286196315661,0.032585555555555555,0.1672473867595819,0.22952961672473868,0.289496913636728,0,1270,0
1.0,ISF_1924,0.25,1,22,0.4566637630662021,0.5997386759581882,0.22106472945750374,1486.286196315661,0.032585555555555555,0.1672473867595819,0.22952961672473868,0.704943667959541,1,419,1
1.0,ISF_1925,0.25,18,22,0.788109756097561,0.5997386759581882,0.9390669465144927,1303.7784869745374,0.03178522222222222,0.16267421602787457,0.22147212543554007,0.09635521926988526,0,1848,0
1.0,ISF_1926,0.25,9,23,0.7025261324041812,0.6071428571428571,0.7245267751622539,1303.7784869745374,0.03178522222222222,0.16267421602787457,0.22147212543554007,0.8805970581571915,1,71,1
1.0,ISF_1927,0.25,0,17,0.2062282229965157,0.5701219512195121,0.0,858.0506909582764,0.020566,0.1374128919860627,0.18140243902439024,0.27581781587900844,0,1292,0
1.0,ISF_1928,0.25,2,6,0.5313588850174216,0.429006968641115,0.5645750340535797,4834.404010547325,0.048525,0.2968205574912892,0.31424216027874563,0.8565060827878916,1,122,1
1.0,ISF_1929,0.25,3,7,0.5792682926829268,0.4479529616724739,0.6666666666666667,5415.00114640221,0.04204444444444445,0.31772648083623695,0.2811411149825784,0.7264526833196123,1,373,1
1.0,ISF_1930,0.25,1,6,0.4566637630662021,0.429006968641115,0.3562071871080222,5415.00114640221,0.04204444444444445,0.31772648083623695,0.2811411149825784,0.9476921517740733,1,4,1
1.0,ISF_1931,0.25,0,2,0.2062282229965157,0.3079268292682927,0.0,5067.276147568598,0.03506466666666667,0.30923344947735193,0.2421602787456446,0.8255675820124706,1,173,1
1.0,ISF_1932,0.25,0,2,0.2062282229965157,0.3079268292682927,0.0,5067.276147568598,0.03506466666666667,0.30923344947735193,0.2421602787456446,0.8255675820124706,1,174,1
1.0,ISF_1933,0.25,2,2,0.5313588850174216,0.3079268292682927,1.0,1752.581039071083,0.015991,0.17617595818815332,0.1522212543554007,0.13524230202994092,0,1608,0
1.0,ISF_1934,0.25,2,6,0.5313588850174216,0.429006968641115,0.5645750340535797,1752.581039071083,0.015991,0.17617595818815332,0.1522212543554007,0.5214923607408329,1,784,0
1.0,ISF_1935,0.25,2,13,0.5313588850174216,0.5376742160278746,0.4162896638657993,13079.708958053961,0.09962833333333333,0.4893292682926829,0.498911149825784,0.6635777333545497,1,503,0
1.0,ISF_1936,0.25,9,25,0.7025261324041812,0.6232578397212544,0.7067270923753285,13079.708958053961,0.09962833333333333,0.4893292682926829,0.498911149825784,0.4975699758421486,0,839,0
1.0,ISF_1937,0.25,13,39,0.7441202090592335,0.6877177700348432,0.7154089371698258,16439.733836619183,0.12383822222222222,0.563588850174216,0.5753484320557491,0.15947001208068093,0,1568,0
1.0,ISF_1938,0.25,15,36,0.7652439024390244,0.6724738675958188,0.7678348800262406,16439.733836619183,0.12383822222222222,0.563588850174216,0.5753484320557491,0.08983256875848965,0,1878,0
1.0,ISF_1939,0.25,5,25,0.6380662020905923,0.6232578397212544,0.5499405706118586,13336.827871674672,0.10960544444444445,0.4971689895470383,0.5354965156794426,0.16211024485684197,0,1560,0
1.0,ISF_1940,0.25,2,9,0.5313588850174216,0.4817073170731707,0.47712125471966244,13336.827871674672,0.10960544444444445,0.4971689895470383,0.5354965156794426,0.37582661634414977,0,1072,0
1.0,ISF_1941,0.25,2,3,0.5313588850174216,0.3477787456445993,0.7924812503605781,8350.806269735098,0.07492733333333333,0.37652439024390244,0.4070121951219512,0.6530248953512001,1,531,0
1.0,ISF_1942,0.25,1,5,0.4566637630662021,0.40331010452961674,0.3868528072345416,14439.181746255606,0.10916922222222222,0.5320121951219512,0.5320121951219512,0.6639599062454099,1,502,0
1.0,ISF_1943,0.25,1,4,0.4566637630662021,0.37630662020905925,0.43067655807339306,5200.931360872462,0.051603555555555555,0.31293554006968644,0.334712543554007,0.9332773301881672,1,10,1
1.0,ISF_1944,0.25,1,2,0.4566637630662021,0.3079268292682927,0.6309297535714574,2897.042312866077,0.03650433333333333,0.21689895470383275,0.25217770034843207,0.6630783350440769,1,505,0
1.0,ISF_1945,0.25,1,1,0.4566637630662021,0.2452090592334495,1.0,2897.042312866077,0.03650433333333333,0.21689895470383275,0.25217770034843207,0.6360356545603973,1,564,0
1.0,ISF_1946,0.25,0,1,0.2062282229965157,0.2452090592334495,0.0,2027.5529124382883,0.029807333333333335,0.18183797909407665,0.21406794425087108,0.34912029583545656,0,1141,0
1.0,ISF_1947,0.25,0,2,0.2062282229965157,0.3079268292682927,0.0,2027.5529124382883,0.029807333333333335,0.18183797909407665,0.21406794425087108,0.37830665772019645,0,1061,0
1.0,ISF_1948,0.25,2,2,0.5313588850174216,0.3079268292682927,1.0,3314.0435154046863,0.04136833333333333,0.2380226480836237,0.27939895470383275,0.5350337557435751,1,744,0
1.0,ISF_1949,0.25,2,2,0.5313588850174216,0.3079268292682927,1.0,3920.0761071294546,0.05167666666666667,0.26807491289198604,0.3360191637630662,0.6671828566647585,1,488,0
1.0,ISF_1950,0.25,0,2,0.2062282229965157,0.3079268292682927,0.0,3826.9756130352616,0.04652788888888889,0.26371951219512196,0.3094512195121951,0.40726399409523856,0,993,0
0.566941978938293,ISF_1951,0.14173549473457325,0,0,0.2062282229965157,0.10322299651567944,0.0,3826.9756130352616,0.04652788888888889,0.26371951219512196,0.3094512195121951,0.26951671835632984,0,1306,0
0.6946368779425465,ISF_1952,0.17365921948563662,0,0,0.2062282229965157,0.10322299651567944,0.0,1097.7290320657194,0.023212666666666666,0.14590592334494773,0.19207317073170732,0.05797977861097548,0,2054,0
1.0,ISF_1953,0.25,0,0,0.2062282229965157,0.10322299651567944,0.0,601.1328436173499,0.014930444444444444,0.11476480836236934,0.1452526132404181,0.05797977861097548,0,2055,0
1.0,ISF_1954,0.25,0,9,0.2062282229965157,0.4817073170731707,0.0,1486.286196315661,0.032585555555555555,0.1672473867595819,0.22952961672473868,0.5343938918485,1,745,0
1.0,ISF_1955,0.25,8,19,0.688588850174216,0.5814459930313589,0.7334515826841693,1303.7784869745374,0.03178522222222222,0.16267421602787457,0.22147212543554007,0.9213755534990522,1,22,1
1.0,ISF_1956,0.25,0,13,0.2062282229965157,0.5376742160278746,0.0,1303.7784869745374,0.03178522222222222,0.16267421602787457,0.22147212543554007,0.698485863404583,1,440,1
1.0,ISF_1957,0.25,0,9,0.2062282229965157,0.4817073170731707,0.0,858.0506909582764,0.020566,0.1374128919860627,0.18140243902439024,0.18998485809597387,0,1486,0
1.0,ISF_1958,0.25,0,2,0.2062282229965157,0.3079268292682927,0.0,858.0506909582764,0.020566,0.1374128919860627,0.18140243902439024,0.08834420514968425,0,1887,0
1.0,ISF_1959,0.25,0,3,0.2062282229965157,0.3477787456445993,0.0,488.01079331710935,0.012197,0.109102787456446,0.13000871080139373,0.10940151180809826,0,1676,0
1.0,ISF_1960,0.25,0,1,0.2062282229965157,0.2452090592334495,0.0,488.01079331710935,0.012197,0.109102787456446,0.13000871080139373,0.08554580473727798,0,1901,0
1.0,ISF_1961,0.25,0,0,0.2062282229965157,0.10322299651567944,0.0,5067.276147568598,0.03506466666666667,0.30923344947735193,0.2421602787456446,0.7178295183775616,1,393,1
1.0,ISF_1962,0.25,0,0,0.2062282229965157,0.10322299651567944,0.0,5067.276147568598,0.03506466666666667,0.30923344947735193,0.2421602787456446,0.7178295183775616,1,394,1
1.0,ISF_1963,0.25,0,2,0.2062282229965157,0.3079268292682927,0.0,1752.581039071083,0.015991,0.17617595818815332,0.1522212543554007,0.09197294992412013,0,1871,0
1.0,ISF_1964,0.25,0,10,0.2062282229965157,0.49869337979094075,0.0,1752.581039071083,0.015991,0.17617595818815332,0.1522212543554007,0.29287301424835355,0,1267,0
1.0,ISF_1965,0.25,6,10,0.6596254355400697,0.49869337979094075,0.8115075629572489,2769.1217118278146,0.03238933333333333,0.20884146341463414,0.22756968641114983,0.4969708827124392,0,840,0
1.0,ISF_1966,0.25,9,19,0.7025261324041812,0.5814459930313589,0.768621786840241,2769.1217118278146,0.03238933333333333,0.20884146341463414,0.22756968641114983,0.8606292444524549,1,110,1
1.0,ISF_1967,0.25,6,40,0.6596254355400697,0.6925087108013938,0.5239995654055677,6396.304302541539,0.061503555555555554,0.33035714285714285,0.36389372822299654,0.3207594362066326,0,1201,0
1.0,ISF_1968,0.25,11,34,0.7264808362369338,0.6628919860627178,0.6989207826664988,16439.733836619183,0.12383822222222222,0.563588850174216,0.5753484320557491,0.4735876161927962,0,873,0
1.0,ISF_1969,0.25,1,23,0.4566637630662021,0.6071428571428571,0.21810429198553155,13336.827871674672,0.10960544444444445,0.4971689895470383,0.5354965156794426,0.39755556132182845,0,1017,0
1.0,ISF_1970,0.25,0,5,0.2062282229965157,0.40331010452961674,0.0,13336.827871674672,0.10960544444444445,0.4971689895470383,0.5354965156794426,0.3682408756429699,0,1089,0
1.0,ISF_1971,0.25,0,4,0.2062282229965157,0.37630662020905925,0.0,8350.806269735098,0.07492733333333333,0.37652439024390244,0.4070121951219512,0.737359544385663,1,340,1
1.0,ISF_1972,0.25,2,4,0.5313588850174216,0.37630662020905925,0.6826061944859854,8350.806269735098,0.07492733333333333,0.37652439024390244,0.4070121951219512,0.6435319984749549,1,546,0
1.0,ISF_1973,0.25,2,4,0.5313588850174216,0.37630662020905925,0.6826061944859854,2921.235648445785,0.03622433333333333,0.2184233449477352,0.24891114982578397,0.7934615926162385,1,231,1
1.0,ISF_1974,0.25,0,3,0.2062282229965157,0.3477787456445993,0.0,2771.595779972151,0.03235311111111111,0.2105836236933798,0.22582752613240417,0.4291963062732031,0,946,0
1.0,ISF_1975,0.25,0,1,0.2062282229965157,0.2452090592334495,0.0,2897.042312866077,0.03650433333333333,0.21689895470383275,0.25217770034843207,0.36714113160330775,0,1096,0
1.0,ISF_1976,0.25,0,0,0.2062282229965157,0.10322299651567944,0.0,2027.5529124382883,0.029807333333333335,0.18183797909407665,0.21406794425087108,0.2608480800863392,0,1332,0
1.0,ISF_1977,0.25,0,2,0.2062282229965157,0.3079268292682927,0.0,2027.5529124382883,0.029807333333333335,0.18183797909407665,0.21406794425087108,0.37830665772019645,0,1062,0
1.0,ISF_1978,0.25,1,2,0.4566637630662021,0.3079268292682927,0.6309297535714574,3314.0435154046863,0.04136833333333333,0.2380226480836237,0.27939895470383275,0.65545950362752,1,526,0
1.0,ISF_1979,0.25,1,2,0.4566637630662021,0.3079268292682927,0.6309297535714574,3314.0435154046863,0.04136833333333333,0.2380226480836237,0.27939895470383275,0.65545950362752,1,527,0
1.0,ISF_1980,0.25,0,2,0.2062282229965157,0.3079268292682927,0.0,2893.5882829669863,0.034206,0.2149390243902439,0.2384581881533101,0.3322653288636305,0,1174,0
0.46125268189422786,ISF_1981,0.11531317047355696,0,0,0.2062282229965157,0.10322299651567944,0.0,2893.5882829669863,0.034206,0.2149390243902439,0.2384581881533101,0.22395236224562162,0,1397,0
0.34334580364171413,ISF_1982,0.08583645091042853,0,0,0.2062282229965157,0.10322299651567944,0.0,1097.7290320657194,0.023212666666666666,0.14590592334494773,0.19207317073170732,0.05797977861097548,0,2056,0
1.0,ISF_1983,0.25,0,0,0.2062282229965157,0.10322299651567944,0.0,1097.7290320657194,0.023212666666666666,0.14590592334494773,0.19207317073170732,0.05797977861097548,0,2057,0
1.0,ISF_1984,0.25,0,0,0.2062282229965157,0.10322299651567944,0.0,601.1328436173499,0.014930444444444444,0.11476480836236934,0.1452526132404181,0.05797977861097548,0,2058,0
1.0,ISF_1985,0.25,0,4,0.2062282229965157,0.37630662020905925,0.0,601.1328436173499,0.014930444444444444,0.11476480836236934,0.1452526132404181,0.1950309841874439,0,1468,0
1.0,ISF_1986,0.25,0,8,0.2062282229965157,0.4649390243902439,0.0,451.60495988465846,0.012238666666666667,0.10736062717770035,0.13349303135888502,0.18998485809597387,0,1487,0
1.0,ISF_1987,0.25,0,8,0.2062282229965157,0.4649390243902439,0.0,451.60495988465846,0.012238666666666667,0.10736062717770035,0.13349303135888502,0.18998485809597387,0,1488,0
1.0,ISF_1988,0.25,0,0,0.2062282229965157,0.10322299651567944,0.0,239.6859732400626,0.005643555555555555,0.08732578397212544,0.09472996515679442,0.03859424390577145,0,2164,0
1.0,ISF_1989,0.25,0,0,0.2062282229965157,0.10322299651567944,0.0,858.0506909582764,0.020566,0.1374128919860627,0.18140243902439024,0.05797977861097548,0,2059,0
1.0,ISF_1990,0.25,0,0,0.2062282229965157,0.10322299651567944,0.0,488.01079331710935,0.012197,0.109102787456446,0.13000871080139373,0.05797977861097548,0,2060,0
1.0,ISF_1991,0.25,0,0,0.2062282229965157,0.10322299651567944,0.0,488.01079331710935,0.012197,0.109102787456446,0.13000871080139373,0.05797977861097548,0,2061,0
1.0,ISF_1992,0.25,0,0,0.2062282229965157,0.10322299651567944,0.0,373.9495216142386,0.007846333333333334,0.101698606271777,0.11084494773519164,0.03443776562689816,0,2200,0
1.0,ISF_1993,0.25,0,0,0.2062282229965157,0.10322299651567944,0.0,373.9495216142386,0.007846333333333334,0.101698606271777,0.11084494773519164,0.03443776562689816,0,2201,0
1.0,ISF_1994,0.25,0,0,0.2062282229965157,0.10322299651567944,0.0,613.0398848354816,0.011028444444444445,0.11650696864111498,0.1247822299651568,0.05797977861097548,0,2062,0
1.0,ISF_1995,0.25,0,2,0.2062282229965157,0.3079268292682927,0.0,613.0398848354816,0.011028444444444445,0.11650696864111498,0.1247822299651568,0.08834420514968425,0,1888,0
1.0,ISF_1996,0.25,1,9,0.4566637630662021,0.4817073170731707,0.30102999566398114,2769.1217118278146,0.03238933333333333,0.20884146341463414,0.22756968641114983,0.8799976224645153,1,75,1
1.0,ISF_1997,0.25,2,12,0.5313588850174216,0.525479094076655,0.42831734103139474,2769.1217118278146,0.03238933333333333,0.20884146341463414,0.22756968641114983,0.9070620818480153,1,33,1
1.0,ISF_1998,0.25,2,22,0.5313588850174216,0.5997386759581882,0.350379306422211,6396.304302541539,0.061503555555555554,0.33035714285714285,0.36389372822299654,0.7357298195822665,1,341,1
1.0,ISF_1999,0.25,9,16,0.7025261324041812,0.5620644599303136,0.812711509291959,6396.304302541539,0.061503555555555554,0.33035714285714285,0.36389372822299654,0.7437231707962441,1,323,1
1.0,ISF_2000,0.25,6,15,0.6596254355400697,0.5546602787456446,0.701838730514401,9274.121732277796,0.08368722222222222,0.3943815331010453,0.4383710801393728,0.7079388641398647,1,414,1
1.0,ISF_2001,0.25,0,8,0.2062282229965157,0.4649390243902439,0.0,9274.121732277796,0.08368722222222222,0.3943815331010453,0.4383710801393728,0.6217623084537701,1,606,0
1.0,ISF_2002,0.25,0,2,0.2062282229965157,0.3079268292682927,0.0,7349.9549908246845,0.06582588888888889,0.3556184668989547,0.3730400696864111,0.7434954103105818,1,324,1
1.0,ISF_2003,0.25,1,3,0.4566637630662021,0.3477787456445993,0.5,8350.806269735098,0.07492733333333333,0.37652439024390244,0.4070121951219512,0.8885298587618412,1,60,1
1.0,ISF_2004,0.25,1,3,0.4566637630662021,0.3477787456445993,0.5,2921.235648445785,0.03622433333333333,0.2184233449477352,0.24891114982578397,0.8560881306713786,1,124,1
1.0,ISF_2005,0.25,0,2,0.2062282229965157,0.3079268292682927,0.0,2771.595779972151,0.03235311111111111,0.2105836236933798,0.22582752613240417,0.3723183461748112,0,1077,0
1.0,ISF_2006,0.25,0,0,0.2062282229965157,0.10322299651567944,0.0,2771.595779972151,0.03235311111111111,0.2105836236933798,0.22582752613240417,0.25595357656643886,0,1345,0
1.0,ISF_2007,0.25,0,0,0.2062282229965157,0.10322299651567944,0.0,1784.8939894270152,0.023588777777777778,0.17791811846689895,0.19359756097560976,0.11926525956750296,0,1650,0
1.0,ISF_2008,0.25,0,1,0.2062282229965157,0.2452090592334495,0.0,1784.8939894270152,0.023588777777777778,0.17791811846689895,0.19359756097560976,0.17068937626221767,0,1530,0
1.0,ISF_2009,0.25,0,2,0.2062282229965157,0.3079268292682927,0.0,2351.0692812241614,0.029377444444444446,0.18924216027874566,0.21232578397212543,0.37830665772019645,0,1063,0
1.0,ISF_2010,0.25,0,2,0.2062282229965157,0.3079268292682927,0.0,3314.0435154046863,0.04136833333333333,0.2380226480836237,0.27939895470383275,0.3888253624333407,0,1043,0
1.0,ISF_2011,0.25,0,1,0.2062282229965157,0.2452090592334495,0.0,2893.5882829669863,0.034206,0.2149390243902439,0.2384581881533101,0.30488905072273736,0,1238,0
0.36178305153529483,ISF_2012,0.09044576288382371,0,0,0.2062282229965157,0.10322299651567944,0.0,2893.5882829669863,0.034206,0.2149390243902439,0.2384581881533101,0.22395236224562162,0,1398,0
0.9151878244306803,ISF_2013,0.22879695610767006,0,0,0.2062282229965157,0.10322299651567944,0.0,1517.7210059389472,0.02541111111111111,0.17094947735191637,0.19751742160278746,0.11926525956750296,0,1651,0
1.0,ISF_2014,0.25,0,0,0.2062282229965157,0.10322299651567944,0.0,1517.7210059389472,0.02541111111111111,0.17094947735191637,0.19751742160278746,0.11926525956750296,0,1652,0
1.0,ISF_2015,0.25,0,0,0.2062282229965157,0.10322299651567944,0.0,739.5147326532751,0.010539222222222222,0.12826655052264807,0.11955574912891986,0.03443776562689816,0,2202,0
1.0,ISF_2016,0.25,0,0,0.2062282229965157,0.10322299651567944,0.0,601.1328436173499,0.014930444444444444,0.11476480836236934,0.1452526132404181,0.05797977861097548,0,2063,0
1.0,ISF_2017,0.25,0,0,0.2062282229965157,0.10322299651567944,0.0,451.60495988465846,0.012238666666666667,0.10736062717770035,0.13349303135888502,0.05797977861097548,0,2064,0
1.0,ISF_2018,0.25,0,0,0.2062282229965157,0.10322299651567944,0.0,451.60495988465846,0.012238666666666667,0.10736062717770035,0.13349303135888502,0.05797977861097548,0,2065,0
1.0,ISF_2019,0.25,0,0,0.2062282229965157,0.10322299651567944,0.0,239.6859732400626,0.005643555555555555,0.08732578397212544,0.09472996515679442,0.03859424390577145,0,2165,0
1.0,ISF_2020,0.25,0,0,0.2062282229965157,0.10322299651567944,0.0,239.6859732400626,0.005643555555555555,0.08732578397212544,0.09472996515679442,0.03859424390577145,0,2166,0
1.0,ISF_2021,0.25,0,0,0.2062282229965157,0.10322299651567944,0.0,190.5916712898761,0.0038385555555555556,0.07643728222996515,0.08253484320557491,0.08241391036737568,0,1935,0
1.0,ISF_2022,0.25,0,1,0.2062282229965157,0.2452090592334495,0.0,190.5916712898761,0.0038385555555555556,0.07643728222996515,0.08253484320557491,0.1279973843655847,0,1627,0
1.0,ISF_2023,0.25,0,1,0.2062282229965157,0.2452090592334495,0.0,373.9495216142386,0.007846333333333334,0.101698606271777,0.11084494773519164,0.051421911398404525,0,2113,0
1.0,ISF_2024,0.25,0,1,0.2062282229965157,0.2452090592334495,0.0,373.9495216142386,0.007846333333333334,0.101698606271777,0.11084494773519164,0.051421911398404525,0,2114,0
1.0,ISF_2025,0.25,0,0,0.2062282229965157,0.10322299651567944,0.0,613.0398848354816,0.011028444444444445,0.11650696864111498,0.1247822299651568,0.05797977861097548,0,2066,0
1.0,ISF_2026,0.25,0,0,0.2062282229965157,0.10322299651567944,0.0,613.0398848354816,0.011028444444444445,0.11650696864111498,0.1247822299651568,0.05797977861097548,0,2067,0
1.0,ISF_2027,0.25,0,2,0.2062282229965157,0.3079268292682927,0.0,1488.7806166429073,0.017569222222222222,0.16920731707317074,0.1683362369337979,0.09197294992412013,0,1872,0
1.0,ISF_2028,0.25,0,2,0.2062282229965157,0.3079268292682927,0.0,1488.7806166429073,0.017569222222222222,0.16920731707317074,0.1683362369337979,0.09197294992412013,0,1873,0
1.0,ISF_2029,0.25,0,12,0.2062282229965157,0.525479094076655,0.0,3433.905597379431,0.03718244444444444,0.24107142857142858,0.258493031358885,0.7416403108104449,1,330,1
1.0,ISF_2030,0.25,4,14,0.6117160278745645,0.5485627177700348,0.5943161289177871,6396.304302541539,0.061503555555555554,0.33035714285714285,0.36389372822299654,0.8398749276766466,1,141,1
1.0,ISF_2031,0.25,3,13,0.5792682926829268,0.5376742160278746,0.5252990700743871,9274.121732277796,0.08368722222222222,0.3943815331010453,0.4383710801393728,0.776032413717061,1,263,1
1.0,ISF_2032,0.25,1,6,0.4566637630662021,0.429006968641115,0.3562071871080222,9274.121732277796,0.08368722222222222,0.3943815331010453,0.4383710801393728,0.8489988432709841,1,135,1
1.0,ISF_2033,0.25,0,4,0.2062282229965157,0.37630662020905925,0.0,7349.9549908246845,0.06582588888888889,0.3556184668989547,0.3730400696864111,0.8337066212263214,1,155,1
1.0,ISF_2034,0.25,1,2,0.4566637630662021,0.3079268292682927,0.6309297535714574,7349.9549908246845,0.06582588888888889,0.3556184668989547,0.3730400696864111,0.5863230364121107,1,674,0
1.0,ISF_2035,0.25,1,3,0.4566637630662021,0.3477787456445993,0.5,3866.211857635528,0.03940822222222222,0.26502613240418116,0.26197735191637633,0.8613107301225841,1,107,1
1.0,ISF_2036,0.25,0,1,0.2062282229965157,0.2452090592334495,0.0,1167.048515163362,0.016238333333333334,0.15701219512195122,0.15396341463414634,0.08554580473727798,0,1902,0
1.0,ISF_2037,0.25,0,0,0.2062282229965157,0.10322299651567944,0.0,2771.595779972151,0.03235311111111111,0.2105836236933798,0.22582752613240417,0.25595357656643886,0,1346,0
1.0,ISF_2038,0.25,0,1,0.2062282229965157,0.2452090592334495,0.0,1784.8939894270152,0.023588777777777778,0.17791811846689895,0.19359756097560976,0.17068937626221767,0,1531,0
1.0,ISF_2039,0.25,0,1,0.2062282229965157,0.2452090592334495,0.0,1784.8939894270152,0.023588777777777778,0.17791811846689895,0.19359756097560976,0.17068937626221767,0,1532,0
1.0,ISF_2040,0.25,1,1,0.4566637630662021,0.2452090592334495,1.0,2351.0692812241614,0.029377444444444446,0.18924216027874566,0.21232578397212543,0.6630971637801333,1,504,0
0.9842393945008291,ISF_2041,0.24605984862520727,0,1,0.2062282229965157,0.2452090592334495,0.0,2351.0692812241614,0.029377444444444446,0.18924216027874566,0.21232578397212543,0.34912029583545656,0,1142,0
0.8129468193040763,ISF_2042,0.20323670482601908,0,0,0.2062282229965157,0.10322299651567944,0.0,1416.8190768565983,0.020270555555555556,0.16572299651567945,0.1792247386759582,0.05797977861097548,0,2068,0
0.23973973459029133,ISF_2043,0.05993493364757283,0,0,0.2062282229965157,0.10322299651567944,0.0,1416.8190768565983,0.020270555555555556,0.16572299651567945,0.1792247386759582,0.05797977861097548,0,2069,0
0.23930789824475077,ISF_2044,0.05982697456118769,0,0,0.2062282229965157,0.10322299651567944,0.0,1018.2562314104289,0.01955477777777778,0.14285714285714285,0.17290940766550522,0.05797977861097548,0,2070,0
1.0,ISF_2045,0.25,0,0,0.2062282229965157,0.10322299651567944,0.0,1517.7210059389472,0.02541111111111111,0.17094947735191637,0.19751742160278746,0.11926525956750296,0,1653,0
1.0,ISF_2046,0.25,0,0,0.2062282229965157,0.10322299651567944,0.0,1517.7210059389472,0.02541111111111111,0.17094947735191637,0.19751742160278746,0.11926525956750296,0,1654,0
1.0,ISF_2047,0.25,0,0,0.2062282229965157,0.10322299651567944,0.0,739.5147326532751,0.010539222222222222,0.12826655052264807,0.11955574912891986,0.03443776562689816,0,2203,0
1.0,ISF_2048,0.25,0,0,0.2062282229965157,0.10322299651567944,0.0,739.5147326532751,0.010539222222222222,0.12826655052264807,0.11955574912891986,0.03443776562689816,0,2204,0
1.0,ISF_2049,0.25,0,0,0.2062282229965157,0.10322299651567944,0.0,648.1119764726609,0.008351,0.11999128919860627,0.11258710801393729,0.03443776562689816,0,2205,0
1.0,ISF_2050,0.25,0,0,0.2062282229965157,0.10322299651567944,0.0,648.1119764726609,0.008351,0.11999128919860627,0.11258710801393729,0.03443776562689816,0,2206,0
1.0,ISF_2051,0.25,0,0,0.2062282229965157,0.10322299651567944,0.0,50.4407798293978,0.0008804444444444444,0.052700348432055746,0.04965156794425087,0.09930901560430255,0,1806,0
1.0,ISF_2052,0.25,0,0,0.2062282229965157,0.10322299651567944,0.0,239.6859732400626,0.005643555555555555,0.08732578397212544,0.09472996515679442,0.03859424390577145,0,2167,0
1.0,ISF_2053,0.25,0,1,0.2062282229965157,0.2452090592334495,0.0,190.5916712898761,0.0038385555555555556,0.07643728222996515,0.08253484320557491,0.1279973843655847,0,1628,0
1.0,ISF_2054,0.25,1,1,0.4566637630662021,0.2452090592334495,1.0,190.5916712898761,0.0038385555555555556,0.07643728222996515,0.08253484320557491,0.5018911631369104,1,832,0
1.0,ISF_2055,0.25,1,1,0.4566637630662021,0.2452090592334495,1.0,188.84048492833972,0.003296777777777778,0.07469512195121951,0.07469512195121951,0.5932217289302482,1,661,0
1.0,ISF_2056,0.25,0,1,0.2062282229965157,0.2452090592334495,0.0,188.84048492833972,0.003296777777777778,0.07469512195121951,0.07469512195121951,0.13770934731186146,0,1597,0
1.0,ISF_2057,0.25,0,0,0.2062282229965157,0.10322299651567944,0.0,321.17467305250466,0.005607222222222223,0.09625435540069686,0.09277003484320558,0.03443776562689816,0,2207,0
1.0,ISF_2058,0.25,0,0,0.2062282229965157,0.10322299651567944,0.0,321.17467305250466,0.005607222222222223,0.09625435540069686,0.09277003484320558,0.03443776562689816,0,2208,0
1.0,ISF_2059,0.25,0,0,0.2062282229965157,0.10322299651567944,0.0,1488.7806166429073,0.017569222222222222,0.16920731707317074,0.1683362369337979,0.06044399473471527,0,2018,0
1.0,ISF_2060,0.25,0,0,0.2062282229965157,0.10322299651567944,0.0,1488.7806166429073,0.017569222222222222,0.16920731707317074,0.1683362369337979,0.06044399473471527,0,2019,0
1.0,ISF_2061,0.25,0,3,0.2062282229965157,0.3477787456445993,0.0,3433.905597379431,0.03718244444444444,0.24107142857142858,0.258493031358885,0.4548280691169508,0,898,0
1.0,ISF_2062,0.25,2,7,0.5313588850174216,0.4479529616724739,0.5283208335737188,3433.905597379431,0.03718244444444444,0.24107142857142858,0.258493031358885,0.880277977843199,1,74,1
1.0,ISF_2063,0.25,3,9,0.5792682926829268,0.4817073170731707,0.6020599913279623,7036.48248758167,0.05989022222222222,0.3451655052264808,0.3604094076655052,0.5005450164960891,1,836,0
1.0,ISF_2064,0.25,2,10,0.5313588850174216,0.49869337979094075,0.45815690999132624,7036.48248758167,0.05989022222222222,0.3451655052264808,0.3604094076655052,0.9009866848557323,1,43,1
1.0,ISF_2065,0.25,2,6,0.5313588850174216,0.429006968641115,0.5645750340535797,6698.666441956535,0.056612666666666665,0.3375435540069686,0.3519163763066202,0.8577497583999617,1,119,1
1.0,ISF_2066,0.25,0,4,0.2062282229965157,0.37630662020905925,0.0,7349.9549908246845,0.06582588888888889,0.3556184668989547,0.3730400696864111,0.8337066212263214,1,156,1
1.0,ISF_2067,0.25,0,2,0.2062282229965157,0.3079268292682927,0.0,3866.211857635528,0.03940822222222222,0.26502613240418116,0.26197735191637633,0.40726399409523856,0,994,0
1.0,ISF_2068,0.25,0,2,0.2062282229965157,0.3079268292682927,0.0,1167.048515163362,0.016238333333333334,0.15701219512195122,0.15396341463414634,0.08834420514968425,0,1889,0
1.0,ISF_2069,0.25,0,1,0.2062282229965157,0.2452090592334495,0.0,1167.048515163362,0.016238333333333334,0.15701219512195122,0.15396341463414634,0.08554580473727798,0,1903,0
1.0,ISF_2070,0.25,0,1,0.2062282229965157,0.2452090592334495,0.0,969.2433788366616,0.012204777777777778,0.14176829268292682,0.13175087108013936,0.08554580473727798,0,1904,0
1.0,ISF_2071,0.25,1,1,0.4566637630662021,0.2452090592334495,1.0,969.2433788366616,0.012204777777777778,0.14176829268292682,0.13175087108013936,0.1888669900772723,0,1494,0
1.0,ISF_2072,0.25,1,1,0.4566637630662021,0.2452090592334495,1.0,4748.832620033994,0.03730133333333333,0.2931184668989547,0.2604529616724739,0.7820150985316181,1,253,1
0.9323877044040709,ISF_2073,0.23309692610101773,0,1,0.2062282229965157,0.2452090592334495,0.0,2351.0692812241614,0.029377444444444446,0.18924216027874566,0.21232578397212543,0.34912029583545656,0,1143,0
0.30575106140278163,ISF_2074,0.07643776535069541,0,0,0.2062282229965157,0.10322299651567944,0.0,1120.1177454479039,0.020377333333333334,0.15047909407665505,0.18009581881533102,0.05797977861097548,0,2071,0
1.0,ISF_2075,0.25,0,0,0.2062282229965157,0.10322299651567944,0.0,4004.8788294848055,0.05001877777777778,0.27155923344947736,0.32992160278745647,0.21612591864166575,0,1419,0
1.0,ISF_2076,0.25,0,0,0.2062282229965157,0.10322299651567944,0.0,4004.8788294848055,0.05001877777777778,0.27155923344947736,0.32992160278745647,0.21612591864166575,0,1420,0
1.0,ISF_2077,0.25,0,0,0.2062282229965157,0.10322299651567944,0.0,3628.546879729256,0.04216344444444445,0.2528310104529617,0.2837543554006969,0.26951671835632984,0,1307,0
1.0,ISF_2078,0.25,0,0,0.2062282229965157,0.10322299651567944,0.0,739.5147326532751,0.010539222222222222,0.12826655052264807,0.11955574912891986,0.03443776562689816,0,2209,0
1.0,ISF_2079,0.25,0,0,0.2062282229965157,0.10322299651567944,0.0,648.1119764726609,0.008351,0.11999128919860627,0.11258710801393729,0.03443776562689816,0,2210,0
1.0,ISF_2080,0.25,0,0,0.2062282229965157,0.10322299651567944,0.0,648.1119764726609,0.008351,0.11999128919860627,0.11258710801393729,0.03443776562689816,0,2211,0
1.0,ISF_2081,0.25,0,0,0.2062282229965157,0.10322299651567944,0.0,50.4407798293978,0.0008804444444444444,0.052700348432055746,0.04965156794425087,0.09930901560430255,0,1807,0
1.0,ISF_2082,0.25,0,0,0.2062282229965157,0.10322299651567944,0.0,50.4407798293978,0.0008804444444444444,0.052700348432055746,0.04965156794425087,0.09930901560430255,0,1808,0
1.0,ISF_2083,0.25,0,1,0.2062282229965157,0.2452090592334495,0.0,178.67444178648293,0.0031194444444444447,0.07295296167247386,0.07295296167247386,0.13770934731186146,0,1598,0
1.0,ISF_2084,0.25,0,1,0.2062282229965157,0.2452090592334495,0.0,178.67444178648293,0.0031194444444444447,0.07295296167247386,0.07295296167247386,0.13770934731186146,0,1599,0
1.0,ISF_2085,0.25,1,1,0.4566637630662021,0.2452090592334495,1.0,188.84048492833972,0.003296777777777778,0.07469512195121951,0.07469512195121951,0.5932217289302482,1,662,0
1.0,ISF_2086,0.25,0,1,0.2062282229965157,0.2452090592334495,0.0,188.84048492833972,0.003296777777777778,0.07469512195121951,0.07469512195121951,0.13770934731186146,0,1600,0
1.0,ISF_2087,0.25,0,0,0.2062282229965157,0.10322299651567944,0.0,321.17467305250466,0.005607222222222223,0.09625435540069686,0.09277003484320558,0.03443776562689816,0,2212,0
1.0,ISF_2088,0.25,0,0,0.2062282229965157,0.10322299651567944,0.0,321.17467305250466,0.005607222222222223,0.09625435540069686,0.09277003484320558,0.03443776562689816,0,2213,0
1.0,ISF_2089,0.25,0,0,0.2062282229965157,0.10322299651567944,0.0,320.39580361172557,0.005593333333333333,0.09429442508710802,0.09081010452961673,0.03859424390577145,0,2168,0
1.0,ISF_2090,0.25,0,0,0.2062282229965157,0.10322299651567944,0.0,320.39580361172557,0.005593333333333333,0.09429442508710802,0.09081010452961673,0.03859424390577145,0,2169,0
1.0,ISF_2091,0.25,0,1,0.2062282229965157,0.2452090592334495,0.0,881.727337544784,0.015125333333333333,0.14002613240418119,0.14699477351916376,0.08554580473727798,0,1905,0
1.0,ISF_2092,0.25,0,3,0.2062282229965157,0.3477787456445993,0.0,3433.905597379431,0.03718244444444444,0.24107142857142858,0.258493031358885,0.4548280691169508,0,899,0
1.0,ISF_2093,0.25,1,9,0.4566637630662021,0.4817073170731707,0.30102999566398114,7036.48248758167,0.05989022222222222,0.3451655052264808,0.3604094076655052,0.8803154637816352,1,73,1
1.0,ISF_2094,0.25,5,7,0.6380662020905923,0.4479529616724739,0.8616541669070521,7036.48248758167,0.05989022222222222,0.3451655052264808,0.3604094076655052,0.4154234037495883,0,966,0
1.0,ISF_2095,0.25,5,6,0.6380662020905923,0.429006968641115,0.9207822211616018,6698.666441956535,0.056612666666666665,0.3375435540069686,0.3519163763066202,0.6871098943390898,1,454,1
1.0,ISF_2096,0.25,0,6,0.2062282229965157,0.429006968641115,0.0,6698.666441956535,0.056612666666666665,0.3375435540069686,0.3519163763066202,0.8727332478340805,1,93,1
1.0,ISF_2097,0.25,1,1,0.4566637630662021,0.2452090592334495,1.0,5560.593947397545,0.047939444444444444,0.3207752613240418,0.31293554006968644,0.7820150985316181,1,254,1
1.0,ISF_2098,0.25,1,1,0.4566637630662021,0.2452090592334495,1.0,1678.8275815173984,0.019923333333333335,0.17443379790940766,0.1757404181184669,0.18786982763782747,0,1497,0
1.0,ISF_2099,0.25,0,1,0.2062282229965157,0.2452090592334495,0.0,1167.048515163362,0.016238333333333334,0.15701219512195122,0.15396341463414634,0.08554580473727798,0,1906,0
1.0,ISF_2100,0.25,0,0,0.2062282229965157,0.10322299651567944,0.0,969.2433788366616,0.012204777777777778,0.14176829268292682,0.13175087108013936,0.05797977861097548,0,2072,0
1.0,ISF_2101,0.25,0,1,0.2062282229965157,0.2452090592334495,0.0,969.2433788366616,0.012204777777777778,0.14176829268292682,0.13175087108013936,0.08554580473727798,0,1907,0
1.0,ISF_2102,0.25,0,1,0.2062282229965157,0.2452090592334495,0.0,4748.832620033994,0.03730133333333333,0.2931184668989547,0.2604529616724739,0.8235976781878313,1,184,1
0.9760674290539322,ISF_2103,0.24401685726348304,0,1,0.2062282229965157,0.2452090592334495,0.0,4748.832620033994,0.03730133333333333,0.2931184668989547,0.2604529616724739,0.8235976781878313,1,185,1
0.13535947409624025,ISF_2104,0.03383986852406006,0,0,0.2062282229965157,0.10322299651567944,0.0,1120.1177454479039,0.020377333333333334,0.15047909407665505,0.18009581881533102,0.05797977861097548,0,2073,0
0.9878961104159878,ISF_2105,0.24697402760399695,0,0,0.2062282229965157,0.10322299651567944,0.0,4004.8788294848055,0.05001877777777778,0.27155923344947736,0.32992160278745647,0.21612591864166575,0,1421,0
1.0,ISF_2106,0.25,0,0,0.2062282229965157,0.10322299651567944,0.0,4004.8788294848055,0.05001877777777778,0.27155923344947736,0.32992160278745647,0.21612591864166575,0,1422,0
1.0,ISF_2107,0.25,0,2,0.2062282229965157,0.3079268292682927,0.0,3628.546879729256,0.04216344444444445,0.2528310104529617,0.2837543554006969,0.3888253624333407,0,1044,0
1.0,ISF_2108,0.25,0,2,0.2062282229965157,0.3079268292682927,0.0,3628.546879729256,0.04216344444444445,0.2528310104529617,0.2837543554006969,0.3888253624333407,0,1045,0
1.0,ISF_2109,0.25,0,2,0.2062282229965157,0.3079268292682927,0.0,3027.126413790509,0.03202633333333333,0.22408536585365854,0.22408536585365854,0.4880304737043362,0,857,0
1.0,ISF_2110,0.25,0,0,0.2062282229965157,0.10322299651567944,0.0,3027.126413790509,0.03202633333333333,0.22408536585365854,0.22408536585365854,0.3560131271141122,0,1126,0
1.0,ISF_2111,0.25,0,0,0.2062282229965157,0.10322299651567944,0.0,50.4407798293978,0.0008804444444444444,0.052700348432055746,0.04965156794425087,0.09930901560430255,0,1809,0
1.0,ISF_2112,0.25,0,0,0.2062282229965157,0.10322299651567944,0.0,50.4407798293978,0.0008804444444444444,0.052700348432055746,0.04965156794425087,0.09930901560430255,0,1810,0
1.0,ISF_2113,0.25,0,0,0.2062282229965157,0.10322299651567944,0.0,178.67444178648293,0.0031194444444444447,0.07295296167247386,0.07295296167247386,0.08241391036737568,0,1936,0
1.0,ISF_2114,0.25,0,1,0.2062282229965157,0.2452090592334495,0.0,178.67444178648293,0.0031194444444444447,0.07295296167247386,0.07295296167247386,0.13770934731186146,0,1601,0
1.0,ISF_2115,0.25,0,1,0.2062282229965157,0.2452090592334495,0.0,176.35819265432656,0.003079,0.07121080139372822,0.07121080139372822,0.13770934731186146,0,1602,0
1.0,ISF_2116,0.25,0,0,0.2062282229965157,0.10322299651567944,0.0,176.35819265432656,0.003079,0.07121080139372822,0.07121080139372822,0.08241391036737568,0,1937,0
1.0,ISF_2117,0.25,0,0,0.2062282229965157,0.10322299651567944,0.0,336.3830120507628,0.005883333333333333,0.09821428571428571,0.09647212543554007,0.03443776562689816,0,2214,0
1.0,ISF_2118,0.25,0,0,0.2062282229965157,0.10322299651567944,0.0,321.17467305250466,0.005607222222222223,0.09625435540069686,0.09277003484320558,0.03443776562689816,0,2215,0
1.0,ISF_2119,0.25,0,0,0.2062282229965157,0.10322299651567944,0.0,320.39580361172557,0.005593333333333333,0.09429442508710802,0.09081010452961673,0.03859424390577145,0,2170,0
1.0,ISF_2120,0.25,0,0,0.2062282229965157,0.10322299651567944,0.0,320.39580361172557,0.005593333333333333,0.09429442508710802,0.09081010452961673,0.03859424390577145,0,2171,0
1.0,ISF_2121,0.25,0,0,0.2062282229965157,0.10322299651567944,0.0,881.727337544784,0.015125333333333333,0.14002613240418119,0.14699477351916376,0.05797977861097548,0,2074,0
1.0,ISF_2122,0.25,0,1,0.2062282229965157,0.2452090592334495,0.0,881.727337544784,0.015125333333333333,0.14002613240418119,0.14699477351916376,0.08554580473727798,0,1908,0
1.0,ISF_2123,0.25,0,5,0.2062282229965157,0.40331010452961674,0.0,4864.433803562075,0.044256111111111114,0.29943379790940766,0.2968205574912892,0.9072622745571778,1,31,1
1.0,ISF_2124,0.25,3,7,0.5792682926829268,0.4479529616724739,0.6666666666666667,4864.433803562075,0.044256111111111114,0.29943379790940766,0.2968205574912892,0.7267785401035038,1,370,1
1.0,ISF_2125,0.25,3,6,0.5792682926829268,0.429006968641115,0.7124143742160444,6698.666441956535,0.056612666666666665,0.3375435540069686,0.3519163763066202,0.8673498260552581,1,98,1
1.0,ISF_2126,0.25,0,4,0.2062282229965157,0.37630662020905925,0.0,6698.666441956535,0.056612666666666665,0.3375435540069686,0.3519163763066202,0.8762955183827531,1,85,1
1.0,ISF_2127,0.25,0,1,0.2062282229965157,0.2452090592334495,0.0,5560.593947397545,0.047939444444444444,0.3207752613240418,0.31293554006968644,0.7717231108526117,1,268,1
1.0,ISF_2128,0.25,0,1,0.2062282229965157,0.2452090592334495,0.0,1678.8275815173984,0.019923333333333335,0.17443379790940766,0.1757404181184669,0.08907083534569674,0,1880,0
1.0,ISF_2129,0.25,0,1,0.2062282229965157,0.2452090592334495,0.0,1678.8275815173984,0.019923333333333335,0.17443379790940766,0.1757404181184669,0.08907083534569674,0,1881,0
1.0,ISF_2130,0.25,0,0,0.2062282229965157,0.10322299651567944,0.0,1147.8058267515153,0.015933,0.15352787456445993,0.14873693379790942,0.05797977861097548,0,2075,0
1.0,ISF_2131,0.25,0,0,0.2062282229965157,0.10322299651567944,0.0,1147.8058267515153,0.015933,0.15352787456445993,0.14873693379790942,0.05797977861097548,0,2076,0
1.0,ISF_2132,0.25,0,0,0.2062282229965157,0.10322299651567944,0.0,4748.832620033994,0.03730133333333333,0.2931184668989547,0.2604529616724739,0.7274445389757861,1,367,1
0.9461455324712537,ISF_2133,0.23653638311781341,0,0,0.2062282229965157,0.10322299651567944,0.0,4748.832620033994,0.03730133333333333,0.2931184668989547,0.2604529616724739,0.7274445389757861,1,368,1
0.6191315296270862,ISF_2134,0.15478288240677154,0,1,0.2062282229965157,0.2452090592334495,0.0,3893.584329534322,0.04733888888888889,0.2663327526132404,0.31119337979094075,0.377199040472418,0,1067,0
1.0,ISF_2135,0.25,0,2,0.2062282229965157,0.3079268292682927,0.0,3893.584329534322,0.04733888888888889,0.2663327526132404,0.31119337979094075,0.40726399409523856,0,995,0
1.0,ISF_2136,0.25,1,3,0.4566637630662021,0.3477787456445993,0.5,3723.1440228614956,0.043638,0.2587108013937282,0.2926829268292683,0.8613107301225841,1,108,1
1.0,ISF_2137,0.25,2,3,0.5313588850174216,0.3477787456445993,0.7924812503605781,3628.546879729256,0.04216344444444445,0.2528310104529617,0.2837543554006969,0.5652179452795933,1,696,0
1.0,ISF_2138,0.25,0,2,0.2062282229965157,0.3079268292682927,0.0,3027.126413790509,0.03202633333333333,0.22408536585365854,0.22408536585365854,0.4880304737043362,0,858,0
1.0,ISF_2139,0.25,0,0,0.2062282229965157,0.10322299651567944,0.0,3027.126413790509,0.03202633333333333,0.22408536585365854,0.22408536585365854,0.3560131271141122,0,1127,0
1.0,ISF_2140,0.25,0,0,0.2062282229965157,0.10322299651567944,0.0,37.40360615774989,0.0006526666666666666,0.044642857142857144,0.04159407665505226,0.09930901560430255,0,1811,0
1.0,ISF_2141,0.25,0,0,0.2062282229965157,0.10322299651567944,0.0,37.40360615774989,0.0006526666666666666,0.044642857142857144,0.04159407665505226,0.09930901560430255,0,1812,0
1.0,ISF_2142,0.25,0,0,0.2062282229965157,0.10322299651567944,0.0,26.845582276582718,0.00046866666666666666,0.037456445993031356,0.03440766550522648,0.09930901560430255,0,1813,0
1.0,ISF_2143,0.25,0,0,0.2062282229965157,0.10322299651567944,0.0,26.845582276582718,0.00046866666666666666,0.037456445993031356,0.03440766550522648,0.09930901560430255,0,1814,0
1.0,ISF_2144,0.25,0,0,0.2062282229965157,0.10322299651567944,0.0,176.35819265432656,0.003079,0.07121080139372822,0.07121080139372822,0.08241391036737568,0,1938,0
1.0,ISF_2145,0.25,0,0,0.2062282229965157,0.10322299651567944,0.0,176.35819265432656,0.003079,0.07121080139372822,0.07121080139372822,0.08241391036737568,0,1939,0
1.0,ISF_2146,0.25,0,0,0.2062282229965157,0.10322299651567944,0.0,336.3830120507628,0.005883333333333333,0.09821428571428571,0.09647212543554007,0.03443776562689816,0,2216,0
1.0,ISF_2147,0.25,0,0,0.2062282229965157,0.10322299651567944,0.0,336.3830120507628,0.005883333333333333,0.09821428571428571,0.09647212543554007,0.03443776562689816,0,2217,0
1.0,ISF_2148,0.25,0,0,0.2062282229965157,0.10322299651567944,0.0,515.3603512775153,0.009007666666666667,0.11258710801393729,0.11650696864111498,0.03443776562689816,0,2218,0
1.0,ISF_2149,0.25,0,5,0.2062282229965157,0.40331010452961674,0.0,515.3603512775153,0.009007666666666667,0.11258710801393729,0.11650696864111498,0.12311362971023211,0,1643,0
1.0,ISF_2150,0.25,0,9,0.2062282229965157,0.4817073170731707,0.0,1037.5243674945086,0.017411333333333334,0.1441637630662021,0.16376306620209058,0.18998485809597387,0,1489,0
1.0,ISF_2151,0.25,0,12,0.2062282229965157,0.525479094076655,0.0,881.727337544784,0.015125333333333333,0.14002613240418119,0.14699477351916376,0.2837951851212582,0,1280,0
1.0,ISF_2152,0.25,0,4,0.2062282229965157,0.37630662020905925,0.0,4864.433803562075,0.044256111111111114,0.29943379790940766,0.2968205574912892,0.9072622745571778,1,32,1
1.0,ISF_2153,0.25,1,6,0.4566637630662021,0.429006968641115,0.3562071871080222,4864.433803562075,0.044256111111111114,0.29943379790940766,0.2968205574912892,0.9471864133294914,1,5,1
1.0,ISF_2154,0.25,0,4,0.2062282229965157,0.37630662020905925,0.0,8233.441142108291,0.07934477777777778,0.3747822299651568,0.4248693379790941,0.6982918061206443,1,441,1
1.0,ISF_2155,0.25,0,1,0.2062282229965157,0.2452090592334495,0.0,8233.441142108291,0.07934477777777778,0.3747822299651568,0.4248693379790941,0.6384606178984988,1,555,0
1.0,ISF_2156,0.25,0,0,0.2062282229965157,0.10322299651567944,0.0,8994.983152369037,0.08685988888888889,0.3913327526132404,0.4488240418118467,0.2935732140531086,0,1262,0
1.0,ISF_2157,0.25,0,0,0.2062282229965157,0.10322299651567944,0.0,4933.55730449222,0.05678344444444444,0.30357142857142855,0.35409407665505227,0.6660524241229439,1,491,0
1.0,ISF_2158,0.25,0,0,0.2062282229965157,0.10322299651567944,0.0,1678.8275815173984,0.019923333333333335,0.17443379790940766,0.1757404181184669,0.06044399473471527,0,2020,0
1.0,ISF_2159,0.25,0,0,0.2062282229965157,0.10322299651567944,0.0,1147.8058267515153,0.015933,0.15352787456445993,0.14873693379790942,0.05797977861097548,0,2077,0
1.0,ISF_2160,0.25,0,0,0.2062282229965157,0.10322299651567944,0.0,1147.8058267515153,0.015933,0.15352787456445993,0.14873693379790942,0.05797977861097548,0,2078,0
1.0,ISF_2161,0.25,0,0,0.2062282229965157,0.10322299651567944,0.0,10256.498993096873,0.071521,0.4248693379790941,0.39307491289198604,0.6013581981590199,1,635,0
0.4865160724475125,ISF_2162,0.12162901811187812,0,0,0.2062282229965157,0.10322299651567944,0.0,10256.498993096873,0.071521,0.4248693379790941,0.39307491289198604,0.6013581981590199,1,636,0
0.10385868631416888,ISF_2163,0.02596467157854222,0,1,0.2062282229965157,0.2452090592334495,0.0,3893.584329534322,0.04733888888888889,0.2663327526132404,0.31119337979094075,0.377199040472418,0,1068,0
0.95631490901792,ISF_2164,0.23907872725448,1,2,0.4566637630662021,0.3079268292682927,0.6309297535714574,3893.584329534322,0.04733888888888889,0.2663327526132404,0.31119337979094075,0.6726267953963616,1,473,0
1.0,ISF_2165,0.25,2,3,0.5313588850174216,0.3477787456445993,0.7924812503605781,3723.1440228614956,0.043638,0.2587108013937282,0.2926829268292683,0.6936995428678863,1,446,1
1.0,ISF_2166,0.25,2,3,0.5313588850174216,0.3477787456445993,0.7924812503605781,3723.1440228614956,0.043638,0.2587108013937282,0.2926829268292683,0.6936995428678863,1,447,1
1.0,ISF_2167,0.25,0,2,0.2062282229965157,0.3079268292682927,0.0,3144.92168340832,0.034498666666666664,0.23105400696864112,0.24020034843205576,0.44434150708425535,0,920,0
1.0,ISF_2168,0.25,0,0,0.2062282229965157,0.10322299651567944,0.0,3144.92168340832,0.034498666666666664,0.23105400696864112,0.24020034843205576,0.31682879589606566,0,1210,0
1.0,ISF_2169,0.25,0,0,0.2062282229965157,0.10322299651567944,0.0,37.40360615774989,0.0006526666666666666,0.044642857142857144,0.04159407665505226,0.09930901560430255,0,1815,0
1.0,ISF_2170,0.25,0,0,0.2062282229965157,0.10322299651567944,0.0,37.40360615774989,0.0006526666666666666,0.044642857142857144,0.04159407665505226,0.09930901560430255,0,1816,0
1.0,ISF_2171,0.25,0,0,0.2062282229965157,0.10322299651567944,0.0,26.845582276582718,0.00046866666666666666,0.037456445993031356,0.03440766550522648,0.09930901560430255,0,1817,0
1.0,ISF_2172,0.25,0,0,0.2062282229965157,0.10322299651567944,0.0,26.845582276582718,0.00046866666666666666,0.037456445993031356,0.03440766550522648,0.09930901560430255,0,1818,0
1.0,ISF_2173,0.25,0,0,0.2062282229965157,0.10322299651567944,0.0,24.53696913085878,0.00042833333333333335,0.033754355400696864,0.03244773519163763,0.09930901560430255,0,1819,0
1.0,ISF_2174,0.25,0,0,0.2062282229965157,0.10322299651567944,0.0,24.53696913085878,0.00042833333333333335,0.033754355400696864,0.03244773519163763,0.09930901560430255,0,1820,0
1.0,ISF_2175,0.25,0,0,0.2062282229965157,0.10322299651567944,0.0,124.92728023044765,0.002191222222222222,0.05945121951219512,0.06119337979094076,0.09930901560430255,0,1821,0
1.0,ISF_2176,0.25,0,0,0.2062282229965157,0.10322299651567944,0.0,336.3830120507628,0.005883333333333333,0.09821428571428571,0.09647212543554007,0.03443776562689816,0,2219,0
1.0,ISF_2177,0.25,0,1,0.2062282229965157,0.2452090592334495,0.0,515.3603512775153,0.009007666666666667,0.11258710801393729,0.11650696864111498,0.051421911398404525,0,2115,0
1.0,ISF_2178,0.25,0,10,0.2062282229965157,0.49869337979094075,0.0,515.3603512775153,0.009007666666666667,0.11258710801393729,0.11650696864111498,0.1867393747491946,0,1498,0
1.0,ISF_2179,0.25,9,11,0.7025261324041812,0.5145905923344948,0.9266284080291269,1037.5243674945086,0.017411333333333334,0.1441637630662021,0.16376306620209058,0.07866569832145286,0,1945,0
1.0,ISF_2180,0.25,10,12,0.7158101045296167,0.525479094076655,0.9348704159880586,1037.5243674945086,0.017411333333333334,0.1441637630662021,0.16376306620209058,0.08271656106202108,0,1911,0
1.0,ISF_2181,0.25,3,12,0.5792682926829268,0.525479094076655,0.5404763088546395,4428.052452351898,0.049397444444444445,0.2837543554006969,0.3194686411149826,0.8587767461749563,1,115,1
1.0,ISF_2182,0.25,2,3,0.5313588850174216,0.3477787456445993,0.7924812503605781,4428.052452351898,0.049397444444444445,0.2837543554006969,0.3194686411149826,0.6446475834053689,1,543,0
1.0,ISF_2183,0.25,0,2,0.2062282229965157,0.3079268292682927,0.0,8233.441142108291,0.07934477777777778,0.3747822299651568,0.4248693379790941,0.6266901943063223,1,593,0
1.0,ISF_2184,0.25,0,0,0.2062282229965157,0.10322299651567944,0.0,8233.441142108291,0.07934477777777778,0.3747822299651568,0.4248693379790941,0.5550253812952926,1,715,0
1.0,ISF_2185,0.25,0,0,0.2062282229965157,0.10322299651567944,0.0,8994.983152369037,0.08685988888888889,0.3913327526132404,0.4488240418118467,0.2935732140531086,0,1263,0
1.0,ISF_2186,0.25,0,0,0.2062282229965157,0.10322299651567944,0.0,4933.55730449222,0.05678344444444444,0.30357142857142855,0.35409407665505227,0.6660524241229439,1,492,0
1.0,ISF_2187,0.25,0,0,0.2062282229965157,0.10322299651567944,0.0,4933.55730449222,0.05678344444444444,0.30357142857142855,0.35409407665505227,0.6660524241229439,1,493,0
1.0,ISF_2188,0.25,0,0,0.2062282229965157,0.10322299651567944,0.0,1582.5479862056673,0.02149,0.17269163763066203,0.18488675958188153,0.06044399473471527,0,2021,0
1.0,ISF_2189,0.25,0,0,0.2062282229965157,0.10322299651567944,0.0,1582.5479862056673,0.02149,0.17269163763066203,0.18488675958188153,0.06044399473471527,0,2022,0
1.0,ISF_2190,0.25,0,0,0.2062282229965157,0.10322299651567944,0.0,10256.498993096873,0.071521,0.4248693379790941,0.39307491289198604,0.6013581981590199,1,637,0
0.26293773950746674,ISF_2191,0.06573443487686668,0,0,0.2062282229965157,0.10322299651567944,0.0,10256.498993096873,0.071521,0.4248693379790941,0.39307491289198604,0.6013581981590199,1,638,0
0.495654753442388,ISF_2192,0.123913688360597,1,1,0.4566637630662021,0.2452090592334495,1.0,4270.654421817511,0.04734588888888889,0.27656794425087106,0.3122822299651568,0.7820150985316181,1,255,1
1.0,ISF_2193,0.25,1,3,0.4566637630662021,0.3477787456445993,0.5,3723.1440228614956,0.043638,0.2587108013937282,0.2926829268292683,0.8613107301225841,1,109,1
1.0,ISF_2194,0.25,0,3,0.2062282229965157,0.3477787456445993,0.0,3723.1440228614956,0.043638,0.2587108013937282,0.2926829268292683,0.46552115753999823,0,882,0
1.0,ISF_2195,0.25,0,2,0.2062282229965157,0.3079268292682927,0.0,3144.92168340832,0.034498666666666664,0.23105400696864112,0.24020034843205576,0.44434150708425535,0,921,0
1.0,ISF_2196,0.25,0,0,0.2062282229965157,0.10322299651567944,0.0,3144.92168340832,0.034498666666666664,0.23105400696864112,0.24020034843205576,0.31682879589606566,0,1211,0
1.0,ISF_2197,0.25,0,0,0.2062282229965157,0.10322299651567944,0.0,45.233037766069174,0.0007891111111111111,0.04812717770034843,0.04507839721254355,0.09930901560430255,0,1822,0
1.0,ISF_2198,0.25,0,0,0.2062282229965157,0.10322299651567944,0.0,45.233037766069174,0.0007891111111111111,0.04812717770034843,0.04507839721254355,0.09930901560430255,0,1823,0
1.0,ISF_2199,0.25,0,0,0.2062282229965157,0.10322299651567944,0.0,38.15447823703289,0.0006657777777777778,0.04638501742160279,0.04333623693379791,0.09930901560430255,0,1824,0
1.0,ISF_2200,0.25,0,0,0.2062282229965157,0.10322299651567944,0.0,26.845582276582718,0.00046866666666666666,0.037456445993031356,0.03440766550522648,0.09930901560430255,0,1825,0
1.0,ISF_2201,0.25,0,0,0.2062282229965157,0.10322299651567944,0.0,24.53696913085878,0.00042833333333333335,0.033754355400696864,0.03244773519163763,0.09930901560430255,0,1826,0
1.0,ISF_2202,0.25,0,0,0.2062282229965157,0.10322299651567944,0.0,24.53696913085878,0.00042833333333333335,0.033754355400696864,0.03244773519163763,0.09930901560430255,0,1827,0
1.0,ISF_2203,0.25,0,1,0.2062282229965157,0.2452090592334495,0.0,124.92728023044765,0.002191222222222222,0.05945121951219512,0.06119337979094076,0.16391520100777143,0,1554,0
1.0,ISF_2204,0.25,0,2,0.2062282229965157,0.3079268292682927,0.0,124.92728023044765,0.002191222222222222,0.05945121951219512,0.06119337979094076,0.16880400824974004,0,1539,0
1.0,ISF_2205,0.25,1,1,0.4566637630662021,0.2452090592334495,1.0,446.89864332042634,0.007812111111111111,0.10561846689895471,0.109102787456446,0.18108892457700476,0,1513,0
1.0,ISF_2206,0.25,1,10,0.4566637630662021,0.49869337979094075,0.2890648263178878,446.89864332042634,0.007812111111111111,0.10561846689895471,0.109102787456446,0.5083393474706814,1,813,0
1.0,ISF_2207,0.25,9,10,0.7025261324041812,0.49869337979094075,0.9602525677891275,1037.5243674945086,0.017411333333333334,0.1441637630662021,0.16376306620209058,0.07866569832145286,0,1946,0
1.0,ISF_2208,0.25,8,11,0.688588850174216,0.5145905923344948,0.8842282173954806,1037.5243674945086,0.017411333333333334,0.1441637630662021,0.16376306620209058,0.07225663685860485,0,1967,0
0.8842359704326074,ISF_2209,0.22105899260815184,2,12,0.5313588850174216,0.525479094076655,0.42831734103139474,4428.052452351898,0.049397444444444445,0.2837543554006969,0.3194686411149826,0.9171132919844632,1,24,1
0.6120989764825486,ISF_2210,0.15302474412063716,0,3,0.2062282229965157,0.3477787456445993,0.0,4428.052452351898,0.049397444444444445,0.2837543554006969,0.3194686411149826,0.8246753434540552,1,179,1
1.0,ISF_2211,0.25,0,3,0.2062282229965157,0.3477787456445993,0.0,11462.628476213664,0.13572922222222222,0.44729965156794427,0.600609756097561,0.5059477987932106,1,816,0
1.0,ISF_2212,0.25,0,1,0.2062282229965157,0.2452090592334495,0.0,11462.628476213664,0.13572922222222222,0.44729965156794427,0.600609756097561,0.5052053459369525,1,820,0
1.0,ISF_2213,0.25,0,0,0.2062282229965157,0.10322299651567944,0.0,12877.238213650882,0.15188122222222222,0.4806184668989547,0.6226045296167247,0.409940907708445,0,981,0
1.0,ISF_2214,0.25,0,0,0.2062282229965157,0.10322299651567944,0.0,4933.55730449222,0.05678344444444444,0.30357142857142855,0.35409407665505227,0.6660524241229439,1,494,0
1.0,ISF_2215,0.25,0,0,0.2062282229965157,0.10322299651567944,0.0,4933.55730449222,0.05678344444444444,0.30357142857142855,0.35409407665505227,0.6660524241229439,1,495,0
1.0,ISF_2216,0.25,0,0,0.2062282229965157,0.10322299651567944,0.0,1582.5479862056673,0.02149,0.17269163763066203,0.18488675958188153,0.06044399473471527,0,2023,0
1.0,ISF_2217,0.25,0,0,0.2062282229965157,0.10322299651567944,0.0,1582.5479862056673,0.02149,0.17269163763066203,0.18488675958188153,0.06044399473471527,0,2024,0
1.0,ISF_2218,0.25,0,0,0.2062282229965157,0.10322299651567944,0.0,10552.88726444915,0.07358722222222222,0.4318379790940767,0.3991724738675958,0.6013581981590199,1,639,0
0.3553071500845141,ISF_2219,0.08882678752112852,0,0,0.2062282229965157,0.10322299651567944,0.0,10552.88726444915,0.07358722222222222,0.4318379790940767,0.3991724738675958,0.6013581981590199,1,640,0
0.8902040962027249,ISF_2220,0.22255102405068122,0,1,0.2062282229965157,0.2452090592334495,0.0,3723.1822026800364,0.042374777777777775,0.2606707317073171,0.2863675958188153,0.377199040472418,0,1069,0
1.0,ISF_2221,0.25,0,0,0.2062282229965157,0.10322299651567944,0.0,3723.1822026800364,0.042374777777777775,0.2606707317073171,0.2863675958188153,0.26951671835632984,0,1308,0
1.0,ISF_2222,0.25,0,0,0.2062282229965157,0.10322299651567944,0.0,2679.8010289259255,0.029342333333333335,0.20165505226480837,0.21036585365853658,0.2608480800863392,0,1333,0
1.0,ISF_2223,0.25,0,0,0.2062282229965157,0.10322299651567944,0.0,2679.8010289259255,0.029342333333333335,0.20165505226480837,0.21036585365853658,0.2608480800863392,0,1334,0
1.0,ISF_2224,0.25,0,0,0.2062282229965157,0.10322299651567944,0.0,45.233037766069174,0.0007891111111111111,0.04812717770034843,0.04507839721254355,0.09930901560430255,0,1828,0
1.0,ISF_2225,0.25,0,0,0.2062282229965157,0.10322299651567944,0.0,45.233037766069174,0.0007891111111111111,0.04812717770034843,0.04507839721254355,0.09930901560430255,0,1829,0
1.0,ISF_2226,0.25,0,0,0.2062282229965157,0.10322299651567944,0.0,38.15447823703289,0.0006657777777777778,0.04638501742160279,0.04333623693379791,0.09930901560430255,0,1830,0
1.0,ISF_2227,0.25,0,0,0.2062282229965157,0.10322299651567944,0.0,38.15447823703289,0.0006657777777777778,0.04638501742160279,0.04333623693379791,0.09930901560430255,0,1831,0
1.0,ISF_2228,0.25,0,0,0.2062282229965157,0.10322299651567944,0.0,15.144706016406417,0.0002641111111111111,0.029834494773519165,0.028527874564459932,0.09930901560430255,0,1832,0
1.0,ISF_2229,0.25,0,1,0.2062282229965157,0.2452090592334495,0.0,15.144706016406417,0.0002641111111111111,0.029834494773519165,0.028527874564459932,0.16391520100777143,0,1555,0
1.0,ISF_2230,0.25,0,1,0.2062282229965157,0.2452090592334495,0.0,107.29833432100713,0.0018832222222222223,0.057926829268292686,0.05618466898954704,0.16391520100777143,0,1556,0
1.0,ISF_2231,0.25,1,2,0.4566637630662021,0.3079268292682927,0.6309297535714574,124.92728023044765,0.002191222222222222,0.05945121951219512,0.06119337979094076,0.392852300259549,0,1030,0
1.0,ISF_2232,0.25,0,2,0.2062282229965157,0.3079268292682927,0.0,446.89864332042634,0.007812111111111111,0.10561846689895471,0.109102787456446,0.05316894377403714,0,2097,0
1.0,ISF_2233,0.25,1,3,0.4566637630662021,0.3477787456445993,0.5,446.89864332042634,0.007812111111111111,0.10561846689895471,0.109102787456446,0.33868818663897343,0,1165,0
0.9996838926101643,ISF_2234,0.24992097315254108,0,10,0.2062282229965157,0.49869337979094075,0.0,780.6396069526672,0.013084222222222223,0.1297909407665505,0.13632404181184668,0.2837951851212582,0,1281,0
0.684974368306459,ISF_2235,0.17124359207661474,0,9,0.2062282229965157,0.4817073170731707,0.0,780.6396069526672,0.013084222222222223,0.1297909407665505,0.13632404181184668,0.18998485809597387,0,1490,0
0.24095875237323344,ISF_2236,0.06023968809330836,0,3,0.2062282229965157,0.3477787456445993,0.0,11462.628476213664,0.13572922222222222,0.44729965156794427,0.600609756097561,0.5059477987932106,1,817,0
1.0,ISF_2237,0.25,1,3,0.4566637630662021,0.3477787456445993,0.5,11462.628476213664,0.13572922222222222,0.44729965156794427,0.600609756097561,0.7432353545264478,1,326,1
1.0,ISF_2238,0.25,0,3,0.2062282229965157,0.3477787456445993,0.0,11462.628476213664,0.13572922222222222,0.44729965156794427,0.600609756097561,0.5059477987932106,1,818,0
1.0,ISF_2239,0.25,0,0,0.2062282229965157,0.10322299651567944,0.0,12877.238213650882,0.15188122222222222,0.4806184668989547,0.6226045296167247,0.409940907708445,0,982,0
1.0,ISF_2240,0.25,0,0,0.2062282229965157,0.10322299651567944,0.0,12877.238213650882,0.15188122222222222,0.4806184668989547,0.6226045296167247,0.409940907708445,0,983,0
1.0,ISF_2241,0.25,0,0,0.2062282229965157,0.10322299651567944,0.0,9742.698936799541,0.1256828888888889,0.40831881533101044,0.581663763066202,0.4897490006996383,0,855,0
1.0,ISF_2242,0.25,0,0,0.2062282229965157,0.10322299651567944,0.0,2483.9939883518964,0.035384,0.19446864111498258,0.2458623693379791,0.19192429768289132,0,1477,0
1.0,ISF_2243,0.25,0,0,0.2062282229965157,0.10322299651567944,0.0,2483.9939883518964,0.035384,0.19446864111498258,0.2458623693379791,0.19192429768289132,0,1478,0
1.0,ISF_2244,0.25,0,0,0.2062282229965157,0.10322299651567944,0.0,10552.88726444915,0.07358722222222222,0.4318379790940767,0.3991724738675958,0.6013581981590199,1,641,0
0.700755665589989,ISF_2245,0.17518891639749726,0,0,0.2062282229965157,0.10322299651567944,0.0,10552.88726444915,0.07358722222222222,0.4318379790940767,0.3991724738675958,0.6013581981590199,1,642,0
0.3183109706291226,ISF_2246,0.07957774265728065,0,0,0.2062282229965157,0.10322299651567944,0.0,3723.1822026800364,0.042374777777777775,0.2606707317073171,0.2863675958188153,0.26951671835632984,0,1309,0
0.730176897631867,ISF_2247,0.18254422440796675,0,0,0.2062282229965157,0.10322299651567944,0.0,3723.1822026800364,0.042374777777777775,0.2606707317073171,0.2863675958188153,0.26951671835632984,0,1310,0
0.9823389938025722,ISF_2248,0.24558474845064304,0,0,0.2062282229965157,0.10322299651567944,0.0,2679.8010289259255,0.029342333333333335,0.20165505226480837,0.21036585365853658,0.2608480800863392,0,1335,0
1.0,ISF_2249,0.25,0,0,0.2062282229965157,0.10322299651567944,0.0,2679.8010289259255,0.029342333333333335,0.20165505226480837,0.21036585365853658,0.2608480800863392,0,1336,0
1.0,ISF_2250,0.25,0,0,0.2062282229965157,0.10322299651567944,0.0,82.35920338705182,0.0014374444444444445,0.056402439024390245,0.0546602787456446,0.09930901560430255,0,1833,0
1.0,ISF_2251,0.25,0,0,0.2062282229965157,0.10322299651567944,0.0,82.35920338705182,0.0014374444444444445,0.056402439024390245,0.0546602787456446,0.09930901560430255,0,1834,0
0.995374101475922,ISF_2252,0.2488435253689805,0,0,0.2062282229965157,0.10322299651567944,0.0,48.84231365472078,0.0008523333333333333,0.04943379790940767,0.04638501742160279,0.09930901560430255,0,1835,0
0.7949868268395076,ISF_2253,0.1987467067098769,0,0,0.2062282229965157,0.10322299651567944,0.0,38.15447823703289,0.0006657777777777778,0.04638501742160279,0.04333623693379791,0.09930901560430255,0,1836,0
0.587447162987256,ISF_2254,0.146861790746814,0,0,0.2062282229965157,0.10322299651567944,0.0,15.144706016406417,0.0002641111111111111,0.029834494773519165,0.028527874564459932,0.09930901560430255,0,1837,0
0.5353528027497179,ISF_2255,0.13383820068742946,0,1,0.2062282229965157,0.2452090592334495,0.0,15.144706016406417,0.0002641111111111111,0.029834494773519165,0.028527874564459932,0.16391520100777143,0,1557,0
0.6149652879167116,ISF_2256,0.1537413219791779,1,1,0.4566637630662021,0.2452090592334495,1.0,107.29833432100713,0.0018832222222222223,0.057926829268292686,0.05618466898954704,0.6416117074259428,1,550,0
0.7492562267676992,ISF_2257,0.1873140566919248,1,1,0.4566637630662021,0.2452090592334495,1.0,107.29833432100713,0.0018832222222222223,0.057926829268292686,0.05618466898954704,0.6416117074259428,1,551,0
0.8807241039137103,ISF_2258,0.22018102597842756,0,2,0.2062282229965157,0.3079268292682927,0.0,287.00363682955503,0.005020666666666666,0.08950348432055749,0.08950348432055749,0.059446999085218125,0,2028,0
0.7929341741632685,ISF_2259,0.19823354354081713,0,1,0.2062282229965157,0.2452090592334495,0.0,287.00363682955503,0.005020666666666666,0.08950348432055749,0.08950348432055749,0.05750621033962494,0,2081,0
0.27666984852230136,ISF_2260,0.06916746213057534,0,1,0.2062282229965157,0.2452090592334495,0.0,780.6396069526672,0.013084222222222223,0.1297909407665505,0.13632404181184668,0.08554580473727798,0,1909,0
0.9634275025281166,ISF_2261,0.24085687563202915,2,3,0.5313588850174216,0.3477787456445993,0.7924812503605781,10022.875988548622,0.12633322222222224,0.4174651567944251,0.5834059233449478,0.5288716246699464,1,762,0
1.0,ISF_2262,0.25,3,5,0.5792682926829268,0.40331010452961674,0.7737056144690831,10022.875988548622,0.12633322222222224,0.4174651567944251,0.5834059233449478,0.5438344715461578,1,723,0
1.0,ISF_2263,0.25,0,7,0.2062282229965157,0.4479529616724739,0.0,12126.526586448774,0.1537721111111111,0.4568815331010453,0.627177700348432,0.3349165785498101,0,1171,0
1.0,ISF_2264,0.25,0,2,0.2062282229965157,0.3079268292682927,0.0,12877.238213650882,0.15188122222222222,0.4806184668989547,0.6226045296167247,0.4065839450334725,0,997,0
1.0,ISF_2265,0.25,0,0,0.2062282229965157,0.10322299651567944,0.0,9742.698936799541,0.1256828888888889,0.40831881533101044,0.581663763066202,0.4897490006996383,0,856,0
1.0,ISF_2266,0.25,0,0,0.2062282229965157,0.10322299651567944,0.0,2483.9939883518964,0.035384,0.19446864111498258,0.2458623693379791,0.19192429768289132,0,1479,0
1.0,ISF_2267,0.25,0,0,0.2062282229965157,0.10322299651567944,0.0,2483.9939883518964,0.035384,0.19446864111498258,0.2458623693379791,0.19192429768289132,0,1480,0
1.0,ISF_2268,0.25,0,0,0.2062282229965157,0.10322299651567944,0.0,7297.281952690333,0.05955677777777778,0.35409407665505227,0.3588850174216028,0.6170128135632104,1,613,0
0.8780555865402311,ISF_2269,0.21951389663505777,0,0,0.2062282229965157,0.10322299651567944,0.0,7297.281952690333,0.05955677777777778,0.35409407665505227,0.3588850174216028,0.6170128135632104,1,614,0
0.11066065927442482,ISF_2270,0.027665164818606206,0,0,0.2062282229965157,0.10322299651567944,0.0,2679.8010289259255,0.029342333333333335,0.20165505226480837,0.21036585365853658,0.2608480800863392,0,1337,0
0.16913088126387446,ISF_2271,0.042282720315968615,0,0,0.2062282229965157,0.10322299651567944,0.0,82.35920338705182,0.0014374444444444445,0.056402439024390245,0.0546602787456446,0.09930901560430255,0,1838,0
0.269585832989863,ISF_2272,0.06739645824746575,0,0,0.2062282229965157,0.10322299651567944,0.0,82.35920338705182,0.0014374444444444445,0.056402439024390245,0.0546602787456446,0.09930901560430255,0,1839,0
0.10243577968995302,ISF_2273,0.025608944922488254,0,0,0.2062282229965157,0.10322299651567944,0.0,48.84231365472078,0.0008523333333333333,0.04943379790940767,0.04638501742160279,0.09930901560430255,0,1840,0
0.7348578032860532,ISF_2274,0.1837144508215133,2,5,0.5313588850174216,0.40331010452961674,0.6131471927654585,10022.875988548622,0.12633322222222224,0.4174651567944251,0.5834059233449478,0.353039918167427,0,1131,0
1.0,ISF_2275,0.25,2,7,0.5313588850174216,0.4479529616724739,0.5283208335737188,10022.875988548622,0.12633322222222224,0.4174651567944251,0.5834059233449478,0.6220035117266438,1,605,0
1.0,ISF_2276,0.25,4,6,0.6117160278745645,0.429006968641115,0.8270874753469162,12126.526586448774,0.1537721111111111,0.4568815331010453,0.627177700348432,0.26944712579553204,0,1311,0
1.0,ISF_2277,0.25,2,4,0.5313588850174216,0.37630662020905925,0.6826061944859854,12126.526586448774,0.1537721111111111,0.4568815331010453,0.627177700348432,0.24913829548659466,0,1355,0
1.0,ISF_2278,0.25,0,2,0.2062282229965157,0.3079268292682927,0.0,10629.460951216519,0.1428348888888889,0.43314459930313587,0.6095383275261324,0.49607637618935424,0,842,0
1.0,ISF_2279,0.25,0,0,0.2062282229965157,0.10322299651567944,0.0,3638.9216518793255,0.05210077777777778,0.25522648083623695,0.3384146341463415,0.21612591864166575,0,1423,0
0.9315206569968104,ISF_2280,0.2328801642492026,0,0,0.2062282229965157,0.10322299651567944,0.0,3638.9216518793255,0.05210077777777778,0.25522648083623695,0.3384146341463415,0.21612591864166575,0,1424,0
0.29457378878304735,ISF_2281,0.07364344719576184,0,0,0.2062282229965157,0.10322299651567944,0.0,7297.281952690333,0.05955677777777778,0.35409407665505227,0.3588850174216028,0.6170128135632104,1,615,0
0.43789695563174114,ISF_2282,0.10947423890793528,0,4,0.2062282229965157,0.37630662020905925,0.0,7131.01343241334,0.09398622222222222,0.3499564459930314,0.4732142857142857,0.6445310735438835,1,544,0
0.720072170121246,ISF_2283,0.1800180425303115,2,6,0.5313588850174216,0.429006968641115,0.5645750340535797,7131.01343241334,0.09398622222222222,0.3499564459930314,0.4732142857142857,0.5972959238106953,1,652,0
0.6047744399077013,ISF_2284,0.15119360997692533,4,5,0.6117160278745645,0.40331010452961674,0.8982444017039272,12126.526586448774,0.1537721111111111,0.4568815331010453,0.627177700348432,0.7331705702494874,1,351,1
0.9568433562190879,ISF_2285,0.23921083905477197,2,5,0.5313588850174216,0.40331010452961674,0.6131471927654585,12126.526586448774,0.1537721111111111,0.4568815331010453,0.627177700348432,0.21519046890172544,0,1435,0
1.0,ISF_2286,0.25,0,3,0.2062282229965157,0.3477787456445993,0.0,10629.460951216519,0.1428348888888889,0.43314459930313587,0.6095383275261324,0.5094790452995909,1,811,0
1.0,ISF_2287,0.25,0,1,0.2062282229965157,0.2452090592334495,0.0,3638.9216518793255,0.05210077777777778,0.25522648083623695,0.3384146341463415,0.3115752242652717,0,1217,0
0.9988544069711589,ISF_2288,0.24971360174278973,0,0,0.2062282229965157,0.10322299651567944,0.0,3638.9216518793255,0.05210077777777778,0.25522648083623695,0.3384146341463415,0.21612591864166575,0,1425,0
0.13315891234336757,ISF_2289,0.033289728085841894,0,0,0.2062282229965157,0.10322299651567944,0.0,3638.9216518793255,0.05210077777777778,0.25522648083623695,0.3384146341463415,0.21612591864166575,0,1426,0
0.10760772585335199,ISF_2290,0.026901931463337997,0,5,0.2062282229965157,0.40331010452961674,0.0,7515.785712108016,0.10865044444444444,0.3625871080139373,0.5276567944250871,0.4514584632426513,0,903,0
0.636562877953151,ISF_2291,0.15914071948828776,1,1,0.4566637630662021,0.2452090592334495,1.0,7515.785712108016,0.10865044444444444,0.3625871080139373,0.5276567944250871,0.8156764861321595,1,197,1
0.9940941996841158,ISF_2292,0.24852354992102896,1,1,0.4566637630662021,0.2452090592334495,1.0,3354.458249906078,0.049383333333333335,0.23954703832752614,0.31794425087108014,0.6084787307327454,1,625,0
1.0,ISF_2293,0.25,0,1,0.2062282229965157,0.2452090592334495,0.0,3638.9216518793255,0.05210077777777778,0.25522648083623695,0.3384146341463415,0.3115752242652717,0,1218,0
0.45983925327312714,ISF_2294,0.11495981331828178,0,0,0.2062282229965157,0.10322299651567944,0.0,3638.9216518793255,0.05210077777777778,0.25522648083623695,0.3384146341463415,0.21612591864166575,0,1427,0
0.12792262334129129,ISF_2295,0.03198065583532282,1,1,0.4566637630662021,0.2452090592334495,1.0,3354.458249906078,0.049383333333333335,0.23954703832752614,0.31794425087108014,0.6084787307327454,1,626,0
0.20042538061128873,ISF_2296,0.05010634515282218,0,1,0.2062282229965157,0.2452090592334495,0.0,3354.458249906078,0.049383333333333335,0.23954703832752614,0.31794425087108014,0.29531044783975813,0,1255,0
